,g_a_flux,g_a_x,g_a_y,g_b_flux,g_b_x,g_b_y,g_c_flux,g_c_x,g_c_y
2017-02-15 14:18:14.529240,4363127.797466038,39.66028197002861,39.51513221517321,4132821.9104849854,39.63533330705206,39.47665596428455,3679347.972240357,39.57590839390883,39.50450928680642
2017-02-15 14:19:18.961023,4357808.166995514,39.68747273507551,39.488784589878414,4133737.5278277546,39.64725931060828,39.462058009170256,3677634.3949657967,39.59746077536104,39.49880392552568
2017-02-15 14:20:23.220731,4372872.859494406,39.63591661182007,39.55050768113187,4143383.123936312,39.6084584795696,39.502702818248274,3688283.6165978825,39.57810633941193,39.515634432311295
2017-02-15 14:21:26.308946,4381778.484982733,39.61999002610563,39.49153808273094,4146420.477742921,39.59299832879525,39.459044036678314,3694366.685031531,39.584024823362306,39.509393026397944
2017-02-15 14:22:30.000543,4384001.76560649,39.68019385002339,39.49790233643049,4157943.588968005,39.64080654544313,39.46892780841763,3689067.303819976,39.587684989606764,39.49666282906492
2017-02-15 14:23:34.071602,4380935.221673465,39.60251389716341,39.496517344725625,4153335.1364294486,39.58115719693672,39.462304118757146,3682130.027388309,39.56390674687323,39.501308850950984
2017-02-15 14:24:37.927873,4368141.794775627,39.667797546162134,39.51022780313384,4138079.3117034426,39.64440761523738,39.464657905510435,3660538.511072411,39.59036998705597,39.510429589835304
2017-02-15 14:25:41.511239,4374583.616940322,39.609879560510315,39.50318431388355,4138542.4591253656,39.58273360721813,39.457525935154095,3664100.1119463993,39.561195391401554,39.506045769506656
2017-02-15 14:26:45.428008,4394922.390315514,39.72130492669272,39.496646517729,4160903.0627515106,39.68110758161282,39.466144236873596,3679986.592360945,39.6047630017198,39.49303519868042
2017-02-15 14:27:50.522880,4404682.972571076,39.63186119137246,39.51773994576672,4166547.232784939,39.60210652521761,39.4726506656378,3684056.5504727084,39.57970480292119,39.50705352593297
2017-02-15 14:28:53.907003,4406235.008397021,39.656425382099506,39.51142283869983,4163724.573170471,39.62849104263533,39.478462154267675,3682802.5908886436,39.578982209395654,39.50602393524793
2017-02-15 14:29:58.119715,4419723.5057091955,39.62433644526018,39.49789153429516,4185068.103618166,39.58771640700171,39.46076679083232,3702960.4613088975,39.579072935429764,39.502484302966735
2017-02-15 14:31:01.691313,4418302.432442896,39.661954468766424,39.50677034853395,4188700.92984159,39.61964042611533,39.47787716027391,3707483.9329643548,39.58125199627776,39.503476209873256
2017-02-15 14:32:05.840900,4435894.192063019,39.64434965617884,39.47982323429779,4196238.579492411,39.618521459294485,39.448140163480886,3721914.272713623,39.57038969463818,39.486363968021166
2017-02-15 14:33:09.656496,4449439.656690728,39.64286572376431,39.5058269727941,4210256.147129774,39.61390300046058,39.48504848721823,3724790.069902842,39.558738482770096,39.49708516559834
2017-02-15 14:34:12.475163,4453086.129579906,39.64318304963136,39.4968228175748,4218786.667129969,39.61450083940015,39.470762177676434,3739878.7846452575,39.57291238784617,39.502108956320775
2017-02-15 14:35:15.458593,4483518.15772839,39.63196899578211,39.466717060817494,4245732.756064868,39.604748278316414,39.44494003894824,3768474.828921715,39.57981544328443,39.49143034418338
2017-02-15 14:36:20.203400,4491509.242282415,39.647306341782915,39.50302795133191,4260478.596654825,39.6215818611376,39.4717037310349,3789716.072892307,39.56783698267122,39.48462831069726
2017-02-15 14:37:23.039619,4505654.857856898,39.62828785807895,39.465290339528124,4274061.787774654,39.593156151036666,39.45310163865371,3804262.188330315,39.562453250567664,39.495513728172455
2017-02-15 14:38:25.921136,4511400.799656999,39.647542856294024,39.527452657723735,4273115.512787737,39.629228828478006,39.47821182848538,3811036.1757657006,39.58375029704474,39.50541834496168
2017-02-15 14:39:30.342812,4505205.15530633,39.64811304160644,39.50397246997135,4274875.23656643,39.61077112645822,39.475192002684764,3799531.6148547605,39.56785369412962,39.49404107832223
2017-02-15 14:40:34.830366,4528227.33056279,39.61187934304556,39.473620255483105,4291955.896025647,39.5934265639353,39.45689205260665,3818440.064257895,39.56134417554329,39.49143767373039
2017-02-15 14:41:38.352026,4536231.682424442,39.665750786366424,39.488713708011936,4310835.564714778,39.62954498439927,39.4486225236721,3837310.498484293,39.576579230195776,39.48923186404745
2017-02-15 14:42:42.587585,4546731.487298815,39.6205521236845,39.49511635549823,4323433.06503157,39.6079599951307,39.470900565672245,3858129.2774525164,39.56823646705869,39.49848989911842
2017-02-15 14:43:46.497437,4551272.991528479,39.59916610423411,39.49785102757011,4324019.365751159,39.581390449484736,39.45634690136931,3861440.705960584,39.55148045702601,39.49721857819588
2017-02-15 14:44:50.872670,4552085.578806608,39.63481904154894,39.48838487953242,4321691.963244532,39.61944770683615,39.45856025575257,3860726.0993165597,39.57475499386106,39.48425770717471
2017-02-15 14:45:55.419451,4548130.001325123,39.63892361114336,39.51793587277928,4325030.457610097,39.61791087580119,39.48144427263357,3849310.746904281,39.58134830360774,39.516266675243735
2017-02-15 14:46:59.984022,4538575.209229721,39.61607509665326,39.48368205302286,4300968.450567814,39.588406952428436,39.46053938096466,3830609.61296633,39.572735028182336,39.49267113850519
2017-02-15 14:48:02.634625,4534304.205216816,39.62668600116743,39.4894571122658,4306906.921666827,39.603876108448155,39.467755111152506,3827985.701900041,39.56792486766598,39.50758217679183
2017-02-15 14:49:06.820191,4537761.130700716,39.65611446638811,39.47774590239513,4302438.36101619,39.62879215160739,39.43960373979444,3823495.0412874436,39.585317791557344,39.492614556568334
2017-02-15 14:50:11.060659,4520367.221684264,39.66432139458051,39.47528175033092,4279118.809407165,39.65496775989039,39.44724260349734,3799740.33385874,39.58142519656343,39.48434288025495
2017-02-15 14:51:16.020456,4517868.695031827,39.6320676263391,39.524297253859146,4278870.602682951,39.6071129429708,39.48574499816419,3789756.5912258998,39.567476069110235,39.51353181317683
2017-02-15 14:52:19.327936,4498204.208440966,39.633635796747356,39.48741205884652,4248981.903617591,39.625705078942595,39.456912703951204,3751482.2901963578,39.57333637673938,39.500338809557306
2017-02-15 14:53:23.388519,4493912.8772482,39.63861015319713,39.475208143710105,4246550.1507649105,39.61882645307785,39.44187155473616,3747093.4548129924,39.58180743743612,39.48630793524706
2017-02-15 14:54:27.500988,4494178.442950003,39.599057721210684,39.531405121217844,4245706.104395676,39.58751362212337,39.49064176091752,3740605.2502048607,39.547012743822116,39.5112000692635
2017-02-15 14:55:30.952615,4496917.504337165,39.66945634908356,39.470239316266166,4240660.250383512,39.640149625418225,39.449016032960074,3734042.7011520155,39.58817028445638,39.4782726456595
2017-02-15 14:56:35.446145,4497585.574127281,39.637694640364884,39.52474273592547,4243128.383635454,39.61348368638881,39.48743462085709,3730175.660607196,39.584060372883705,39.516303655999444
2017-02-15 14:57:39.922811,4481748.817140661,39.579498097029415,39.475218970960526,4229123.263143953,39.55406925135949,39.44111923080535,3716623.074414712,39.54833744062533,39.48735625360839
2017-02-15 14:58:43.963316,4479931.376672897,39.69458286275892,39.47467721727843,4235795.824345332,39.65659728829638,39.4322825920294,3724747.9113980876,39.5935987055777,39.4883304486836
2017-02-15 14:59:47.984029,4482083.892516505,39.65515860851563,39.50811216777336,4228926.085129259,39.62460068313986,39.476696915839135,3717942.6350932503,39.5846344273682,39.510267627736155
2017-02-15 15:00:51.666514,4486391.252700756,39.586886022020515,39.48663157319084,4230224.720314241,39.58307545037146,39.44543281951786,3713806.294785466,39.55681701931511,39.50106423200074
2017-02-15 15:01:56.149029,4462655.154256659,39.65633403996628,39.482395298571916,4206946.178733213,39.633924075535006,39.460873408025186,3688313.593471265,39.579182157378256,39.48265251328999
2017-02-15 15:03:00.671601,4459182.763639792,39.64866747522126,39.48947822664982,4205154.815193128,39.606301952708016,39.453400825918045,3676602.670416442,39.582232502767916,39.49209160826126
2017-02-15 15:04:04.743220,4457420.766002519,39.6345146008648,39.46897032284519,4191343.1135034366,39.597928976595945,39.44164563183559,3668916.080241325,39.568367974816496,39.49232927607919
2017-02-15 15:05:09.055967,4451767.125373166,39.68495580799701,39.490285795439284,4190746.1734393416,39.66374184540158,39.45651654847902,3663920.441108172,39.59337664189541,39.48855722283334
2017-02-15 15:06:12.894362,4443673.04364968,39.65426083842432,39.47408446589268,4184130.9044182817,39.6235503613779,39.445706159570804,3652191.479259461,39.58147502539693,39.485362457755684
2017-02-15 15:07:17.203005,4443887.843944766,39.651432620654084,39.50052998344381,4181977.206860429,39.63758699862029,39.45752751185019,3647646.713234249,39.58940417908602,39.505093665577846
2017-02-15 15:08:21.698638,4435791.800505203,39.646219274210225,39.502381456921455,4168244.114735059,39.61108179466926,39.45215907006893,3634648.7894464997,39.578347892152316,39.494419447357835
2017-02-15 15:09:25.549194,4431750.375495096,39.61460470540568,39.48047449432425,4156583.397054484,39.60782409605901,39.452763157358554,3618024.0968618058,39.55627055713305,39.483572569325375
2017-02-15 15:10:28.280740,4422429.06446475,39.63834528798248,39.48184811497273,4144697.3451827005,39.605249808681975,39.4494866021355,3603445.7659029523,39.56462668340961,39.490289256145395
2017-02-15 15:11:32.857906,4400579.963418332,39.65957283437188,39.47115959865862,4123908.272967612,39.64175592582627,39.43509928275188,3570701.2267578375,39.59942203301027,39.48129035425465
2017-02-15 15:12:36.433773,4382238.034512714,39.68291639844816,39.51071155780393,4104656.507286045,39.654400647286046,39.467548353340696,3557051.900364098,39.59776838579659,39.49929613775642
2017-02-15 15:13:40.202450,4379867.915142154,39.55679468644791,39.45470799980083,4101774.496209019,39.55234754927828,39.41787232999007,3548048.990915664,39.54829622431813,39.46891822257657
2017-02-15 15:14:44.571906,4368748.857908826,39.700795498524805,39.47624082882798,4087604.819445934,39.66519607705658,39.4463496352355,3522776.8146481877,39.605725648509065,39.49634984017398
2017-02-15 15:15:47.796409,4360408.723112568,39.64803727655727,39.5163609044855,4075767.7177739562,39.61540664426511,39.47932415229021,3514166.3342711413,39.59313761422777,39.50677516051845
2017-02-15 15:16:52.887005,4356263.02193276,39.65043412503554,39.44920995582659,4070245.610407557,39.618878288147805,39.42561763516425,3499239.45274413,39.58322910730015,39.47894249076933
2017-02-15 15:17:56.790773,4350244.484332828,39.7469196185063,39.512927119509584,4067223.3612096626,39.70752545859931,39.46859663694443,3498499.4963812213,39.626431536669386,39.501797426969574
2017-02-15 15:19:01.629156,4349188.622417392,39.656536985939866,39.48599510836055,4062537.599057167,39.62188442534705,39.447290379538586,3498700.168722205,39.58743279239794,39.49165361462653
2017-02-15 15:20:06.143787,4348765.658248879,39.676463716605475,39.46861792262481,4059001.5844053477,39.654250086576425,39.43652712411182,3488305.497037779,39.59341623394494,39.48504087959195
2017-02-15 15:21:10.505452,4330857.547928644,39.67155930643785,39.47531686061918,4043609.6402724693,39.63280886322613,39.440211016033224,3467955.9889876316,39.59897816618297,39.4839523439342
2017-02-15 15:22:14.275880,4327868.989727642,39.64389178216177,39.495660045886524,4038569.6786291692,39.62255821555588,39.46712702537202,3462383.0701258946,39.572923849362645,39.490741339184424
2017-02-15 15:23:18.397564,4331604.995434337,39.621448468226355,39.51184144059299,4040088.4688083804,39.6067166690191,39.47479555427899,3464990.0626608254,39.56996403211738,39.49651123693462
2017-02-15 15:24:22.490193,4329571.025869244,39.66197716571899,39.48476740179215,4038599.999171827,39.635284949526124,39.450345565816406,3461011.218351899,39.58718463520607,39.490301136955075
2017-02-15 15:25:26.976506,4319599.9238508595,39.69995893068249,39.492547124370134,4030875.683332882,39.66315022269429,39.44622696572676,3449985.871989043,39.61293311484602,39.48464217914128
2017-02-15 15:26:31.482056,4316282.294542838,39.67097287604954,39.44251231773238,4022868.4498921377,39.62962581347176,39.419130643859575,3446247.260605642,39.58756395535654,39.46879299007461
2017-02-15 15:27:35.833687,4333581.333693158,39.66381657142279,39.520965081815014,4043245.8763803723,39.63357773238829,39.47464615734898,3461447.6844967706,39.58830228187815,39.499013615176175
2017-02-15 15:28:40.173571,4333594.762680009,39.63412929487445,39.469865702470905,4041794.1382171502,39.61771212119007,39.42437506212047,3468258.67721821,39.56424820501501,39.47727786521384
2017-02-15 15:29:44.151907,4325474.111489678,39.66946077051083,39.49774064171722,4039584.87310695,39.61773378458573,39.464022556817426,3461300.3631993895,39.581584109177044,39.49040277457621
2017-02-15 15:30:46.807420,4321306.156816379,39.69892908631739,39.43307570510436,4031741.3649094673,39.67358260943415,39.410605624241676,3451430.551129169,39.60636630610424,39.47254772100388
2017-02-15 15:31:51.449055,4327395.199173804,39.65774010997948,39.53808086106388,4035371.4958094247,39.647448884323396,39.48169947232168,3456561.8685457055,39.59278320000944,39.50615512251442
2017-02-15 15:32:54.907590,4319343.56351877,39.619673843447565,39.47533470853843,4025638.127105144,39.611880980389195,39.43670800018785,3446940.8907712186,39.574814050671336,39.47692728047387
2017-02-15 15:33:59.370126,4306141.259265069,39.69683683015961,39.488798399019565,4017488.5782418735,39.660305354965544,39.44792801270043,3428101.23360902,39.59914734979495,39.48589563079582
2017-02-15 15:35:02.164660,4290770.714750829,39.711875175938204,39.46800474790778,3990371.682343185,39.66861374570903,39.43335652788004,3403023.9882651614,39.608679969435805,39.48253616140309
2017-02-15 15:36:06.284274,4286578.836274531,39.61771477310374,39.49517472136705,3987990.8612612933,39.594568552226484,39.42905794958985,3403022.7035531425,39.57999543295953,39.48814399194634
2017-02-15 15:37:09.062743,4273654.671032894,39.66616367939471,39.496306655972894,3971597.577373416,39.64352332228218,39.47393432377909,3372584.0606051125,39.59614834728405,39.49688438635176
2017-02-15 15:38:13.408177,4265678.6818434,39.677985577223005,39.47176448639192,3967731.264779828,39.65125609118556,39.43380902825584,3370683.3799833586,39.596806693828036,39.490950064702545
2017-02-15 15:39:17.934821,4266823.043978496,39.639258451610615,39.49364501734031,3966191.819815176,39.61813058022658,39.45388378195059,3370688.7467637206,39.58102380826117,39.48675388183717
2017-02-15 15:40:22.089316,4255398.940023089,39.67279648917314,39.46382904154984,3958375.5063351407,39.6390758554384,39.422981411151575,3361998.2852609577,39.5857795890458,39.47891142412243
2017-02-15 15:41:25.325063,4248593.3890120955,39.69901255323443,39.49701356356109,3952387.3805246865,39.663573410176944,39.446800912972606,3354788.159797238,39.60451498106955,39.500973753475904
2017-02-15 15:42:29.369416,4259087.170169708,39.653407446111224,39.48220853430024,3956855.911823255,39.627631369260016,39.44300696146035,3360562.5101961037,39.573556000648516,39.491063238163676
2017-02-15 15:43:33.789042,4253140.361776148,39.6923069751985,39.48140719204602,3955967.2270104513,39.654319295652314,39.43061911491222,3362564.563429133,39.610976446007946,39.48513885254076
2017-02-15 15:44:38.225552,4252367.920140254,39.63107879596299,39.49398977581158,3950750.473185311,39.610550536016824,39.45568646430001,3353461.222093623,39.56845898920955,39.496370948952794
2017-02-15 15:45:42.409280,4238509.437521225,39.68481119576874,39.46643826195783,3935170.498494506,39.657365426726855,39.43399140693586,3336924.4743357636,39.603945475322256,39.48217998120732
2017-02-15 15:46:46.642812,4239259.9375933735,39.650041318525105,39.48594893466353,3937412.980560882,39.62028940459556,39.46042244223668,3339490.391785606,39.585677978097365,39.486932505165726
2017-02-15 15:47:49.472272,4240431.477040412,39.65921439786452,39.465471136623464,3939072.3647222095,39.650735218229,39.43314085892229,3343498.481963854,39.59739190034454,39.4776679774101
2017-02-15 15:48:54.060797,4240715.617783235,39.662453645601566,39.525429883955695,3933834.9550283626,39.63585200981641,39.48071756154394,3340298.574167779,39.591518906738926,39.50004999007406
2017-02-15 15:49:58.467672,4243464.794950236,39.62833554466995,39.43687648782885,3937568.944734363,39.594197345973285,39.40900958006025,3344363.924148903,39.56911267316492,39.47356206755655
2017-02-15 15:51:02.748147,4238150.907864219,39.68973750421319,39.492327620035155,3933004.7106978977,39.64322597258087,39.45971045610194,3335131.157019713,39.60373642936798,39.494416049223894
2017-02-15 15:52:05.512521,4231421.603690499,39.67171549376304,39.48002930487454,3916575.846719124,39.64833396274593,39.450378955261215,3319318.999902426,39.60259736650863,39.48703360819028
2017-02-15 15:53:09.949168,4224927.529248223,39.670736145361474,39.49151546101587,3905658.2585076406,39.63181375513057,39.45087628071097,3311338.281906236,39.589723707398164,39.49476939058795
2017-02-15 15:54:14.594618,4200144.669520937,39.655591283708944,39.45131762627666,3887731.3888712325,39.6329197909181,39.41193530197221,3288146.2531852555,39.59512139659609,39.47034451689596
2017-02-15 15:55:17.371195,4203578.145537058,39.66537524629103,39.49948996230016,3884766.6886734646,39.62534438259083,39.457230033986825,3280064.390104577,39.58806418054987,39.49316372845582
2017-02-15 15:56:20.940681,4204445.149356553,39.66325641394443,39.48434316174408,3880957.2616208214,39.64050685540287,39.43647859386133,3284057.5987187037,39.58417933812203,39.48399731393785
2017-02-15 15:57:26.043337,4201366.934631777,39.63642072880682,39.504503930421,3874581.599435529,39.61686386526811,39.44045724280236,3275478.4929618905,39.58109800482108,39.48618732729712
2017-02-15 15:58:31.051383,4205838.683666366,39.65386343783872,39.48027236636965,3880153.6699379496,39.62007950621372,39.43898071125886,3280242.5298954435,39.59475460592501,39.48223334468934
2017-02-15 15:59:34.598658,4187799.0658710664,39.689107881322016,39.506769051673835,3863112.2272391743,39.66852129017615,39.4521097333377,3259767.2298281253,39.60146679508484,39.50406042039091
2017-02-15 16:00:39.057026,4174765.374143536,39.671250606607934,39.4838499185777,3845058.3958614133,39.63374320338075,39.44068827740163,3235336.635034316,39.59748491355104,39.48569940064922
2017-02-15 16:01:41.905635,4161753.4067044724,39.618311437592915,39.461527919518566,3827445.869291749,39.606522138805005,39.41783684730065,3221083.55283774,39.577737462590115,39.471982875351756
2017-02-15 16:02:46.268084,4156957.913794149,39.679900838230466,39.51049385250311,3812411.1553342864,39.650610952389364,39.451160051429696,3204634.590746237,39.589151836623195,39.5024271096999
2017-02-15 16:03:50.315772,4150970.5173535496,39.68847758900221,39.43417724483692,3814511.711993136,39.67162482861441,39.398442892901016,3205457.5555010354,39.61386003524954,39.4646181160945
2017-02-15 16:04:53.169337,4152937.445400334,39.66678470836937,39.55104835187356,3812031.282253592,39.63057720653856,39.487079813984806,3204392.9298419384,39.5912573698772,39.528518460864426
2017-02-15 16:05:57.128162,4144002.791776427,39.68943718048357,39.435741061889566,3807218.7287027948,39.6569606312942,39.40003264105,3198594.5667531216,39.60382835231436,39.4636960197936
2017-02-15 16:07:01.320383,4131010.6828393843,39.63554406958389,39.524521339831125,3795643.2299055224,39.62478871088726,39.4720314810167,3186796.9304474136,39.58984152386885,39.51174399407268
2017-02-15 16:08:05.770986,4136536.1069187718,39.66890467443236,39.44081678929927,3799521.5698037725,39.63941092169834,39.38338425773249,3183339.995996163,39.588863233265364,39.46905609931429
2017-02-15 16:09:10.174494,4126831.334292599,39.668410580996756,39.560166124194524,3786054.784946069,39.64884563857692,39.49604301611638,3172402.622764843,39.59858136026605,39.52238691519014
2017-02-15 16:10:14.474967,4118833.7665454186,39.67716787030529,39.40867313009463,3774466.6287331423,39.64029390193874,39.37329994774426,3159378.7106936816,39.60525340214732,39.45080268820712
2017-02-15 16:11:18.521613,4119958.5980996797,39.717977843150706,39.48690982429507,3774140.438692904,39.6808044299895,39.447213953648436,3158436.8849230567,39.616610565564926,39.48323750260828
2017-02-15 16:12:22.728082,4117482.5026708515,39.6714116615839,39.46978865198915,3770654.845950121,39.632064379767456,39.42129151422084,3159446.2067784974,39.59732751183707,39.48294904161582
2017-02-15 16:13:27.296684,4114540.2668313184,39.66446500106624,39.53960778548676,3764779.442690502,39.62470307445308,39.4702289782523,3151033.165576688,39.593563258050246,39.50537435010339
2017-02-15 16:14:30.211392,4106311.4900947046,39.631896289939284,39.47678184186187,3753060.173239165,39.62449104792221,39.426006772177004,3135403.4563315865,39.58536802257315,39.46287804251806
2017-02-15 16:15:34.471807,4099137.939028019,39.6873837671361,39.48190445831114,3753261.9202987254,39.63671468176284,39.426102509739,3136987.3943398814,39.60642224895258,39.4980052802293
2017-02-15 16:16:37.161456,4098834.667317599,39.648615465628794,39.50677481212443,3746905.085217593,39.62987847517368,39.45381056255418,3126740.853270741,39.594899462277574,39.48380599604655
2017-02-15 16:17:39.793796,4093756.021857179,39.66841093959263,39.42001383791934,3742304.508458791,39.63720221293945,39.405051668311124,3124118.2572811656,39.605026380078584,39.45089620053834
2017-02-15 16:18:42.458422,4086582.2386331093,39.673487929649205,39.53740076989395,3735686.849460466,39.65313626768088,39.47807854475961,3111999.136419818,39.59911217823819,39.51519499520935
2017-02-15 16:19:46.670866,4052817.5963614234,39.639208128503334,39.500758724118825,3696493.0517447647,39.614973777718085,39.440230354346326,3068502.365169771,39.58640305811822,39.49466004219372
2017-02-15 16:20:50.147405,4059209.734040075,39.72135451220288,39.470436347568764,3703546.250760179,39.68691788732889,39.422461276040664,3075047.601918434,39.608817146745956,39.47476604367737
2017-02-15 16:21:54.600318,4054012.905446865,39.645131253424125,39.51247044500398,3700283.024578699,39.64154701032871,39.460912643066564,3076973.9203217356,39.59818779327626,39.50675054946698
2017-02-15 16:22:59.121556,4048357.1768858926,39.664722398751664,39.4353433911878,3692692.9158705203,39.640642516366455,39.38946621760332,3061419.7894480694,39.5952848112561,39.45607604857135
2017-02-15 16:24:03.228117,4059481.227994466,39.633904843905604,39.50742038070752,3700213.68350376,39.61965488683334,39.45385666308726,3075243.1820080504,39.593711439114124,39.48478025621018
2017-02-15 16:25:07.626737,4051347.6080934,39.72621662437507,39.463377495017,3701196.2065741136,39.68302280121222,39.422940879449506,3076095.8619926516,39.622562625529255,39.47716872669586
2017-02-15 16:26:11.776126,4050699.079732406,39.637475643898405,39.5054284249871,3692007.1916741473,39.62058477948214,39.452102435226955,3068172.3762271423,39.586718334118856,39.48702008750636
2017-02-15 16:27:16.025683,4047792.0919534173,39.666306210656266,39.4529223423487,3686260.1982471487,39.65118145961982,39.40604892573529,3062227.4136558175,39.616741093438485,39.4682145031705
2017-02-15 16:28:20.015244,4041336.1682366617,39.66283558388602,39.47309403294927,3682007.33513052,39.64474899997807,39.42621636247054,3055700.117507827,39.59516904814376,39.47483736272643
2017-02-15 16:29:24.317806,4036569.623386642,39.681736671212455,39.513382879884375,3680075.6107973293,39.6580995763428,39.4392524546891,3048104.574399745,39.61038502003673,39.49129196225085
2017-02-15 16:30:28.932625,4034928.556426882,39.68012092556678,39.53665365247553,3666519.2383005884,39.64668456955703,39.47047216651996,3045784.144612583,39.6140498566364,39.49914424435194
2017-02-15 16:31:31.606272,4024631.3771540327,39.67225108562031,39.45854109658796,3661472.8506478276,39.64295746165123,39.39551881134767,3031223.725569848,39.610212473151215,39.459583303847246
2017-02-15 16:32:35.998641,4025799.578135392,39.67355296365879,39.542005604456314,3658143.196925129,39.64911542595724,39.46614670587652,3030214.0468846075,39.60476527335591,39.49776935046369
2017-02-15 16:33:39.050111,4025344.2880448666,39.66835548513839,39.42299974786216,3661290.152713403,39.641150131562235,39.39115392796948,3027270.0428937087,39.60260129890939,39.462717739845225
2017-02-15 16:34:43.240607,4022443.665363228,39.672989873409584,39.52212201598969,3658817.679285316,39.643264436016146,39.45806918487565,3028082.1767833475,39.60714965011006,39.49400244959878
2017-02-15 16:35:47.632303,4022388.2366359746,39.664422670334176,39.484806003151895,3665237.16807531,39.64608757591591,39.41944947978819,3026519.6688685985,39.601680696989455,39.49347593799297
2017-02-15 16:36:51.970660,4016858.379273139,39.67527978015725,39.53238361396307,3653809.399140275,39.65341954670716,39.45827844487888,3024111.1699127154,39.601860311177205,39.503041759332746
2017-02-15 16:37:56.307297,4013275.7017957726,39.620065358248645,39.4309283781793,3641777.230925683,39.61384171444434,39.38768831176147,3011175.853817055,39.583366726846144,39.45967344519944
2017-02-15 16:39:00.496887,4004736.8150291466,39.70148216463766,39.50930435641183,3637492.102676928,39.67281016950683,39.45607175372426,3003698.9507676666,39.61751490826289,39.49736774314551
2017-02-15 16:40:04.038349,4001653.5251960317,39.667449680417505,39.45722350157534,3630630.016467804,39.64000748989701,39.42080426133497,2995379.410271072,39.59223242684701,39.46693410152885
2017-02-15 16:41:07.907013,4006571.7376024015,39.62380955430011,39.5197318294259,3640326.612562107,39.59927582820854,39.47474727093366,3002059.7825952624,39.579304760998056,39.50153177363589
2017-02-15 16:42:11.699441,3998089.934070869,39.672962771562275,39.47063229369093,3632708.0994261294,39.65309999301785,39.43379126448996,2998973.004720116,39.599041029348,39.486470686619995
2017-02-15 16:43:15.860142,3995282.0750122042,39.69979107321853,39.509399148846285,3635233.43688761,39.670927443163194,39.45620802966879,2998208.496330329,39.61547690204769,39.49222922449603
2017-02-15 16:44:20.134802,3999229.274323606,39.63130806880783,39.45825925411972,3633460.0369439023,39.61024949979092,39.40242752761514,2996314.512691004,39.59802713835391,39.47433066268996
2017-02-15 16:45:24.364143,3990563.0223906436,39.658200280838116,39.502843735498004,3617248.9730921295,39.639888182206846,39.457280827365096,2977826.559561929,39.598825447825654,39.48725852306366
2017-02-15 16:46:27.503860,3982911.921827943,39.662921722626535,39.44801135766828,3613831.8834344046,39.64230614560345,39.41117561848041,2978052.867778333,39.589836101022776,39.4787147202766
2017-02-15 16:47:31.772309,3984095.1995808356,39.6549907248072,39.541776106284914,3610590.4813624984,39.63204439760767,39.489660278122976,2969152.7798075452,39.604705468819446,39.51491081817102
2017-02-15 16:48:36.101832,3970842.901871781,39.650157161019784,39.43719945829284,3601425.108376843,39.62763357157473,39.394015549130806,2955433.145068298,39.602565189647166,39.45793313515173
2017-02-15 16:49:40.157510,3970072.1421802635,39.67986023264999,39.517938988095615,3598496.1547604846,39.649684522050066,39.44833148857205,2956441.10576035,39.60881702706324,39.491643036042575
2017-02-15 16:50:43.230920,3963216.497508455,39.68566910713817,39.53772344077399,3594267.9643007396,39.651470712483274,39.48465572614834,2951033.479084854,39.61381464660115,39.51237163981648
2017-02-15 16:51:47.513483,3961121.172745486,39.629935208200955,39.43593881194199,3586917.9265152626,39.619845876251965,39.40002233870272,2949473.0949935606,39.59523331746896,39.47932838972449
2017-02-15 16:52:51.569066,3963779.73535469,39.821059054692036,39.459660898154695,3589000.0568166217,39.7580646258175,39.41646385221231,2943869.106313059,39.67012282851152,39.47591242098583
2017-02-15 16:53:54.901674,3956752.6978215347,39.64967525527826,39.51650417429906,3589508.536807632,39.634452412480485,39.460993907454665,2939082.767796659,39.59599340537275,39.495952479779156
2017-02-15 16:54:59.825936,3945858.960266513,39.68528234695641,39.42470162287816,3573836.8051046757,39.66243653299283,39.394831028306605,2930711.987794587,39.6288316546856,39.45247345215797
2017-02-15 16:56:03.997776,3941312.2115161214,39.62573246040629,39.56359979002991,3561411.1707641226,39.623676043766466,39.50213029837406,2921080.426102389,39.594895486367214,39.518337045185085
2017-02-15 16:57:08.218390,3937765.602590887,39.65533917146955,39.46075100824249,3560836.194579523,39.63310324474621,39.395481963415364,2912839.0987176206,39.59987986265071,39.47478169632334
2017-02-15 16:58:12.723093,3944048.37792479,39.665287718059254,39.550124392545094,3564740.052939238,39.62658154022928,39.47436500588611,2920415.581731622,39.59847129728008,39.50091149425247
2017-02-15 16:59:17.057543,3930365.5293514053,39.67396796365216,39.4464314207593,3548216.89807656,39.64059032233924,39.396993254325245,2899989.8242490916,39.60240312222444,39.46641696687776
2017-02-15 17:00:21.279179,3924499.5072537716,39.62428352998325,39.46568529225441,3543966.945184175,39.61346486404209,39.41778227120332,2891005.29667455,39.579530244174286,39.480652488844456
2017-02-15 17:01:25.677793,3920162.882682965,39.66252166128941,39.49857579459196,3534145.430186768,39.65365781581747,39.43327427526905,2887175.660765302,39.61979058030538,39.494807208813484
2017-02-15 17:02:29.570183,3912248.938570521,39.624729776282976,39.54664427196109,3530628.125572306,39.60821764992426,39.459297387691386,2878538.5303439843,39.60724509748427,39.507341625571144
2017-02-15 17:03:32.879731,3924722.2869022693,39.697829244697786,39.511024386160244,3537010.9729216592,39.67181422384339,39.43440369038002,2886196.1064130724,39.633831873583375,39.49288089849719
2017-02-15 17:04:37.692350,3922889.3745786585,39.6348215047991,39.45335788940447,3541354.046709181,39.63007852385876,39.40022159341694,2891028.232015797,39.592262727659985,39.47311348326978
2017-02-15 17:05:42.018006,3917421.608346347,39.676591983368155,39.54327915968712,3533019.646032556,39.6375344978532,39.47271233707353,2888385.436837513,39.61746150178367,39.52196924539696
2017-02-15 17:06:46.168331,3909342.452816076,39.64777588214846,39.4535009427556,3534161.813362194,39.63514123844558,39.40237090941918,2886320.0871079415,39.59459151925634,39.45815073995952
2017-02-15 17:07:48.854093,3911317.680556314,39.651813088840754,39.49397517358315,3537928.9249274,39.62730289305428,39.44347122027601,2889555.0636945353,39.602952760704504,39.491503249811586
2017-02-15 17:08:53.289549,3921901.93004521,39.64823842985368,39.4331262676511,3540790.7106753094,39.64138250434047,39.383850020174066,2891404.574293533,39.59108341800874,39.46010533360569
2017-02-15 17:09:57.784038,3914443.4173669866,39.67185085144713,39.60205293419361,3537309.097275653,39.63569804376855,39.52241527745756,2890915.6480630385,39.599604530235496,39.531141028389456
2017-02-15 17:11:01.942563,3906155.920994966,39.6757208162091,39.441372118360306,3533125.216583594,39.66359870093525,39.383343205553764,2887125.644260978,39.61098635711686,39.469675958848676
2017-02-15 17:12:05.542097,3913862.005043105,39.62305585535778,39.52920823753363,3541514.286869214,39.61485186132538,39.45265521456584,2890611.4707267163,39.59062428828731,39.49829533282254
2017-02-15 17:13:09.706870,3908866.248432735,39.64673852745896,39.48669901727524,3532164.9762028987,39.63984651666579,39.45226103521927,2886677.2853343654,39.59673587329543,39.48393947387107
2017-02-15 17:14:13.793352,3904367.692005858,39.71160338532792,39.52042625827162,3527124.7477022405,39.67931053923516,39.44386330569339,2877908.268648752,39.63537209706262,39.496795972613036
2017-02-15 17:15:16.566759,3902684.7943711327,39.56244895493942,39.5304960871701,3522910.858196738,39.56011050302783,39.46120914099937,2872594.947513857,39.55403101924725,39.49945222421287
2017-02-15 17:16:21.009492,3908043.4836871,39.627223038421,39.42621189357051,3525456.136847558,39.60805876664095,39.37445858686493,2873304.7177975494,39.60194862804161,39.451608809817074
2017-02-15 17:17:25.485881,3905007.5181786856,39.61586263732515,39.58385889807579,3523344.707231963,39.603533378750356,39.50395164152348,2875562.4424676877,39.58944876946955,39.52591991598872
2017-02-15 17:18:28.602473,3905962.467507518,39.664987530324446,39.418747910837176,3528947.1358389137,39.636631459561755,39.364257762399845,2876367.394204054,39.603420377818054,39.459550519505996
2017-02-15 17:19:31.817962,3906246.5130494973,39.62168898392062,39.57216192736185,3534625.1513102343,39.6159980896397,39.491420778200364,2880263.223658762,39.59276533183994,39.51963945662215
2017-02-15 17:20:36.129712,3901424.858396648,39.64971670296865,39.47291210813631,3525159.5787641797,39.63010562579562,39.40108108051808,2876097.8184811915,39.60092027192006,39.48677538541316
2017-02-15 17:21:40.365272,3892012.7085061343,39.68417383768945,39.504502722822814,3517297.460082602,39.65162425726327,39.45297466893156,2861521.840099385,39.61366810456988,39.49921690396717
2017-02-15 17:22:44.794661,3887677.5870764363,39.60465782397243,39.45347168595715,3516799.184375178,39.58531080571877,39.39947611464538,2861682.481041506,39.57282164964638,39.47381093124582
2017-02-15 17:23:48.960214,3888228.727336937,39.68988386692434,39.550594744784625,3511254.699406487,39.68515311141719,39.47601312010878,2859709.7766901106,39.62561083754403,39.516508643085444
2017-02-15 17:24:53.331954,3881202.3113385728,39.58207214195512,39.54787728617427,3502974.951628099,39.58965113348968,39.47840228032749,2849710.059545014,39.571236628014105,39.50516287678787
2017-02-15 17:25:57.770346,3885987.089346119,39.713275121982726,39.47294291287722,3501632.3399646487,39.7052336511481,39.408200013076794,2846615.8367726672,39.62592522811135,39.48141549173578
2017-02-15 17:27:02.027913,3880814.2877192255,39.61568187102589,39.51775260257059,3496760.265208149,39.60617340445275,39.446363176423965,2837877.555086501,39.57664971956329,39.502878922297846
2017-02-15 17:28:06.451770,3879396.739307557,39.551669262363546,39.494696319644355,3502462.756116326,39.57597835498782,39.44076482081469,2847525.2754789423,39.554899499910675,39.48608380175294
2017-02-15 17:29:09.245134,3875047.9533597073,39.62290247990773,39.436031661311695,3491901.150299497,39.61176351375047,39.38879173231873,2837392.7678841613,39.589346790591435,39.48214637995433
2017-02-15 17:30:13.037703,3877151.8703463282,39.64036569017775,39.53330561108221,3496568.0164959254,39.61877402654728,39.46250324689204,2840464.320667207,39.60039537480556,39.5019989941491
2017-02-15 17:31:16.139051,3873946.4574398044,39.60372484805921,39.4623994785487,3493998.750613111,39.5962766604347,39.40979569885635,2837983.37250353,39.59031774236475,39.47808323988407
2017-02-15 17:32:20.457630,3870936.3281694427,39.611967977687335,39.53985778351625,3490388.646774585,39.58964872871399,39.47329593748808,2837291.2157270443,39.59036362361649,39.48982532045821
2017-02-15 17:33:24.727169,3868501.0773381083,39.665450597598515,39.483627495030994,3493088.649842034,39.63230069215496,39.416754527941706,2830023.439059094,39.606519025634704,39.49637966137301
2017-02-15 17:34:28.975734,3862224.533710419,39.63165944841933,39.47633819978172,3483291.2826974085,39.62094206449843,39.42995597305982,2825231.225329424,39.61006620753256,39.478028261118574
2017-02-15 17:35:33.521356,3865021.0297897486,39.59595749004727,39.54400413069149,3480114.106086472,39.59722283033813,39.48212531492997,2821252.1340028374,39.57817237890761,39.511360090219206
2017-02-15 17:36:36.427828,3854995.694749631,39.598519667612756,39.43328321053816,3478083.294798134,39.58142912810705,39.37276499326139,2813665.9022677904,39.57493970861591,39.451900512024956
2017-02-15 17:37:40.313441,3860660.327976362,39.672437048671284,39.515980982066786,3476693.3878664663,39.66265846318082,39.4429412483824,2815111.74521129,39.61799060544193,39.47570805178823
2017-02-15 17:38:43.772927,3854260.471171229,39.57987850897655,39.50880475765187,3471637.9309901865,39.57134424711449,39.445889763486356,2810157.3283152226,39.57429713109305,39.49814085187999
2017-02-15 17:39:46.796640,3848800.7479239306,39.62121468857921,39.46641235911267,3461945.380689619,39.61224670047848,39.40290752732365,2800406.704241334,39.58950896658221,39.47048537272836
2017-02-15 17:40:49.915152,3851755.8330886085,39.60228274169396,39.553659047002434,3468723.335104617,39.59972018478049,39.46138881311451,2802142.8932813634,39.59103436233329,39.50589167942543
2017-02-15 17:41:54.280544,3845449.933140392,39.62575839124429,39.46119537251758,3462919.1796528893,39.62388963736696,39.40782671043111,2800850.6472706413,39.60518235820747,39.477089252838766
2017-02-15 17:42:59.063143,3848322.858821108,39.57951031211629,39.45523380956659,3471210.5767453862,39.57402211620434,39.4016540077511,2802535.7153652417,39.56102044750987,39.47044780214246
2017-02-15 17:44:03.366883,3843958.4978305884,39.65145827520848,39.54586012815007,3465738.954016185,39.62559709428762,39.46363349366845,2801628.588622229,39.59544073776247,39.50600535579978
2017-02-15 17:45:07.823252,3844195.4716774067,39.6527746280945,39.48369024557013,3461294.382101518,39.63079870507681,39.42647133695689,2800172.629925114,39.60161750463577,39.478324297300134
2017-02-15 17:46:13.553185,3841503.0493469844,39.606949481778415,39.540881034277014,3464519.5525765214,39.600827778288355,39.47391193273631,2798652.6735182414,39.576281149039914,39.495526192023775
2017-02-15 17:47:17.785419,3837239.9146188213,39.6137678856477,39.449584268569616,3462319.1822102275,39.593677410119255,39.398128082771514,2794916.6572942054,39.59601976456946,39.4707680875188
2017-02-15 17:48:22.289037,3829769.7087675165,39.630664537310125,39.548123497535045,3447426.943164521,39.62892773863977,39.489975198320664,2779490.6479843175,39.59906580819346,39.507998836181166
2017-02-15 17:49:26.423548,3832965.923160917,39.5793015512587,39.505320813264944,3448843.7746832594,39.57352229677526,39.44561514324477,2782097.4860785725,39.57700384150581,39.49283650498249
2017-02-15 17:50:29.109240,3831393.2299991557,39.62829372537343,39.45189132024495,3448625.457773403,39.6199961051576,39.397450558881644,2780453.503176781,39.604141763637166,39.47417746419451
2017-02-15 17:51:33.109606,3827295.759162252,39.631038176805376,39.48967225884327,3444568.1837479505,39.6203972288701,39.4141462114889,2776496.1957551613,39.59437902702613,39.47631148449978
2017-02-15 17:52:36.136251,3825640.8519404214,39.582517472625796,39.51013183166263,3444610.4537031106,39.56607435062632,39.43285513638705,2771508.834620695,39.576913121121464,39.49348220269333
2017-02-15 17:53:40.156816,3818470.079252652,39.61399374012454,39.50350781460025,3436281.8435079884,39.60967554554675,39.43789036033741,2765075.8731275704,39.60506348829602,39.501384306733335
2017-02-15 17:54:44.684390,3818254.9396106675,39.675220154752466,39.50097813837438,3435888.1225770013,39.64923750229129,39.443499354867114,2764479.055287877,39.60699192464565,39.481085982627064
2017-02-15 17:55:48.896811,3820354.538925217,39.616584372673834,39.51798496534492,3441659.781785366,39.60053266957337,39.44610221668847,2770160.1449234253,39.590059144286755,39.48366559086888
2017-02-15 17:56:51.613398,3822096.5395184187,39.67690780134823,39.44573349436951,3443552.748034184,39.66800818531362,39.38956819119797,2776758.660745017,39.607437886085634,39.458860787761836
2017-02-15 17:57:54.502017,3822582.700410438,39.61566731565042,39.521009838795536,3444777.346769182,39.598752635448804,39.43789981929072,2775517.335095041,39.586703387310074,39.480836984286995
2017-02-15 17:58:58.921524,3817390.321373462,39.621093751719194,39.51755948117933,3441528.01781191,39.58459127904625,39.436506867527925,2771460.578479289,39.58296705287529,39.49253520881169
2017-02-15 18:00:03.088001,3808055.1646957644,39.6099363148299,39.39886692609911,3432473.6510915076,39.594585597019865,39.35628305717405,2758514.209056053,39.579823593379025,39.441139358611835
2017-02-15 18:01:07.707651,3807393.594339449,39.59154454557649,39.59342379983402,3427342.397593977,39.5894634887413,39.4996384649156,2755635.938952076,39.572703685914625,39.535436122313214
2017-02-15 18:02:11.313233,3793565.268925578,39.607281230791564,39.493944700064745,3417115.347539462,39.61468471155343,39.42412521949838,2743048.001306356,39.59775211144515,39.48596235383685
2017-02-15 18:03:15.612915,3793109.110350957,39.61966209731207,39.48796222622302,3415123.0266000396,39.61751035408889,39.425364615530064,2739611.814781213,39.584672128520204,39.46872789312712
2017-02-15 18:04:19.645316,3790867.013356928,39.62683480976375,39.50763549829199,3412233.12340528,39.627647068948484,39.44536039184542,2739502.711584083,39.6051186189847,39.48127913406226
2017-02-15 18:05:24.023669,3791950.455690286,39.59940750058343,39.48276250953297,3410329.844226758,39.59541086659257,39.41280937822825,2737113.01672523,39.58863137131718,39.47420060595692
2017-02-15 18:06:28.670366,3781226.8041752824,39.5891321048792,39.521033058668024,3400318.10794725,39.58741439157842,39.464271442641376,2721537.382954393,39.58663327468591,39.48326776016052
2017-02-15 18:07:31.323816,3775825.777705135,39.58479441936044,39.52882493386914,3396835.509733742,39.57178045461083,39.46846240709754,2715566.0468606227,39.579236569226445,39.47980136169144
2017-02-15 18:08:35.953264,3771955.5243765293,39.58078268714575,39.51515580537063,3395110.6173613155,39.58565449301316,39.43344712992062,2713974.3855744246,39.579844610202905,39.49265311726082
2017-02-15 18:09:40.744012,3774592.4411365483,39.607681925354946,39.522862493958954,3397087.0313667892,39.59999041056081,39.43855892736797,2714219.195520946,39.591709284226944,39.49698066760355
2017-02-15 18:10:44.569667,3767614.0012669424,39.616755661213155,39.507157701474966,3390546.656903347,39.61057561984347,39.439263268442204,2706034.8287537885,39.59963266454732,39.48767955687648
2017-02-15 18:11:47.535898,3763857.9183642394,39.61634863841799,39.538013551419425,3385920.675557755,39.61599879646182,39.453982453794964,2702268.3511333363,39.590791125055496,39.508348623495365
2017-02-15 18:12:52.226521,3762843.743844475,39.59400283783024,39.57755715439558,3387165.118599409,39.593805488229386,39.499239723482475,2703769.134132305,39.58795468838821,39.50714979978092
2017-02-15 18:13:56.572191,3763213.1916955383,39.58401132256281,39.52538646414501,3385034.414480403,39.582011588644505,39.443264076402144,2699154.043829073,39.5760121390207,39.49038487157328
2017-02-15 18:15:00.118693,3762671.0423515514,39.63615649231259,39.58087124877022,3382508.6024235743,39.62860030448268,39.49679909413517,2701087.796311514,39.60352026591677,39.50848042346439
2017-02-15 18:16:04.506125,3758768.1230869954,39.59605311529241,39.499701464988675,3380895.5434517404,39.60516978195694,39.42778904086264,2693881.234826382,39.589210387367935,39.486383327055336
2017-02-15 18:17:08.663756,3760762.8110933714,39.59719532622933,39.576361906107145,3378540.844619078,39.59298590158874,39.48678529381842,2694796.4037731565,39.58111955151744,39.51619337829261
2017-02-15 18:18:12.966391,3754383.990746698,39.622329571200765,39.5624602771987,3377419.047662814,39.61479380011098,39.486724698567045,2693635.0678515723,39.606731178509705,39.49957500532953
2017-02-15 18:19:17.348874,3750534.980216124,39.57274065639915,39.52123923992761,3372106.962774423,39.56674642066348,39.440653962962834,2689868.5208411226,39.56824717024762,39.49068428250151
2017-02-15 18:20:21.470348,3746611.2421487314,39.55901143040721,39.58257441731278,3370222.0589624033,39.574042184644625,39.48893768583697,2677884.2375847343,39.568106885166834,39.50423056532962
2017-02-15 18:21:24.245037,3744010.3658950534,39.6142737072459,39.56117944142035,3365549.214802754,39.620024036448,39.48229737266064,2678041.8596504945,39.60513890381641,39.5174086308248
2017-02-15 18:22:28.449453,3740100.874368072,39.579775602508484,39.48708341165693,3363411.813847797,39.581951138251156,39.41049423544156,2676324.455476872,39.59269683416325,39.47951415032768
2017-02-15 18:23:32.687968,3736009.5002581794,39.60094965057931,39.513614343344685,3361459.8736268897,39.58174938730246,39.448933235847306,2664127.9455975005,39.58061594068171,39.500626928609755
2017-02-15 18:24:37.124578,3734714.93917305,39.60945994602467,39.56375648205364,3361206.9204171267,39.60970115550971,39.48436420224124,2666144.7940206826,39.607438779494906,39.5180472301232
2017-02-15 18:25:40.728061,3727426.7991440436,39.58621127594264,39.5425945182791,3358158.86785348,39.58272662616092,39.46233226493131,2664261.8873486184,39.587257073358664,39.486539074857966
2017-02-15 18:26:44.584611,3735838.5446312795,39.58139702675687,39.49255247025519,3366774.5772903212,39.596943064979705,39.41935722058546,2671299.941854152,39.57053788075907,39.48127009146812
2017-02-15 18:27:48.963258,3727220.4295169422,39.60696545963779,39.54622616787812,3359249.2810554723,39.58767103432957,39.464181695494446,2664488.195719857,39.59048511980278,39.52074245807143
2017-02-15 18:28:53.284729,3725130.861020525,39.605341909598806,39.50210211587555,3358061.9327904154,39.59961400818067,39.42365765588929,2658866.4459418254,39.59478278122513,39.475637573137384
2017-02-15 18:29:57.301470,3717893.997080157,39.639289043416824,39.58801001083528,3353353.5505109485,39.630393171060064,39.496948552455436,2657131.957883573,39.60019848508344,39.525461307841816
2017-02-15 18:31:01.370824,3718854.318781741,39.57519040384341,39.51183783342986,3349682.187749495,39.58867017662317,39.435401070747915,2650495.329418104,39.58713317765484,39.479568603482875
2017-02-15 18:32:05.480378,3713004.8632318815,39.59691744970191,39.548141267052664,3349147.5024568206,39.59296380339803,39.46874388281762,2648277.2197583304,39.57479002631159,39.50495015671625
2017-02-15 18:33:09.828055,3710463.1847692966,39.557618129118715,39.54348392716502,3347783.6364650815,39.58489121113462,39.44409535559102,2645211.7038967386,39.55400748878256,39.50335428886479
2017-02-15 18:34:12.494563,3705129.461732595,39.593478775607124,39.47254944696798,3349765.5289474437,39.60801437883205,39.39622520295569,2644393.2427291777,39.58389356744125,39.46892532068179
2017-02-15 18:35:15.920175,3701009.754983153,39.593619063951046,39.618476839707206,3343837.503977973,39.5952055381242,39.52642774607855,2637791.239872532,39.58752671899426,39.5368903114279
2017-02-15 18:36:20.295518,3711937.2198497686,39.53614380008694,39.495820472454156,3348602.5581530435,39.54261169098577,39.42548907334912,2644414.2664585086,39.55944734230387,39.46829302413135
2017-02-15 18:37:24.461072,3704126.663871361,39.592615182348496,39.510473510806335,3347168.494500565,39.594655154905496,39.425444682826914,2639384.1205439027,39.59192405498711,39.48273803037642
2017-02-15 18:38:28.882642,3702472.0684335288,39.573947369140804,39.59161082653459,3350045.535719487,39.57875071860051,39.49684426624593,2639212.010094001,39.57637307217849,39.52071918161137
2017-02-15 18:39:33.340390,3707134.7910394296,39.5765702628882,39.545370795826756,3353571.378937628,39.58709069342156,39.46357665735429,2645583.925683885,39.572652422447646,39.48739795598232
2017-02-15 18:40:37.753780,3708607.5939286184,39.54752923644232,39.51735406042908,3352651.461143242,39.54873091614237,39.45270456909104,2648164.802113791,39.562701508154966,39.49078772448628
2017-02-15 18:41:42.247334,3715897.704837569,39.52726202243551,39.640803069233534,3361047.3151972187,39.541647960612366,39.52841996295855,2652336.759248992,39.55392511724891,39.54406344053202
2017-02-15 18:42:46.522965,3708383.7041194104,39.55538386594261,39.461852216223164,3359642.14223235,39.559062250235904,39.40203887615995,2650860.380150735,39.56749037823091,39.45428839620316
2017-02-15 18:43:51.851548,3713484.184425792,39.56071986679643,39.61403040831481,3361252.100494115,39.56092393067001,39.524379778524384,2656941.6625693217,39.566942673676316,39.532839124160944
2017-02-15 18:44:54.542221,3723165.1363795144,39.53113618743258,39.4889831083569,3365980.1422132384,39.52470904793385,39.410504770303874,2662078.827127761,39.56415375210223,39.48096771480697
2017-02-15 18:45:58.795539,3714166.33002445,39.51452446509222,39.58735317990563,3361495.1384911225,39.52107937389646,39.500441421710775,2659191.993544811,39.53770994176102,39.525515662858844
2017-02-15 18:47:03.022973,3714097.9522372275,39.512493916842736,39.57631500318066,3359885.0635651336,39.53964077796223,39.474452215619344,2653844.524718115,39.55396976638046,39.50908579086329
2017-02-15 18:48:07.647566,3708436.0498679094,39.52368120635321,39.55187623873412,3360396.564430492,39.518053471499634,39.468407066506494,2656711.441124388,39.55211140523233,39.49990547517696
2017-02-15 18:49:12.020141,3706781.3721886314,39.5205541975995,39.56622527710023,3353535.7606273973,39.53250410604719,39.47815420365978,2651366.558984052,39.56426493238477,39.49916418721116
2017-02-15 18:50:16.296644,3706282.7858120184,39.51902879879829,39.597109154003,3351848.3298763735,39.53060604027046,39.50781475340426,2648308.5304440795,39.55634426506358,39.53552281341853
2017-02-15 18:51:20.122229,3695844.317631062,39.49446214449126,39.52816070353012,3339342.9935876746,39.513639524216146,39.43653840957509,2633772.453406468,39.54018881764786,39.492046044429536
2017-02-15 18:52:24.535739,3685864.4855562905,39.5368264651244,39.56433088338696,3335768.271008759,39.5407850311829,39.47669393475076,2626022.033353911,39.55498335535707,39.49712041982106
2017-02-15 18:53:27.212248,3690171.9146758486,39.509560786210216,39.55380258775185,3339224.8009886285,39.52953087093528,39.47469625761778,2633748.009866867,39.5484305014934,39.509125632574296
2017-02-15 18:54:31.719929,3680731.0737904347,39.501044865658315,39.53168881691214,3327223.9937774073,39.51184870410813,39.44755716997931,2624050.7351467595,39.550196054137984,39.49543872003142
2017-02-15 18:55:36.289374,3670548.1656068065,39.47165130415582,39.566202738552775,3322625.952600649,39.497407600236315,39.47753511743328,2618233.893940631,39.52152753351974,39.490145106928544
2017-02-15 18:56:40.246943,3663373.615734008,39.52940284216365,39.578800596882694,3314806.719170887,39.54858315957919,39.47918615739721,2614693.6824775003,39.56132615320527,39.50369590089463
2017-02-15 18:57:44.555537,3665604.7613333585,39.44920648611317,39.494506606323796,3318429.0946725877,39.477512294341345,39.42158754683857,2615669.3142250674,39.522174515922785,39.481345056646084
2017-02-15 18:58:48.714999,3660232.2274769535,39.473465881331634,39.528357048548294,3308798.1657646587,39.49443557970591,39.44204669619571,2610549.6996481875,39.52837777895136,39.48068430462147
2017-02-15 18:59:53.023661,3652446.9029264515,39.514048881967426,39.58346949052399,3308617.957868986,39.52582914492597,39.4930749848655,2607667.2476370977,39.541358108980205,39.50326780901313
2017-02-15 19:00:57.557148,3652466.266882629,39.45361076178312,39.58216459750141,3307948.0710152267,39.48426560144628,39.490586651032736,2605453.4172816877,39.51831196834589,39.500746787572695
2017-02-15 19:02:01.742694,3660053.7169842552,39.476726395290875,39.53032087398935,3311210.9460840793,39.492586145559514,39.457575564218835,2615233.0714008696,39.54296242584517,39.485921232043125
2017-02-15 19:03:06.113709,3659332.7719797934,39.515877819425974,39.529700358370846,3312256.4307560096,39.55013239215403,39.44389429026495,2613444.102047679,39.54443385380509,39.4909394318457
2017-02-15 19:04:09.548765,3660689.1084459517,39.491577285371086,39.522537393453256,3321115.080264963,39.512346015669245,39.454359366983205,2626039.989765823,39.539650717299295,39.49217675412729
2017-02-15 19:05:13.982326,3667511.355560233,39.477076239279675,39.6163742544537,3325312.926376582,39.49566319373391,39.5202395150109,2628833.744369507,39.51710935448528,39.52120903168474
2017-02-15 19:06:18.197891,3672583.5696722707,39.47384617096043,39.57320743768203,3326908.0435939184,39.50619387126663,39.48298977917288,2640793.5506914426,39.52847686035506,39.491121592803644
2017-02-15 19:07:22.765613,3666321.087426276,39.48867402230811,39.515909673660026,3318932.1839248515,39.49883526858511,39.41570904942072,2632736.268330658,39.537208930583986,39.490725695861364
2017-02-15 19:08:27.292052,3661630.520471463,39.47947985882444,39.616968243839395,3318757.282510978,39.51993149365556,39.51370067666898,2624074.589705961,39.54668748670438,39.5312543156926
2017-02-15 19:09:32.121825,3665274.3074139804,39.49141013465961,39.5791176258633,3324864.606313778,39.5142125233762,39.484925715867334,2629030.718872911,39.53334634115048,39.51725060986333
2017-02-15 19:10:35.628271,3669604.605854577,39.4639168789052,39.52968422011089,3316637.589948902,39.485277732955005,39.42933122154309,2625405.566482298,39.53133305250819,39.484310559059665
2017-02-15 19:11:40.206715,3673721.955586761,39.44627543919626,39.61714142890017,3320636.3239917206,39.4801840728457,39.51927184679523,2627370.9091848545,39.534702289535765,39.53310499169113
2017-02-15 19:12:44.489394,3672295.2353125163,39.4786491955659,39.62368398585483,3328791.980614339,39.50657797623346,39.53040945757417,2634556.467173363,39.54100605769997,39.53469644954599
2017-02-15 19:13:48.659907,3669180.074997438,39.48093992174572,39.53923854487788,3326213.1655640155,39.50275956730028,39.45773759034531,2634171.0587234953,39.53320853408968,39.49092577486112
2017-02-15 19:14:52.954451,3672985.9542036,39.462036893775995,39.59511380172854,3331837.737457553,39.49869220459002,39.490902346474094,2643687.617212644,39.52026950533066,39.50977762522964
2017-02-15 19:15:57.575006,3684264.256114753,39.42800527751556,39.565111297925114,3339537.779310275,39.46660101322509,39.472314430864884,2649013.602290378,39.51854898072674,39.497407188512895
2017-02-15 19:17:01.912565,3686231.007270555,39.436662563709255,39.574913052822644,3347949.3570636334,39.46180017630966,39.4827569075695,2657429.1365367016,39.514945875825276,39.52740776736006
2017-02-15 19:18:05.263159,3689122.2203155104,39.509663644733386,39.58379577304405,3351089.0147172315,39.51504929719808,39.49101821312343,2661173.728694616,39.559340500024796,39.516449093398656
2017-02-15 19:19:08.538620,3687233.8997522555,39.487120569904214,39.595796527269584,3348591.8498038687,39.514075558888074,39.49778632546516,2660856.275137631,39.547198498796895,39.519675026031024
2017-02-15 19:20:12.776103,3690665.835642851,39.43644292370842,39.524253312718564,3348624.9270081352,39.45772054709357,39.43002159640255,2668809.4135577893,39.506795998393166,39.47713742721171
2017-02-15 19:21:17.084786,3689423.6099795587,39.48366559176195,39.60867229446418,3350314.2816375913,39.500985954959425,39.51442220714289,2662966.398672558,39.527247525403425,39.529649200971384
2017-02-15 19:22:21.611113,3688349.256363296,39.494675221977,39.53530416986576,3345867.5005625747,39.51958813936965,39.449096787448894,2662691.5868767914,39.53211806752805,39.49227293947047
2017-02-15 19:23:26.055665,3689422.3410951598,39.437723695071185,39.58104735006491,3349307.7979079993,39.46390613241937,39.48891119666326,2667550.38986844,39.51493837990989,39.51094012025466
2017-02-15 19:24:30.342215,3700097.903933696,39.4603193517025,39.55800286096165,3358693.542362308,39.4860919941292,39.4760267519442,2675977.6793754036,39.51918684721315,39.50498163272458
2017-02-15 19:25:35.023896,3697176.8838516087,39.44206166880352,39.57274405319024,3359214.155699862,39.4657532157909,39.47354411402783,2678771.6026468277,39.51776105016841,39.50416095227694
2017-02-15 19:26:39.312320,3697389.9411848453,39.44435470050142,39.55420662511849,3356405.923890513,39.46974682631046,39.47240966034315,2675953.5048685204,39.51404235076642,39.48602188202315
2017-02-15 19:27:43.678881,3681826.0558487065,39.41840878621106,39.57731199002676,3351008.337897824,39.460157367989154,39.50356700124373,2664979.702764309,39.512469203481224,39.52074257863917
2017-02-15 19:28:46.738349,3686689.191510271,39.45927820563511,39.55707516454787,3346797.4375668466,39.49132816884969,39.46945278034096,2664915.503232115,39.5257369919108,39.49713284383116
2017-02-15 19:29:50.244881,3668255.9549542526,39.43465617235367,39.56387758372919,3330641.630890863,39.46839501597154,39.47851521062856,2640802.0307253026,39.509180736543755,39.49898581803167
2017-02-15 19:30:53.880427,3672642.23372938,39.44199622897612,39.59111704047429,3334538.453427655,39.4792938479363,39.4968217849284,2644224.235013821,39.52043482359887,39.51983460597773
2017-02-15 19:31:57.838047,3680104.55394675,39.45503991004856,39.6511818423924,3342164.62781269,39.498927679829336,39.542002181622564,2661677.427266836,39.531430172918306,39.53756694781788
2017-02-15 19:33:02.554671,3691526.0318214493,39.415869223421204,39.52315625599521,3351846.950037843,39.459329907794576,39.447566473170475,2673538.149229148,39.4999810974544,39.488797834483705
2017-02-15 19:34:05.931288,3697182.194789627,39.43788156522454,39.622836095316984,3356056.763512805,39.45608899156572,39.51676224304681,2678045.668886407,39.506630448431366,39.53745281583704
2017-02-15 19:35:10.122752,3690384.0856070304,39.417422342023514,39.571168924445125,3356748.854384928,39.440767770246445,39.48893977468007,2677867.8868140043,39.500032206349324,39.48896127485148
2017-02-15 19:36:13.401277,3682071.9950274643,39.427674879455964,39.57352075063804,3343986.9583181655,39.46944874432735,39.471781304300656,2663831.8910671175,39.509227030566535,39.50623353529988
2017-02-15 19:37:17.651778,3681489.580733951,39.43300991859568,39.568475076517956,3349676.627137401,39.451316748367745,39.46925989050325,2662433.1487300238,39.50822430121304,39.50136444086669
2017-02-15 19:38:21.883292,3684703.5627785265,39.42885783777254,39.613937719482244,3352018.1647580545,39.45583851899696,39.51413710061456,2669334.7106840196,39.50444964361586,39.51810791774638
2017-02-15 19:39:26.237971,3686803.003441208,39.4518046093403,39.64300074380734,3353266.367164951,39.47788338293238,39.534985475015716,2671837.6602721154,39.51433617084188,39.5324903012072
2017-02-15 19:40:30.820550,3667324.4359332314,39.461675220220215,39.55859694670648,3332208.403449082,39.48863830548545,39.459574857273765,2656984.4128617737,39.514393635659076,39.51171156634911
2017-02-15 19:41:33.984015,3668740.7687775046,39.41137075134341,39.574008934155664,3332406.1202227282,39.44164283199211,39.49185987091274,2651780.5255289515,39.49314990525719,39.50059553601392
2017-02-15 19:42:38.173440,3662362.8244130453,39.46326844748251,39.62274106156387,3329043.58335937,39.4892334762864,39.52420207949409,2650339.8645212944,39.52413747452192,39.517676274010405
2017-02-15 19:43:42.617129,3659752.96970877,39.44231963127027,39.560970970107405,3334276.5685812365,39.48379955018396,39.481794738057914,2649930.308427092,39.51699166001086,39.49856696456033
2017-02-15 19:44:46.832705,3658945.696696585,39.43053760751752,39.54127877787451,3320579.638189153,39.455218673080765,39.477365256071735,2638544.101386187,39.514392123430305,39.50621548609815
2017-02-15 19:45:51.086385,3657222.8910174537,39.447148097269256,39.64617857753806,3322671.2915983973,39.46852675659206,39.53248697065856,2639954.0662172125,39.51040336556338,39.526510240793876
2017-02-15 19:46:55.500772,3657556.086027733,39.442368337346714,39.60902628028536,3320121.116125592,39.467914961518865,39.50717182195288,2641973.2253345987,39.52068562532887,39.520714565776
2017-02-15 19:47:58.770308,3660549.8077347158,39.48993874871689,39.569400326792575,3322224.450664452,39.506060397439114,39.48731082368468,2641634.1257029334,39.53327715604568,39.50140079456336
2017-02-15 19:49:02.928867,3647884.7914955034,39.44936602137104,39.580337536719725,3312727.7877813666,39.46822825094262,39.49964763530018,2638547.3752064155,39.508503449970036,39.507244022063446
2017-02-15 19:50:06.003524,3655369.6031886907,39.41745591213425,39.61782988869967,3313676.861991548,39.458223838978526,39.504493223511595,2635225.435537701,39.496285056061915,39.507805176800495
2017-02-15 19:51:10.904817,3652519.8385590087,39.445687706803994,39.634183242882486,3312714.206757972,39.47109988800476,39.52768298045184,2639501.1612143633,39.50267289876194,39.53106492825466
2017-02-15 19:52:15.243690,3652414.131549277,39.47121420429487,39.59307288256374,3316978.2624302106,39.495435198591075,39.507174653864055,2639968.091848312,39.52203169096107,39.516270947338896
2017-02-15 19:53:19.457092,3644216.6702291155,39.42798895524727,39.619403662874525,3304634.1052296506,39.46540468211797,39.526215641523805,2624612.861796261,39.50446733886728,39.506686580876384
2017-02-15 19:54:23.889730,3635057.119332658,39.4620511765953,39.619521692519555,3295871.720666158,39.473301612215465,39.4995318322757,2618814.4468565565,39.51637536241882,39.523353926115824
2017-02-15 19:55:28.339257,3623063.2095520995,39.4235937242874,39.65365776647857,3291080.7013208037,39.45143212590363,39.53776156669351,2604604.6306002582,39.510153367134365,39.53291334425367
2017-02-15 19:56:32.691855,3625447.8090238143,39.38719849370132,39.60462583661702,3287981.244736529,39.417930315741344,39.5174949437909,2616954.382269764,39.487989004648355,39.5186886267032
2017-02-15 19:57:36.840484,3628006.4259281894,39.44654371067315,39.56434867825772,3296123.5018247496,39.472590657447704,39.46818193088391,2616891.5470542526,39.51279373724102,39.49603963140302
2017-02-15 19:58:40.979075,3633243.9156345967,39.42158441210851,39.68238908564123,3298886.943537043,39.4636969319724,39.571087255790886,2621106.3456020574,39.50555952059505,39.56378508205214
2017-02-15 19:59:45.364504,3644238.650477669,39.40825002338409,39.63067610954135,3311895.943633108,39.45783834176184,39.52773456598335,2645699.55656486,39.496472780532585,39.533602392906175
2017-02-15 20:00:49.576237,3657020.667579245,39.404442206844315,39.57090551710789,3333837.4518245165,39.44351618680183,39.45423783697738,2665013.3527292386,39.50253750192858,39.505779712591576
2017-02-15 20:01:54.056792,3656083.659370277,39.42487288067604,39.64273503878364,3326335.0573015483,39.48102589618387,39.533826255473706,2654795.747582362,39.50932191606473,39.525409493593266
2017-02-15 20:02:58.081227,3651331.297724617,39.403452571771595,39.64540784195136,3326275.2669652826,39.43900843813934,39.54206068044482,2652607.658503624,39.49633457049576,39.54015689703404
2017-02-15 20:04:02.128661,3641359.963885851,39.39605837758467,39.67438290916096,3310981.1349065835,39.43011472796827,39.55466456369305,2639697.8831919786,39.493007056103664,39.54434437594214
2017-02-15 20:05:06.162164,3632780.266408366,39.41482209900425,39.64834100249123,3296875.33953097,39.44567823471733,39.527620972372496,2624564.2921607317,39.49958019272622,39.54058470491267
2017-02-15 20:06:10.897860,3618156.558946138,39.37012416507441,39.57048866912404,3285750.7310704337,39.4188710514005,39.47431521479082,2607158.343298503,39.48598891532237,39.509025865307684
2017-02-15 20:07:15.421344,3613755.7270695907,39.433419164376836,39.614920452077726,3284124.3007950494,39.45969157481629,39.5195333347909,2606568.7440351145,39.50284518943298,39.52144640109772
2017-02-15 20:08:19.354866,3620080.41243673,39.35982298100538,39.6226778167861,3287047.543304093,39.406557181990436,39.53343879601155,2607651.880024456,39.47587157424735,39.51940448088524
2017-02-15 20:09:22.053559,3610295.796810683,39.40306647075036,39.61513098365868,3277632.834294983,39.427829206876574,39.524684606771025,2599453.4868289656,39.496594757200796,39.51867016412194
2017-02-15 20:10:26.283012,3607680.847662124,39.41121482679763,39.655819340661786,3274975.9461994963,39.45843370280312,39.55041050711982,2596701.3340569134,39.497355988691716,39.535366233275944
2017-02-15 20:11:30.732681,3608775.480954136,39.40337212571022,39.59623202517847,3279283.536388351,39.44606125471806,39.49208814009464,2599209.773219167,39.49415307458823,39.51780510548791
2017-02-15 20:12:34.990256,3614072.0835664156,39.374908740332685,39.65247451027473,3280840.2587353443,39.432488753980984,39.544207618754136,2598638.862167801,39.493269319340634,39.53735298957883
2017-02-15 20:13:39.523776,3613130.525550627,39.37583617719849,39.58424664822238,3277448.010537818,39.44112021273491,39.47285300398161,2598050.688119783,39.4855456768138,39.50505764423304
2017-02-15 20:14:43.592220,3605404.836404955,39.40691958174592,39.70160835158788,3274134.202899841,39.42692148818525,39.57570111035857,2596102.133060668,39.4849977752428,39.5393500650109
2017-02-15 20:15:47.894923,3606358.6135596456,39.40429867444814,39.60735920427311,3274980.2112925816,39.42783581262513,39.51689445634046,2594794.4116651407,39.48829040828531,39.49976121773313
2017-02-15 20:16:51.812741,3614258.6874640044,39.42177695914632,39.59924896636041,3281619.114893836,39.44813201467242,39.50880906146923,2607905.473408834,39.493798578504446,39.52055060301639
2017-02-15 20:17:56.000895,3615322.3349578595,39.40968639483039,39.67461437976071,3279829.6111195064,39.46262261374848,39.55753081409638,2609995.9084524876,39.50402421629898,39.54762570261208
2017-02-15 20:18:59.576434,3606391.147609926,39.41933312868635,39.67216099696923,3273025.7974989144,39.468041659015675,39.561087047593205,2599809.0804122332,39.523074286891834,39.54273430802329
2017-02-15 20:20:04.055010,3610154.777305248,39.35616503298255,39.582167742534786,3274277.0732269213,39.395991850121405,39.5101709086634,2599613.948079507,39.48133964001527,39.53364643830889
2017-02-15 20:21:08.317626,3605851.4085988663,39.368042720845835,39.65337835189577,3272856.1985360095,39.40296364767055,39.55294850944239,2601475.5894571263,39.482857594902484,39.53616452843913
2017-02-15 20:22:12.766307,3600401.850398806,39.372939675131285,39.69665299596896,3272956.434792703,39.41650099386189,39.57020020080929,2594571.9422042454,39.48940575663623,39.548732806251806
2017-02-15 20:23:17.138832,3599129.831255807,39.424169128686806,39.723065294362414,3268161.3176134233,39.4404653233424,39.58608528601764,2595878.899119398,39.496921377754745,39.56335515181176
2017-02-15 20:24:21.025690,3599493.954567888,39.39129100477774,39.68549524716265,3270792.537772102,39.41771684097181,39.55962501637968,2598058.2563632047,39.4862932469568,39.55842473921612
2017-02-15 20:25:25.365823,3591527.3421009183,39.378483679988236,39.62578293650507,3257472.1105332044,39.418844994519425,39.52215431377766,2581612.0483545,39.486089144633155,39.53253927608277
2017-02-15 20:26:29.911468,3582957.2335295747,39.37872058036315,39.7132060630699,3251838.373402631,39.40864467698989,39.60861036857817,2570002.2133906987,39.48134966329408,39.56824064688902
2017-02-15 20:27:34.735151,3575424.3391597895,39.34473547435433,39.69239240295194,3243155.1556288637,39.39328953442862,39.57174746441922,2562951.2813955974,39.47870938490087,39.560787137334195
2017-02-15 20:28:39.116563,3574996.947102789,39.424200531765706,39.63306184239758,3239616.0242894255,39.45224581996133,39.513428182342864,2562584.3780291434,39.510102487584554,39.53281486605731
2017-02-15 20:29:43.505239,3569941.7814331297,39.35524355106207,39.703344434093786,3238723.567311094,39.413348570324885,39.58524970054741,2560391.2227354725,39.475646476378216,39.574257529016
2017-02-15 20:30:47.715743,3579467.881879384,39.366269734492796,39.64252880723343,3244128.999091847,39.41903121899067,39.54103044799009,2564606.694891711,39.4983326672863,39.52395246343166
2017-02-15 20:31:52.336325,3567202.890066136,39.3987234413378,39.67129196111868,3238284.293947639,39.45061569202841,39.56147711739692,2565533.849583183,39.48387943625306,39.558210247580746
2017-02-15 20:32:56.742970,3577216.913440872,39.38677627095586,39.64865176664567,3245222.285038857,39.42641284223574,39.53574653629792,2572242.283791822,39.49897515447386,39.54300172176881
2017-02-15 20:34:01.275383,3588079.76902149,39.379611617282066,39.65552006793824,3259615.5723321014,39.44481637376757,39.54053954966042,2591294.5214839373,39.4875147375528,39.53995613095973
2017-02-15 20:35:05.836888,3597263.5896380106,39.377462285498844,39.69749694463073,3271312.227435158,39.4265469677652,39.569217938831514,2602428.9191264105,39.50032438624078,39.561738973683276
2017-02-15 20:36:10.287402,3614957.908933593,39.38271782301006,39.597074052165524,3287492.229619923,39.43175059530908,39.50092983389291,2620210.0688129505,39.49409263997533,39.526056010618014
2017-02-15 20:37:14.257082,3612486.287028159,39.39329348100312,39.69083469161625,3290306.1875843713,39.43751810648928,39.576914457638885,2628270.1938010887,39.49288980536938,39.55423499559652
2017-02-15 20:38:17.708673,3629367.4615653134,39.38000828300853,39.66740111827038,3307219.345255838,39.40724255947781,39.56376673070985,2641333.673834212,39.48416862423711,39.54473294365091
2017-02-15 20:39:22.192190,3642645.8422597134,39.39601092910158,39.65899215431352,3316779.1577910716,39.43283961052564,39.54621707646057,2652594.744088812,39.49986670544793,39.55021525003368
2017-02-15 20:40:26.617684,3655692.7397795045,39.37070335055171,39.71528913530051,3335268.0557380975,39.41663340021236,39.589557707746195,2671651.601539205,39.47484129565403,39.54561337223912
2017-02-15 20:41:30.754315,3676535.8185751466,39.39777885146151,39.63987556380725,3355066.737425727,39.43218702615706,39.53063171316614,2696127.081977267,39.49777649060112,39.52049162736272
2017-02-15 20:42:35.069946,3707724.940141882,39.41854497474748,39.59014536575926,3387788.2349886047,39.45063032746569,39.48547983007355,2727120.6947391154,39.4836606388715,39.51009014107171
2017-02-15 20:43:38.603302,3733878.778379513,39.405202772889886,39.71167430830516,3418536.636292287,39.44580200209465,39.60328794301036,2763822.357294621,39.53618409656818,39.55002767270297
2017-02-15 20:44:43.213925,3780906.5681299837,39.38225798897553,39.663230239558864,3465370.610832715,39.420894917354815,39.550868879506446,2810178.546339301,39.487369971210455,39.53210068090827
2017-02-15 20:45:47.563474,3835721.142928276,39.40990326102098,39.54716412550954,3524505.1900245724,39.4418542574649,39.4804267671726,2869264.007718797,39.49422069765758,39.4943054270174
2017-02-15 20:46:52.195155,3904725.267803251,39.41342305235976,39.69490822299929,3592382.128269218,39.44638011290223,39.60118343658772,2944208.0206650402,39.487241197510365,39.56800374943366
2017-02-15 20:47:56.781786,3990079.7144488357,39.4352417958045,39.57119597566893,3684655.004406846,39.46314855379246,39.49244256006094,3028600.059772225,39.49773356859194,39.5185338098045
2017-02-15 20:49:00.958175,4084584.3141517662,39.428678215922965,39.65909069421053,3776473.927674753,39.453674003316344,39.56793795176219,3123031.906797047,39.491494053800935,39.548267713433724
2017-02-15 20:50:04.872791,4203043.323704975,39.42393271867906,39.593680692645535,3898966.79862402,39.44063687384412,39.526571091973494,3241859.058406079,39.48645977100596,39.52475187060741
2017-02-15 20:51:09.126313,4350134.082429583,39.42433173847508,39.619767293577276,4047082.337393502,39.46452187559339,39.5524000022838,3386645.761450933,39.499083498036775,39.531814244964345
2017-02-15 20:52:11.886958,4510391.587216163,39.43121136628554,39.60789900831673,4210681.340714901,39.454862056448825,39.53732425930982,3550862.590709436,39.498807467796354,39.53260264203628
2017-02-15 20:53:14.334473,4708756.145023679,39.43755328694252,39.59667884727319,4410637.770129839,39.44062333057458,39.532308273592854,3745535.328753531,39.48015339420469,39.53364394757002
2017-02-15 20:54:17.963947,4960345.855082616,39.43920986349699,39.61198293768869,4656081.640678503,39.453786315172856,39.55533254400192,3981780.430609039,39.49074129207065,39.53480417551323
2017-02-15 20:55:20.850541,5262707.826305533,39.44762528191975,39.56775740328566,4967969.060116333,39.46897709928653,39.50586312448798,4295545.171824358,39.49780011996157,39.510467961298716
2017-02-15 20:56:23.599075,5634364.039838862,39.441428991548506,39.57211939622351,5348507.055047899,39.45817399266783,39.521957238056565,4664997.758630803,39.48515716412847,39.51611222376957
2017-02-15 20:57:27.334506,6079057.864283594,39.46265653830004,39.54400926402555,5796799.905385319,39.4741914089149,39.502162301418,5108893.867696367,39.49328122019247,39.513873399304366
2017-02-15 20:58:30.137282,6609226.746293659,39.47099644949035,39.55459377265126,6323801.214166157,39.46976200682444,39.50655124016926,5623304.57930262,39.4997371240785,39.521091340229084
