,z_a_flux,z_a_x,z_a_y,z_b_flux,z_b_x,z_b_y,z_c_flux,z_c_x,z_c_y
2017-02-15 14:18:15.853140,1549916.7368670027,38.938235938465034,37.102682586370314,1451915.17280908,38.98592886334893,37.19809635435426,1170201.1212102282,39.27492403390249,38.34711249269862
2017-02-15 14:19:19.198086,1532270.305417071,38.982948413572814,37.016292977904186,1436520.1705337954,39.0218240702849,37.1319590509346,1150469.838248115,39.29079647836617,38.32441420683691
2017-02-15 14:20:23.215785,1563443.281658914,38.87616845962176,37.14069694925407,1473325.708958216,38.91091616776471,37.22957150169327,1169552.7024962371,39.26453950576315,38.40738297683239
2017-02-15 14:21:27.114902,1520567.53624631,38.86299526638902,37.02315314157614,1418401.934802103,38.88455761659669,37.17251443093276,1147701.1178306115,39.24585556186868,38.342350554265
2017-02-15 14:22:30.800449,1546461.2333042384,38.9764316973199,37.02289735456991,1455032.1024546507,38.99554491208419,37.13944539766552,1157973.2258154952,39.304796087311864,38.3509160745819
2017-02-15 14:23:34.261045,1530656.4764454623,38.82299338933078,36.99426126600811,1428874.1655121914,38.85258838858406,37.132453941160485,1140288.4047731068,39.20791445816745,38.34058453734234
2017-02-15 14:24:39.082813,1577586.7521296325,38.942681606332144,37.01552712727251,1479635.472678882,38.96109946283013,37.12590379696099,1160685.2230591718,39.268156859040154,38.327945772696154
2017-02-15 14:25:42.820236,1532469.0626134365,38.81377657835627,36.94786657327106,1430735.7235520165,38.81725110469741,37.0640619680962,1133581.5643175112,39.21630973720297,38.29289544901006
2017-02-15 14:26:47.756874,1560641.967476958,39.04422201877381,36.94341211650605,1461961.9841116313,39.06075309139052,37.05272025694908,1146374.5748354937,39.33181724821399,38.29261057575718
2017-02-15 14:27:50.695398,1556955.4419472092,38.89637778909376,36.98679292820534,1455624.1863058798,38.88249808584732,37.09068412966167,1143553.7081395404,39.23853262502946,38.303159926241285
2017-02-15 14:28:54.712103,1558125.3196817357,38.91146035228593,36.97133401098101,1458852.532826086,38.93294287900171,37.09804752765026,1145926.505678883,39.28836289273191,38.29155027915004
2017-02-15 14:29:58.324608,1539963.802810242,38.874396312535,36.971547579588126,1438380.3352694474,38.89267967339005,37.06461862869763,1133573.8869661884,39.25763509956817,38.29235557686704
2017-02-15 14:31:02.677187,1554590.9066117625,38.92070559236954,36.98593249289454,1457656.0256714304,38.94584985589332,37.09284359516482,1142078.7786751813,39.27070125026075,38.30146850403568
2017-02-15 14:32:06.764851,1553254.420809916,38.912078465278675,36.93860558164259,1448385.4584317761,38.92841300461497,37.069618765485764,1138743.3450920698,39.263661158230995,38.277724148015864
2017-02-15 14:33:11.579204,1557496.0023644003,38.901229444262405,36.945085670793794,1456052.8750308314,38.92567586588596,37.06546357109335,1140551.8779742282,39.24946287213094,38.315048677646736
2017-02-15 14:34:15.522805,1563501.7413243367,38.9198433155277,36.960854172581605,1468046.1270253153,38.94384646004034,37.07460796641174,1145435.8641562124,39.25583173110116,38.27740663720233
2017-02-15 14:35:19.682364,1552970.2458366216,38.89132792954928,36.96163744459197,1449139.8450480462,38.941512906013855,37.05552194294484,1140898.6687127135,39.26403740269674,38.303687750842485
2017-02-15 14:36:23.613968,1587951.974101153,38.961854178684185,37.01250140478341,1488301.949106208,38.976891993523914,37.13652367363322,1163965.2775592203,39.281543690731034,38.31850074730727
2017-02-15 14:37:28.500682,1565564.1037471832,38.892572177221936,37.0020721595915,1464597.349898741,38.92968103329249,37.119236506025764,1157286.6608912898,39.26358980004479,38.30806110708774
2017-02-15 14:38:31.395315,1597439.4692850611,38.99496053276874,37.099232068604,1503593.1076593143,39.01200658510882,37.206364666410074,1181087.3101705562,39.28702182619358,38.344415968987256
2017-02-15 14:39:35.721855,1591565.5680747945,38.95607258246747,37.09203042302357,1494724.0287606865,38.97836174602599,37.19860450070568,1177784.934676768,39.291994340077885,38.3680428321507
2017-02-15 14:40:40.514439,1594571.5070453878,38.90245407646708,37.087471500085414,1489929.7939020484,38.915480492954586,37.19657280377269,1187448.5754318605,39.27097883489934,38.349474569810376
2017-02-15 14:41:45.083219,1588927.7491332225,39.0367856829517,37.06227990391228,1491585.8960861452,39.04060660148634,37.17903221632071,1176714.7387452924,39.319605638470144,38.355192928772524
2017-02-15 14:42:49.248773,1585084.218930602,38.97761416898537,37.14895293624544,1490026.0655447494,38.97100773779924,37.252217526455816,1182840.3324159142,39.28760298968697,38.38480168449906
2017-02-15 14:43:52.731243,1562887.4014056881,38.88226163491922,37.11860973022946,1463159.4664417647,38.92756134978842,37.2281750226664,1169734.479838584,39.25139194324913,38.37224169124583
2017-02-15 14:44:56.518850,1564065.5828665015,38.990259287859814,37.093057296723636,1467931.0602680536,39.01838057065124,37.2244061043241,1174718.4142202504,39.272777831270496,38.370248332132114
2017-02-15 14:46:00.859625,1592175.6772208097,39.00879952500665,37.14821872230561,1498129.545810696,39.00679103207974,37.244034751978866,1184769.2159294295,39.32541528754234,38.400115422453815
2017-02-15 14:47:05.415105,1565832.6754950003,38.928924585717695,37.052258528389196,1466220.7491865056,38.937297247195644,37.18452964270194,1161774.9416700222,39.258859781816824,38.33112303034491
2017-02-15 14:48:09.662668,1545966.6188566508,38.981647363363365,37.0510611536048,1449895.4935616108,39.006556083923535,37.170758055394934,1156209.499224253,39.297570496123924,38.337386472202525
2017-02-15 14:49:13.959441,1536611.0889523774,38.96761359127368,37.024940962080265,1442636.6362913374,39.01400456925124,37.133769390288165,1146265.4877552707,39.31007860816341,38.32285991873863
2017-02-15 14:50:16.782815,1508296.9317847858,39.05699814298569,36.95447069955616,1416131.2789503017,39.080323553398266,37.06570804347737,1126001.9222443018,39.34403218057247,38.290301321786686
2017-02-15 14:51:20.804425,1537507.599613745,38.92721961757284,37.059896762345836,1445640.5597439539,38.94916175599511,37.16207516208668,1142612.9423742983,39.28927683691489,38.33017678842945
2017-02-15 14:52:25.037246,1522244.7561177206,38.95179416220039,36.95654202703213,1426636.7796257413,38.99358480437806,37.075693485123416,1125185.5163822356,39.26879977951175,38.285483300058125
2017-02-15 14:53:29.968740,1522314.898448086,38.95967719260276,36.944260095033975,1424263.6640177504,38.969797594790734,37.04472038467185,1131929.1687839467,39.294760874561895,38.26338167325335
2017-02-15 14:54:34.706622,1553542.6839857455,38.833962225538926,37.0276376290576,1459281.3757233685,38.88905063119897,37.110918241307864,1136676.874399894,39.236881679332285,38.30751264119755
2017-02-15 14:55:38.965793,1517382.1158094043,38.99004333236972,36.85034679280645,1423677.5819847812,39.00639269623805,36.977932736215855,1112797.0047063855,39.31149487676803,38.24271698078689
2017-02-15 14:56:43.394446,1549122.435320815,38.93715645289978,36.977165385064005,1455170.2743671048,38.959912191219416,37.09446661494696,1132286.0802270859,39.28506509519409,38.2846907524193
2017-02-15 14:57:47.740084,1492956.6864900114,38.841855019041844,36.88550718718417,1395256.898774221,38.82685884607575,36.973810047204694,1101199.966891112,39.22089118005416,38.236032293822255
2017-02-15 14:58:52.042792,1513130.1736815514,39.08623508093784,36.90986212761098,1417110.6178521584,39.12813394407274,37.02126571254029,1113727.503846686,39.353914758049825,38.281084240592
2017-02-15 14:59:56.108199,1528992.3939954417,38.94969135071839,36.95118094599204,1435540.84129599,38.95116431013146,37.044333962191125,1121220.302128085,39.304330966600254,38.257326523815195
2017-02-15 15:01:00.333809,1554888.2369956751,38.880122840472886,36.90277469942937,1455109.0006138645,38.90690018515328,37.02123579028632,1127505.416726191,39.25504704997329,38.252146346561254
2017-02-15 15:02:03.517375,1520261.906629975,38.970228404751005,36.84602309322998,1427447.4866744997,38.96623311324483,36.97026073716984,1105171.413897187,39.29033592534115,38.22205500289225
2017-02-15 15:03:06.334889,1539820.543953617,38.92522435392076,36.851124556677526,1444318.4318709348,38.931725970999985,36.95425592184433,1109391.6191233993,39.262147587908295,38.21717643328741
2017-02-15 15:04:10.614477,1519790.508261596,38.91613810635627,36.79094050607339,1424385.643382044,38.94393866240407,36.932595065937626,1098623.8041991217,39.272615990751,38.215912124012654
2017-02-15 15:05:14.855965,1521978.317122625,39.00749744760443,36.80386301756461,1424479.6577213798,39.04850280780913,36.91961169953944,1093163.798967129,39.31794760640203,38.21268425342798
2017-02-15 15:06:17.703560,1525325.7132242746,38.980090934807876,36.80323052734542,1428725.9747937187,38.9758716508262,36.950027888451544,1107056.22254436,39.30980855177392,38.2200384216192
2017-02-15 15:07:22.143153,1535765.3903040236,38.98487450761834,36.901741069941345,1442204.6963379304,39.009938123108476,37.00074947679469,1118867.1025525755,39.30017671110111,38.24344584813649
2017-02-15 15:08:26.496813,1534554.6517531294,38.932235031618596,36.81219626203995,1437721.5142655007,38.95739557348783,36.95177823415099,1102300.7195588737,39.24660240824672,38.240449224918784
2017-02-15 15:09:31.019344,1520111.143731895,38.86298138379652,36.72753335833214,1425658.862907182,38.884447474340625,36.86380742787368,1083736.010278882,39.22995111703466,38.16445616248711
2017-02-15 15:10:34.776999,1521577.5111898584,38.902974378331855,36.696030168567766,1427720.9205848868,38.93969935509455,36.83674659688587,1080961.0182788584,39.27647341785805,38.16019219888693
2017-02-15 15:11:39.420220,1498157.3395041132,38.97333770609321,36.64629355744369,1401731.2173290998,38.98081101045968,36.76781863742435,1066059.6087929797,39.292881831857045,38.107275488383706
2017-02-15 15:12:42.348063,1486149.7142429003,38.95906005365299,36.695614844658955,1392175.2771825003,39.0083971057049,36.82650345060108,1064011.9942102195,39.298547530099256,38.14656495429561
2017-02-15 15:13:46.898342,1481428.060721594,38.745454610626666,36.60204646884491,1377894.0404967822,38.76869006610531,36.73702010877104,1044979.2471866573,39.186071910666996,38.08719903453028
2017-02-15 15:14:51.360999,1501971.4076684609,38.952979895783464,36.58833945678712,1406045.9571923623,38.99930373985277,36.72381024628871,1055960.349530266,39.28814915609298,38.067388898229474
2017-02-15 15:15:55.481492,1492300.5541078425,38.864784107283675,36.63087595621568,1400992.6649891315,38.90017659497883,36.76196764717558,1054692.9135356534,39.22967877304797,38.12671795626212
2017-02-15 15:16:59.641146,1487692.0725968299,38.9153165188593,36.50792788101233,1392138.6718357797,38.94185311962292,36.64178583423523,1039438.4661365345,39.245361429069106,38.049264523572965
2017-02-15 15:18:02.491639,1513394.12400852,39.07897213561928,36.640577082040316,1422461.1204526601,39.07706152123111,36.763898589600295,1061702.1308671664,39.35189182215891,38.1235744035468
2017-02-15 15:19:07.168384,1518160.958190276,38.88734264917391,36.58606948095841,1416968.1707273966,38.9212357017679,36.71913215000132,1060212.672260749,39.25961668850428,38.0939720403943
2017-02-15 15:20:11.685956,1512267.2483421457,38.95691284920953,36.56271923402657,1414861.3189265975,38.96833304935429,36.6828768119164,1053515.5819724696,39.31457507905618,38.075289863335456
2017-02-15 15:21:16.465430,1493404.7634466267,38.957721613731294,36.51155557446229,1397706.7793449578,38.97504648988537,36.653604102678266,1041358.1658376576,39.267619757528486,38.047804671595784
2017-02-15 15:22:20.779070,1505126.2169904436,38.89016344378943,36.58998052911403,1414823.5430491616,38.89814297082701,36.70672342298113,1051244.3566863993,39.26392965934333,38.06340396533764
2017-02-15 15:23:24.952523,1502310.6942986862,38.858114729360274,36.58090402761756,1408837.7848055055,38.894187211618096,36.71243168398851,1052037.613588077,39.25118634120918,38.11032242488749
2017-02-15 15:24:29.612094,1506608.4443912227,38.92751354931042,36.56443650706989,1412348.358785897,38.92951880190039,36.69552937884709,1051639.1723817643,39.266596789068124,38.08591501575812
2017-02-15 15:25:32.407771,1503787.58822876,38.982290815856565,36.51016826437457,1407433.7009344506,38.98151267690963,36.63421011581208,1045199.6623692645,39.321141378542876,38.06540649738777
2017-02-15 15:26:36.569257,1492960.1394879688,38.89252016544206,36.418587020898066,1394089.0534259682,38.933571166405244,36.57472723599966,1028588.7112630405,39.27592907990011,38.01573567087159
2017-02-15 15:27:39.277036,1505747.7850622612,38.933266772846565,36.593955815306686,1417751.9878579227,38.93167500534815,36.694097319876406,1050400.879023694,39.27632545896884,38.09648909438896
2017-02-15 15:28:43.789321,1483962.3075731786,38.863193873040615,36.51851794569246,1388610.2957485472,38.885218242609525,36.639744654070775,1031373.8566916211,39.245585362584464,38.07522821590921
2017-02-15 15:29:47.950881,1501498.9883366225,38.91489282982684,36.54827855598085,1407196.047047621,38.95635064635313,36.67774283368575,1043202.7629655168,39.2772007652607,38.05889939990347
2017-02-15 15:30:52.128533,1487333.549647605,39.02103299834418,36.407262446509044,1391017.0257870387,39.02385568753903,36.555700974388486,1028209.2874258672,39.317316184155125,38.01534232333397
2017-02-15 15:31:56.857093,1514982.085167314,38.941563013910105,36.63454692487929,1428079.8605981737,38.95116578122777,36.73250459359509,1055102.8943261548,39.27334857887306,38.089937692833104
2017-02-15 15:33:01.071594,1496299.6853194116,38.85587833945864,36.4880542394542,1399829.4023715863,38.889024305988166,36.601991669425885,1035160.5627534154,39.23172899047545,38.020662455678945
2017-02-15 15:34:05.399314,1502002.321449392,39.00463492833628,36.4978872501915,1412660.9647138664,39.03113784645649,36.611413131533126,1040273.9544248183,39.3423323546778,38.035305395910534
2017-02-15 15:35:09.952793,1486741.0551720627,38.96626018537184,36.40328438284446,1390993.4888402957,38.97536122014226,36.54607274296002,1021623.8922995403,39.315039695427906,37.99319198607998
2017-02-15 15:36:14.299414,1500212.6296434612,38.883794637942835,36.4746131243163,1406135.6412239994,38.905377511567394,36.60527663372075,1031383.1611642798,39.27344464195181,38.03187853695511
2017-02-15 15:37:18.597899,1502094.0682801453,38.972020523154185,36.45392482200569,1410177.075375107,38.9736223164172,36.57312200401357,1031626.725033672,39.30519282160872,38.00474533881899
2017-02-15 15:38:22.930516,1499959.4924529395,38.913287165949114,36.43425668371246,1408239.8728370247,38.94586462182922,36.57673028905192,1028788.6027876032,39.298836860998925,38.041685160158515
2017-02-15 15:39:26.986164,1500988.4759295592,38.88827557279319,36.46419706722501,1408689.1027784436,38.93077461915008,36.596148180534485,1033357.7597341572,39.2716849822794,38.035111768650225
2017-02-15 15:40:29.697727,1498389.393675366,38.942038685687805,36.42637046370932,1405916.5959687766,38.965640111852,36.51704754601908,1028918.6698702383,39.304808399410895,38.00075055187968
2017-02-15 15:41:33.959134,1496429.6191439168,39.00780641284801,36.44199007477379,1405116.8280652512,39.01891418756786,36.5810279899105,1030277.8602330989,39.307001320066405,38.02616957505143
2017-02-15 15:42:38.441688,1492583.6600090223,38.880638624078465,36.463715231336955,1393935.3025934412,38.897522562902815,36.568395114438744,1028260.7767044078,39.251322895663364,38.02310364279331
2017-02-15 15:43:42.556275,1500244.5689402027,38.9776661759618,36.4274105057495,1406844.7126733887,38.98579409599299,36.568437183494076,1033750.253018897,39.303432080743804,38.00365480261395
2017-02-15 15:44:47.973967,1503741.2575529474,38.92195450579772,36.452688768278435,1411761.3166106353,38.94030852678998,36.5734617990943,1033614.7645422186,39.28376035629481,38.01393357772421
2017-02-15 15:45:52.339598,1487719.7437043337,38.96763892132639,36.35018164888941,1391452.0291868378,38.968201217300845,36.51247454746784,1019068.3454688899,39.305726557297476,37.95901956006841
2017-02-15 15:46:56.553117,1493480.7703057649,38.908558720840965,36.40153165732474,1399919.8084684042,38.94967044872795,36.560581041048586,1024510.0678092085,39.25446812164886,38.00078852970851
2017-02-15 15:48:01.017696,1487051.944311515,38.93368396505061,36.42695202733711,1391409.5466255806,38.970492508502375,36.4982755239131,1018830.538214953,39.29032442266083,37.98624233578795
2017-02-15 15:49:04.723174,1492521.1745653572,38.897884814377285,36.48896529318636,1401465.146678071,38.9317182341956,36.62749158470895,1025408.0928727633,39.26925188991512,38.039450367119535
2017-02-15 15:50:07.521913,1469809.8956783589,38.91585344575256,36.32620356511374,1370431.2499407162,38.93388041528764,36.481051108288575,1002348.5103321592,39.27039170080891,37.94884786742234
2017-02-15 15:51:11.767248,1486210.2298842212,38.98237509720636,36.398873955242294,1391253.538815955,39.01099683282901,36.562448108432505,1017068.075732578,39.29632765304068,37.98624120895447
2017-02-15 15:52:16.215816,1498409.8329769643,38.93397438452141,36.42614560189816,1401918.6079474152,38.967106887801165,36.53584543676815,1028763.0315031665,39.2879549541185,37.99793521489678
2017-02-15 15:53:18.935435,1493614.982614623,38.921510723376706,36.400532621112085,1394589.0213763309,38.9667834351923,36.53813494287973,1023461.0052151248,39.28651849219216,37.97454573643295
2017-02-15 15:54:23.267860,1473095.0595869566,38.90332196943761,36.266154755527445,1372297.8894054163,38.934656986607756,36.39756455001236,994356.1899152417,39.280294641772194,37.9128183914168
2017-02-15 15:55:27.009503,1471812.166367338,38.93311356003687,36.33205329011918,1372036.2073145048,38.94476855975379,36.50268061191291,1002346.7420978658,39.27283023403788,37.96906451409425
2017-02-15 15:56:31.364910,1471230.6244434705,38.94906729334057,36.30569561528219,1367224.2312313537,38.979927763017464,36.47692828304355,997589.3336741616,39.29947741097405,37.94021461981612
2017-02-15 15:57:35.821464,1458246.4555297787,38.88413841575384,36.291812895172924,1355183.0817549312,38.90609475846751,36.49275044235957,990841.7442656013,39.23640051754333,37.93265572877148
2017-02-15 15:58:40.260024,1484984.926719117,38.933672468735644,36.405918822557084,1384104.6594332112,38.945683953713555,36.56437904258399,1017551.7716574111,39.28280959218275,37.987283933914846
2017-02-15 15:59:44.576732,1460699.5497355792,38.99317088688,36.299991480906044,1357754.727135855,39.007796951316266,36.46119682854965,992856.7424280819,39.318147517640085,37.92109720124412
2017-02-15 16:00:47.891126,1451019.5370811182,38.9047763801026,36.23197502294846,1350658.6265142132,38.916350261207455,36.3843884889994,978521.6082014751,39.26084523335557,37.91383242253045
2017-02-15 16:01:52.078702,1444679.8249475078,38.85207797307845,36.138769154127075,1343396.3119672772,38.87474475478417,36.3085871473524,967698.5365536737,39.2408397103213,37.83227474237079
2017-02-15 16:02:55.441252,1443878.3819429202,38.89228322900094,36.132206027573865,1342420.7844266936,38.96532616353608,36.32014852577206,963984.9821004001,39.28629573234023,37.85398617959935
2017-02-15 16:03:59.700928,1430940.9737753768,38.92148561561852,36.00727284907516,1326479.6589168939,38.9688950110686,36.20353056502643,950220.7974112544,39.29004584179403,37.77938463046918
2017-02-15 16:05:04.062411,1441428.1695487183,38.91820190069307,36.23783688462543,1344165.1112811416,38.94302625326855,36.412669863227286,967852.3438168773,39.26767259722256,37.89347614013229
2017-02-15 16:06:07.244893,1421411.1560550537,38.92624923767697,35.951200246067586,1316872.208353255,38.94987371415655,36.15210808617671,939480.641086791,39.271997298133144,37.751249623743
2017-02-15 16:07:10.218455,1437130.6176325595,38.83781314638366,36.14146970736518,1338391.774398718,38.88585260783695,36.31409458205151,962690.0247083011,39.21595766010542,37.8405749840813
2017-02-15 16:08:13.682955,1421082.7529078769,38.87893521346547,35.919261036157785,1313756.5569165307,38.9219398144872,36.11938075315809,933733.6186861063,39.24294184391208,37.73119280920037
2017-02-15 16:09:18.061724,1430314.2415351616,38.8597442051697,36.144322969070565,1333494.058871957,38.88938739657597,36.3020424862518,955055.700354297,39.29471451604485,37.83264524912255
2017-02-15 16:10:22.177076,1415438.702321934,38.90781129505052,35.902399503186025,1308717.4374801756,38.92196060220386,36.09802182454372,928365.7669644025,39.25673163387196,37.72821510640633
2017-02-15 16:11:26.369677,1432801.0542991539,38.975229176192485,36.07534268182673,1328749.5489036543,38.991893016907156,36.25096467851946,949777.718319397,39.296975833311784,37.805705418443104
2017-02-15 16:12:30.562193,1421278.5588245501,38.916878373227874,35.98836988853106,1318130.360437915,38.954786590483536,36.174314165573755,942491.8008153804,39.26086881112759,37.80612294852953
2017-02-15 16:13:35.029911,1470393.3705471498,38.912120407510635,36.27805115664326,1371482.8319534427,38.93071948549232,36.46374048237978,992754.7329593201,39.27516284270194,37.921795352834245
2017-02-15 16:14:39.323354,1430555.2196880507,38.891218310626016,36.00879134958822,1325966.522949831,38.89582603120973,36.19022403663812,947903.7147048352,39.26915063039769,37.77918271270784
2017-02-15 16:15:42.376017,1441814.2808607556,38.897049852616924,36.07884322489137,1342839.2557394942,38.937605408289606,36.24668843763992,961210.1808780625,39.25425844718592,37.793918085377555
2017-02-15 16:16:46.274337,1433503.7546877856,38.84584816434108,36.06398922686649,1329845.216801329,38.88772698307443,36.25119319989964,951234.8127899042,39.261051923453024,37.80216027791084
2017-02-15 16:17:50.734003,1421817.3197309303,38.94237705087764,35.97230318964386,1314348.8598938407,38.955860858469,36.16057507595242,937448.3136492798,39.29058162703708,37.72956526972749
2017-02-15 16:18:54.381545,1424156.1240752453,38.915569754273164,36.024450586057554,1327847.9340361145,38.934049780142814,36.22605878947048,940703.7806646056,39.25740474835304,37.78033992247385
2017-02-15 16:19:58.691102,1414052.2834883225,38.825657555916834,35.89569345828347,1306055.9782711612,38.90497970907937,36.07104685745401,923445.3846745995,39.247320724194104,37.66310767088359
2017-02-15 16:21:03.139673,1403955.7623488219,38.96266488149058,35.87168608340491,1299178.7704574927,38.983253651554186,36.06370476949348,917870.8139411814,39.34379515603042,37.664909958391
2017-02-15 16:22:05.990321,1405967.301669613,38.870764591688776,35.93356676068881,1303256.218615362,38.925583369573054,36.08878478057766,921959.1530038132,39.265971630986186,37.73515709636892
2017-02-15 16:23:10.538895,1402100.8321829753,38.845454620880275,35.81062555710171,1294614.7948394152,38.881945453849625,35.99603799671282,914593.5426639769,39.23940502292684,37.63656933750343
2017-02-15 16:24:14.075312,1413919.9022420617,38.85061056412088,35.937686021851654,1310650.7875427185,38.89790897232055,36.083560947527815,928065.7832873148,39.253285529286565,37.73493019233356
2017-02-15 16:25:18.151276,1403531.524643759,39.00364166967019,35.839843219196304,1299294.7353892734,39.04294689816278,36.060151343892905,922068.1149776143,39.31388956243619,37.67882820058236
2017-02-15 16:26:22.360442,1407782.084845058,38.79380735024739,35.87288956659123,1304124.630776101,38.85920135632405,36.10575500336253,920511.896574999,39.24149789931852,37.693524337599506
2017-02-15 16:27:26.861135,1405294.7394960236,38.93913506689029,35.79453039016921,1297748.8407740453,38.94152670173048,35.99064014496106,913791.2968902191,39.28572353311261,37.657607132817695
2017-02-15 16:28:30.496561,1428588.2322457526,38.88041989748247,36.01793617580898,1325201.47730166,38.931213439289635,36.179311314158255,942204.6662788176,39.284993357383286,37.748750914641654
2017-02-15 16:29:35.217128,1394407.380131278,38.95364752277256,35.84019488137755,1291336.5395457034,38.96801554131249,36.02120396897012,913150.952570897,39.3066865834544,37.66277150304298
2017-02-15 16:30:39.708707,1391835.3013387637,38.937250293178764,35.822727679921265,1288399.7752718315,38.96274345391374,36.02598516860626,906373.6244890981,39.29186323486643,37.653370883551496
2017-02-15 16:31:42.433353,1380830.2813752121,38.876640284461295,35.74299670920268,1274438.5685164675,38.88607033383881,35.92126166501292,888279.1229728837,39.281111339664164,37.603277902962446
2017-02-15 16:32:46.141765,1389555.5384342219,38.86321704917289,35.81548506926583,1288207.758806158,38.90571253828932,36.01479130558332,902697.1936045748,39.27668596325785,37.6665716847008
2017-02-15 16:33:51.620481,1374443.9696897243,38.89476458643249,35.69603493346522,1266138.1147724204,38.92477734756535,35.92474744213741,886505.2038492877,39.239750742146676,37.56371406496685
2017-02-15 16:34:55.367920,1385384.8621170968,38.87697267627755,35.75101172273676,1285876.6405760609,38.91185557875259,35.929160322864526,899474.7981847279,39.27455668068876,37.62886238649927
2017-02-15 16:35:58.594572,1380065.8734479942,38.92130046119185,35.73887543903912,1278071.5700210761,38.93474661778298,35.90194579788754,892792.6235635023,39.291370824140635,37.59981705809111
2017-02-15 16:37:02.762006,1394227.8037838738,38.90727645521959,35.814864308339324,1289034.152230239,38.933213793626344,35.99530629777069,907048.7666313294,39.2867914282051,37.64673746830025
2017-02-15 16:38:07.355697,1373581.2301867323,38.83731744493348,35.59934867473627,1268346.681103603,38.88913653636165,35.7757808744663,880505.0516289055,39.23847988395545,37.553464272988236
2017-02-15 16:39:11.712148,1387578.8897950184,38.983212141217614,35.79179998998004,1288756.5442002532,38.970429552881846,35.997217018872654,904361.5642471564,39.29897181438798,37.63636273942228
2017-02-15 16:40:16.053713,1371581.7620265768,38.82617259262493,35.59831051751077,1266966.8543104217,38.89640775689243,35.79522381308523,881779.8438911829,39.23888440216562,37.548959488626025
2017-02-15 16:41:19.536367,1380335.8025788579,38.814848880553384,35.68104517399391,1279981.5455093496,38.8647709898271,35.88656542275556,890542.3448074689,39.2570629656174,37.58868153291491
2017-02-15 16:42:23.770886,1381812.0455670804,38.87096893099119,35.70974323091372,1278123.5228585936,38.8857533400079,35.89451027193401,894025.1325335595,39.283363688361554,37.569973695556676
2017-02-15 16:43:26.419443,1383112.0703745992,38.975846032772374,35.73508092030008,1278745.2600467424,38.96804079352531,35.91340421563818,892398.4926741894,39.33043503882116,37.62921215274871
2017-02-15 16:44:31.001954,1376458.5170364757,38.82787538095749,35.65965924549654,1275925.2136808925,38.86591877597988,35.86801134289274,886996.4922227112,39.22165106531038,37.59030490617774
2017-02-15 16:45:35.407482,1375985.745310226,38.881696228398226,35.68299121755926,1276079.056569728,38.91951079607126,35.85354617849618,886143.4450292962,39.260360445356554,37.58298116579628
2017-02-15 16:46:39.662088,1374724.7104424755,38.87117050855018,35.6687051623281,1270830.117033132,38.93457941931457,35.86007202407559,881694.5820212392,39.28396222238649,37.58944848500325
2017-02-15 16:47:43.886495,1373745.8129504689,38.858862582269644,35.71225207329074,1272062.2102574706,38.885387544266415,35.86079427340168,885997.7276772112,39.273142047586305,37.56350997745456
2017-02-15 16:48:48.049065,1380198.7647163456,38.82907136616653,35.66800841032397,1271327.227666535,38.85424538374657,35.867549112823625,887953.4833524375,39.248739860266895,37.58573587907135
2017-02-15 16:49:51.796696,1371802.1727951602,38.92078618585237,35.7105638319892,1264825.4511599608,38.970825868540715,35.878934787440784,883551.5372752432,39.31444134307336,37.60091029954188
2017-02-15 16:50:56.318376,1367472.8189898182,38.85680228966951,35.69127297079491,1263388.1096318488,38.93885757945783,35.86672460701918,877701.914704917,39.29083688312369,37.57938001157413
2017-02-15 16:52:00.557810,1351991.990812003,38.86089798545392,35.440825909135526,1248309.3811699483,38.88846615730467,35.62835047321399,857197.2564431846,39.23430686370663,37.443041262816756
2017-02-15 16:53:03.386418,1365030.9687260212,39.13514157364929,35.62231239298175,1264871.9141951208,39.11788809012798,35.83439079327608,874517.8443725862,39.394509592554755,37.544717913570324
2017-02-15 16:54:06.334083,1357348.5881913654,38.86651820027532,35.55002159649486,1251775.7254801472,38.90844137099605,35.73972247010914,865620.7955466297,39.28268955367127,37.50711403004098
2017-02-15 16:55:10.696446,1351957.9919549292,38.967428304607424,35.5084491083806,1250267.7777437742,38.975787036102815,35.71114460962129,859688.1662236869,39.33780992547457,37.51364420554939
2017-02-15 16:56:14.648013,1343938.6923124986,38.83000482379266,35.54286484169954,1240856.2005449424,38.85056829760835,35.741886468323855,853231.813429074,39.23458973265674,37.50419653069539
2017-02-15 16:57:19.073537,1342750.7684906048,38.8525663744261,35.47877715872687,1239306.6701605173,38.901676805005835,35.69093178680005,853296.6885554984,39.27015609455257,37.46743075141256
2017-02-15 16:58:23.995411,1357532.9259118717,38.85395361682569,35.61129566486787,1257376.6990098397,38.90128002692029,35.76287089499356,866885.0233636677,39.242774671405826,37.51296716860377
2017-02-15 16:59:27.691744,1344999.1765924175,38.913795473687806,35.38887320552087,1239828.0956191807,38.92068655740347,35.58312253882461,848592.9913304922,39.280659860486224,37.426397927280576
2017-02-15 17:00:31.037232,1344090.6223741192,38.831739212526344,35.43473387758198,1240953.8122145317,38.86049021645379,35.61414356672272,850732.3574950919,39.24219016098916,37.435344652486904
2017-02-15 17:01:35.059045,1351294.7516160705,38.837470190836704,35.51327871534752,1250400.7590893633,38.897109038228564,35.68318764562794,857783.27121074,39.263224177997934,37.4679944251153
2017-02-15 17:02:39.226598,1345261.548090377,38.77585976216012,35.5107785439136,1243667.959942714,38.82457957539204,35.71642304780521,853598.8596827529,39.24375487292974,37.46099920906461
2017-02-15 17:03:43.856945,1346405.0909527792,39.01707314545197,35.49516827664181,1244935.2470863508,39.01117927706666,35.70463213714489,852547.4706657722,39.3454382412185,37.44430827318713
2017-02-15 17:04:48.341632,1343420.4711953683,38.861008026654865,35.43859731884146,1241428.1719080305,38.88994146248746,35.595000000870584,851936.1019704761,39.28916145515934,37.447182363011095
2017-02-15 17:05:52.884171,1338482.4738244468,38.921208388972225,35.51146677146068,1232028.1811018952,38.94521244283142,35.72862024384992,851989.0985757958,39.2827078121075,37.48003565678809
2017-02-15 17:06:56.938850,1340591.505507422,38.84570378716652,35.43295463668938,1240595.2022117795,38.88029595576537,35.6184216434775,854318.9250081757,39.274424311334684,37.44025986535019
2017-02-15 17:08:01.653128,1345024.776691325,38.85847969615831,35.52908784311729,1241022.0378055007,38.89753321366066,35.730331917703936,854705.3216048767,39.24491790675836,37.49826425375772
2017-02-15 17:09:06.192813,1345063.8989646859,38.92836979928078,35.37768584786001,1237850.2564690958,38.93992169682245,35.644871948421915,848120.1980364475,39.3079225528646,37.42358582647524
2017-02-15 17:10:10.685392,1352988.722956826,38.89667092376837,35.67374907650138,1253593.6156833516,38.93449071016991,35.882160193677066,868804.5526136331,39.28794810633038,37.57357324041367
2017-02-15 17:11:14.813947,1356490.0775373317,38.92822737334663,35.52726095079908,1252263.6802711058,38.96120529455326,35.71933595362989,863736.5131914746,39.293567689445375,37.52217178215431
2017-02-15 17:12:19.170527,1361811.5685220633,38.93041191108659,35.68434015436423,1262294.5785700418,38.96248553681205,35.865054061117746,875042.2042838173,39.306254210220295,37.57489643024416
2017-02-15 17:13:23.598172,1362153.4354807986,38.94057392056026,35.522574168874,1261741.577461409,38.93206932892455,35.73150352805897,873945.7064383004,39.30291770148509,37.470142009205894
2017-02-15 17:14:27.771645,1360353.220366734,38.93994898281332,35.58122515172352,1260070.4394237476,38.98372206060741,35.78477918053772,871325.2578058976,39.31551357071702,37.521833761757165
2017-02-15 17:15:32.250405,1356585.4069900787,38.781759308467606,35.569475725270486,1253862.710488843,38.81554827555449,35.75521219319213,865807.9959452442,39.232301662510686,37.500512627338146
2017-02-15 17:16:37.060097,1350950.5890693637,38.85516735549144,35.47380171664523,1248796.0306379274,38.88261978645145,35.68647122756274,860520.8948325351,39.245013293463984,37.442314872438246
2017-02-15 17:17:41.141362,1361863.3628087977,38.88575645184012,35.648449011805965,1264735.488593169,38.88809848545633,35.81875434767131,874687.1767748861,39.30755740726401,37.578404159362194
2017-02-15 17:18:45.455985,1355718.5944242175,38.9331183522893,35.499307239789914,1252463.4066523642,38.95694368402522,35.693309184094154,860652.7599740417,39.26501171649838,37.47229813786781
2017-02-15 17:19:50.048688,1364053.7594049303,38.89027744220001,35.668612683961165,1266168.1797668263,38.95168421052296,35.837440701628324,876452.3664673071,39.28655197785528,37.55450227170704
2017-02-15 17:20:54.401948,1350330.19275107,38.924309161820965,35.47414385701143,1250748.8593693483,38.96534323035836,35.64559967800003,861742.7411957346,39.30558123637334,37.45537366001023
2017-02-15 17:21:58.672518,1346423.68476416,38.94616539186113,35.51451373309838,1248165.4736270076,38.95816016574258,35.7106783340424,860058.8861869333,39.31296654459502,37.47733016519164
2017-02-15 17:23:02.912162,1330919.4559450583,38.87390020150188,35.358193232599426,1228174.0930794138,38.910504446264795,35.55582166532561,840505.5838715021,39.24514151611563,37.39187066938355
2017-02-15 17:24:07.268638,1338124.6957089691,38.927263590391085,35.496862218041,1237928.5435310525,38.95369329802089,35.71379910369435,850506.6141915228,39.308404488259534,37.483837130602254
2017-02-15 17:25:10.803366,1334049.2554382724,38.84679749811709,35.4838332575668,1235528.5800082656,38.875639717803416,35.65697522855721,845439.067003548,39.26183686162399,37.461699939252846
2017-02-15 17:26:15.227753,1328951.741255594,38.96348056652238,35.311582693136856,1222209.464817351,38.99409328830908,35.54167606312159,831377.8309309371,39.31434589245683,37.39566743294975
2017-02-15 17:27:19.354356,1327333.9257343533,38.83864354747135,35.48630247826324,1225874.8889979995,38.89422559402019,35.67452720495376,839903.2387505741,39.26580468108268,37.4666822024063
2017-02-15 17:28:22.022875,1319797.2542804694,38.83242759282347,35.36696985708924,1213203.6041399087,38.88783224991099,35.57689993967797,829142.0456421748,39.22851722647406,37.43888637549294
2017-02-15 17:29:25.483475,1327098.2465650062,38.81820043690658,35.29973425135573,1222629.4982483105,38.84345768291634,35.50439054209198,830600.8686986358,39.2494157763973,37.36603863081673
2017-02-15 17:30:29.548915,1342665.9291292406,38.888173307459496,35.593525562425526,1244817.5164121995,38.91572395605829,35.75873208948588,851707.3099398488,39.28665923696169,37.525645721494804
2017-02-15 17:31:33.970602,1335412.2573235584,38.833546923917176,35.346098032817586,1233533.3555380465,38.87085481550858,35.56494811168625,841908.4394049176,39.21923690272055,37.40084966731407
2017-02-15 17:32:37.704205,1335875.6673654187,38.91316518830351,35.48331729661066,1238543.107015414,38.94979937522304,35.659231310819244,851190.5152665605,39.2978324829492,37.47243645930612
2017-02-15 17:33:41.711567,1329058.2975918185,38.824856380871694,35.346113159772024,1228497.5687296384,38.88158988064885,35.5210816505442,837586.955025503,39.26952294233595,37.38675597770287
2017-02-15 17:34:46.063144,1325854.0261387974,38.926620045340734,35.33005850362025,1224898.5263215792,38.958686588771464,35.557537047257604,832795.93481901,39.29914765379203,37.39980063465013
2017-02-15 17:35:50.093698,1325408.5050184736,38.77014773549043,35.36105108330238,1224371.1392792223,38.78110774947053,35.54724916294926,831489.0947039861,39.22252850871477,37.39091344076564
2017-02-15 17:36:53.626223,1320246.014314219,38.92905535476649,35.24389521256994,1218528.033666248,38.93129540602021,35.42278283702315,823409.6998193512,39.29628753369181,37.33920309905192
2017-02-15 17:37:56.870765,1319032.6069395908,38.87678725027578,35.38468644610563,1222537.1205231228,38.90460381344407,35.55277033169538,831475.9573234846,39.283093017451264,37.392968373176444
2017-02-15 17:39:00.479361,1313135.0809915208,38.83652160874978,35.220463594839806,1210895.8137092905,38.85452262518464,35.39767003285984,817373.7893581932,39.257844179855276,37.32686820944522
2017-02-15 17:40:05.008007,1321100.4608659595,38.81197910078517,35.34282953693392,1223775.3029804965,38.856763535952055,35.513766773024116,829888.9781783384,39.25464574769932,37.37995522638101
2017-02-15 17:41:09.417594,1326455.7657434389,38.91489865401795,35.43167684410204,1226228.4754459164,38.94386527177778,35.59460282065687,835339.1340726719,39.3007823313582,37.42540362939679
2017-02-15 17:42:13.714147,1321710.838244476,38.89888011847103,35.19553041308338,1217508.880284998,38.929935811532815,35.38196302481832,822046.5634059018,39.284853708757595,37.30760321407117
2017-02-15 17:43:17.829800,1321314.9934580594,38.80575001803095,35.35143075486926,1217320.7350181798,38.84501314424261,35.5567157787769,828113.9603381304,39.25116197055939,37.38397576681382
2017-02-15 17:44:22.415178,1320585.3129338692,38.94795571909238,35.34688047152149,1219367.3428256803,38.96292420496395,35.52713477982028,830373.8507962632,39.3159056269456,37.39226010623783
2017-02-15 17:45:26.571814,1328393.1316670773,38.93127771813912,35.44164519988323,1230336.8927839275,38.96195337375326,35.63309319631095,838261.8954637211,39.33783964585179,37.41252697723952
2017-02-15 17:46:30.375247,1324834.4222098002,38.83851097355037,35.32046715684744,1224375.3168943827,38.87577188911115,35.516784922471835,831649.9647943919,39.25982415922249,37.363650470254015
2017-02-15 17:47:34.584920,1321864.5488776139,38.976792410632825,35.29036742720669,1215719.073120364,38.99886463339089,35.487666551280206,825902.1979711329,39.31722507041723,37.39022899704235
2017-02-15 17:48:38.982414,1321411.5236725842,38.807434877599306,35.39469563476786,1220890.4779092001,38.87929802923843,35.595295584040805,827336.409218742,39.24817737697532,37.4161089363186
2017-02-15 17:49:41.613052,1318250.666187655,38.90298806451701,35.26084163167445,1214655.1415460664,38.91656787055426,35.48656342185865,822073.4325601772,39.300395451639666,37.33995130626816
2017-02-15 17:50:45.500520,1309568.7708619225,38.872616777645135,35.2378988605168,1204947.1161910633,38.899261144184756,35.44927869560191,815184.2665846357,39.266937169124326,37.324514321173
2017-02-15 17:51:49.725979,1308114.9171673693,38.87409527817322,35.228954955630094,1204860.3861714143,38.88832567585425,35.412134558538774,812000.0441872961,39.29612541935886,37.30796109279129
2017-02-15 17:52:54.073540,1310654.8485122628,38.90047762836399,35.298394927089134,1211976.5063959197,38.87018677103848,35.457721936000155,818465.4949220215,39.28963959296158,37.353267128368245
2017-02-15 17:53:58.805108,1303903.6999845493,38.841536352536146,35.17143058844009,1206098.0705418643,38.881064173183894,35.34418700012496,809168.541771057,39.26442652277726,37.28975020830964
2017-02-15 17:55:03.084701,1302705.361642251,38.94617383229299,35.20844553071736,1203557.72488893,38.97873200057162,35.404402647586636,806981.9623933731,39.31851207456621,37.309069678135245
2017-02-15 17:56:05.840183,1312190.4258863954,38.9024901828712,35.28785713537944,1209783.4255406016,38.904748038876825,35.48353740132988,818126.2322978922,39.29683394512073,37.33094101102861
2017-02-15 17:57:09.898846,1300969.9807073865,38.94328591233931,35.18745758757244,1201221.079880495,38.96186775467848,35.360876207324466,808211.8763997431,39.30641006872491,37.28895531118859
2017-02-15 17:58:14.023281,1301288.6146279876,38.87663008186193,35.2364229294154,1201472.2150028474,38.916390317284694,35.409752785476954,808083.356433333,39.28137465942161,37.28950987052487
2017-02-15 17:59:18.563852,1303987.1177174451,38.87218518560717,35.20990701434577,1205623.373496105,38.895897309594886,35.39055778543469,811058.9375008796,39.281137950469294,37.30774608127292
2017-02-15 18:00:22.146398,1296790.491482539,38.87725374508245,35.159237780330685,1200974.1993134993,38.88813591799064,35.32727062743613,801038.399575122,39.309641311343185,37.2617272878581
2017-02-15 18:01:26.558964,1305303.5705452408,38.86405768652236,35.334559445531774,1207263.238423254,38.876902489770316,35.556690396454655,814563.8152215926,39.274862325579264,37.37491547639387
2017-02-15 18:02:30.485666,1292756.2654743053,38.86095545584377,35.09234800582118,1194452.404964602,38.911001680329846,35.290713462705035,797054.5187928708,39.29837564735204,37.24590682481953
2017-02-15 18:03:33.878342,1295961.6259438575,38.88178640108215,35.129098699208335,1198761.3726127285,38.933592074294914,35.32809797241322,802729.7347878489,39.33122452663627,37.230322352017694
2017-02-15 18:04:38.108615,1322507.189026755,38.997639668437344,35.327457852321075,1225560.861983315,38.99222416387968,35.52316387678216,830195.7250479189,39.342791856557554,37.3940349308177
2017-02-15 18:05:42.231158,1318443.4760975842,38.82535451574496,35.248620785090374,1213907.764846834,38.839915204364296,35.44639727429126,817518.9764297142,39.27835782292499,37.313667844394814
2017-02-15 18:06:46.053865,1297104.1652063564,38.892062738475595,35.24223393321009,1203519.671981722,38.91485814446006,35.42492448622776,808553.9069613711,39.280843873430754,37.311268357394304
2017-02-15 18:07:49.380243,1284879.110605957,38.77326188026954,35.03721009800401,1189059.491753489,38.81351470050646,35.22195729790654,792998.5379636486,39.23358044696634,37.20056746336365
2017-02-15 18:08:52.876769,1284623.4640853163,38.89773683205855,35.07717258373108,1191407.3173062638,38.904829252524195,35.266546293247835,791882.5195129879,39.31695364094554,37.23431359950905
2017-02-15 18:09:55.565432,1291144.9655295757,38.88574895954146,35.15350552499991,1196022.2327561243,38.910987935002304,35.34172520517364,802211.1807126069,39.29766692060725,37.29907355974702
2017-02-15 18:10:59.377881,1287458.5464494375,38.898509149300985,35.06881973125106,1191384.5985294594,38.92149331906826,35.248813251995955,794476.9103138299,39.29563003842201,37.216925586309195
2017-02-15 18:12:03.347501,1287225.7816928138,38.87820142679758,35.1407610561231,1192503.6800095155,38.89479999052464,35.29737687817513,798168.3808755595,39.287222254275804,37.27466307006746
2017-02-15 18:13:07.735066,1287229.3890977954,38.81969859143527,35.15065768934994,1190316.3077279117,38.86635772473913,35.31868471008137,794473.981782431,39.281877532704506,37.23694915652926
2017-02-15 18:14:12.167576,1286421.3700194883,38.85898490930052,35.1406738308755,1191372.7576380544,38.91655166045222,35.29004197677625,795538.9491082755,39.28595820246066,37.221182374614486
2017-02-15 18:15:16.069244,1286504.4347278904,38.91624875999016,35.09877611372745,1192017.8172655317,38.95403378213332,35.27122139523778,793653.0776981496,39.326582725767665,37.24517247051924
2017-02-15 18:16:20.629642,1284258.0970550093,38.85221545333681,35.12204640125482,1190803.8056117862,38.90651637468899,35.28570790527308,795525.1067710323,39.31564815530539,37.23597034851258
2017-02-15 18:17:23.347109,1287266.669222623,38.912482348889064,35.14331225318099,1192765.5417771598,38.95486683854518,35.345289904195354,797682.1097444594,39.319719095230184,37.26606268212068
2017-02-15 18:18:27.637704,1286568.7507024528,38.922894272632576,35.10009105277859,1193457.9417636334,38.9541566941743,35.29346296704226,796136.0501423801,39.31675995311718,37.24146635367944
2017-02-15 18:19:31.690346,1284594.9963949956,38.80828702191131,35.071346515878524,1190472.0420265351,38.82693423320531,35.219345734913595,789784.9846126053,39.267175717888016,37.22146295657372
2017-02-15 18:20:36.319663,1285047.7080335186,38.859921443152885,35.17031228304304,1191570.080660821,38.89742349019606,35.32481424633103,796787.7556111573,39.26411074943319,37.25240941174613
2017-02-15 18:21:40.808216,1283119.6018309332,38.88274674769173,35.046648137996094,1191483.7920499102,38.91174572701689,35.206609820063534,792104.5769525019,39.31614540861916,37.1885412019817
2017-02-15 18:22:44.157942,1282699.596722168,38.87511565275025,34.99605936755301,1186933.3601995253,38.896876964770634,35.15300329658328,785828.3261781732,39.304452543142865,37.18994852635621
2017-02-15 18:23:46.971447,1284977.056026879,38.852198638124506,35.0165110470544,1191669.062552699,38.885786707343804,35.26387682474462,794202.8919241352,39.29460715735768,37.21885416338889
2017-02-15 18:24:51.646898,1281358.883861889,38.92433865010219,35.10841163954192,1189828.6858650984,38.94659881935546,35.291551954601374,789482.7683064382,39.34619427754582,37.23451710534686
2017-02-15 18:25:55.836507,1284403.9493559888,38.86267704671184,35.00612035313259,1192550.369580884,38.91101990429769,35.132755159127456,789869.6856735128,39.32307931139461,37.17858101781102
2017-02-15 18:26:58.611045,1290923.1208854425,38.869906086490666,35.03212133142322,1193426.0980105018,38.908265920257065,35.21552855318346,793864.445755237,39.29636483960777,37.19318308129508
2017-02-15 18:28:02.833468,1285897.5199298407,38.91460942231471,35.08391285556292,1195209.9848819142,38.9418440412697,35.231484250676786,793052.9198731555,39.342954972765305,37.23639774044099
2017-02-15 18:29:05.623100,1278292.329169735,38.88847247677481,34.94887911734086,1186904.935953261,38.92507885128443,35.127783480513926,782663.7665849751,39.36181188804309,37.13758461720637
2017-02-15 18:30:08.881498,1276999.1217006368,38.945444947704566,35.04167916618551,1189664.5000712043,38.98128540831264,35.19499163748019,785851.0824844685,39.3427550015057,37.18743073661261
2017-02-15 18:31:12.975554,1277234.06673451,38.86245782485226,34.9931304858477,1188567.3996938434,38.927252973888194,35.12914632875394,783506.7605511674,39.283137499331914,37.14864880454418
2017-02-15 18:32:17.696742,1280100.58250189,38.84995227833279,35.074734110690756,1194567.8229300652,38.870883025242954,35.22904210056924,790588.5723412022,39.29608965826904,37.19209739393468
2017-02-15 18:33:22.223233,1281956.9396264532,38.90789746766812,34.9768757261983,1196545.8194387758,38.936800578324544,35.10518302510895,787796.9973157641,39.32096262334243,37.161741256462825
2017-02-15 18:34:26.480920,1276802.6119347985,38.90736985072796,34.96037393453235,1190363.7915451692,38.939697784134786,35.0992356419738,781256.3171629773,39.31645117598221,37.137219693995256
2017-02-15 18:35:30.652296,1286171.9831979168,38.91231423587792,35.174623120102396,1201779.3062127284,38.93053965488995,35.28790754522361,799070.6221486264,39.33116261173451,37.26327029689876
2017-02-15 18:36:35.212971,1311204.3525084243,38.858919583868584,35.18575582930955,1226395.5197717212,38.866302805024134,35.28335473185037,815329.3045034965,39.25674390377557,37.294985298936936
2017-02-15 18:37:39.365463,1322848.429079784,38.96802847193966,35.355990637707556,1238542.6644800755,38.980701745277315,35.4748262437256,829989.4202545215,39.362628947147634,37.36147976823835
2017-02-15 18:37:39.365463,1322848.429079784,38.96802847193966,35.355990637707556,1238542.6644800755,38.980701745277315,35.4748262437256,829989.4202545215,39.362628947147634,37.36147976823835
2017-02-15 18:38:43.455987,1297550.1440092833,38.84723390157089,35.257239402841996,1217745.1205210644,38.88240713847394,35.35182546080114,809518.9300125049,39.288867308313726,37.3348976593513
2017-02-15 18:39:48.059966,1281599.3744378788,38.943048424042644,35.03746324340364,1202329.8250416063,38.94182479064029,35.15778805008231,791748.0175135524,39.308483417332454,37.194714548922384
2017-02-15 18:40:52.649222,1285850.0100761496,38.819444314977964,35.13580361066376,1204155.8095270346,38.844475160328436,35.25232967392951,795313.164028785,39.27322450567596,37.261448937417924
2017-02-15 18:41:56.966780,1286584.4909212096,38.79629098184496,35.2222467492212,1205014.6089982064,38.843056896421885,35.32648699780969,799193.9616009765,39.26990639091774,37.29181688934001
2017-02-15 18:43:00.932327,1283469.259325381,38.847094225353324,34.99978305765059,1201499.8852703564,38.89302665773718,35.14096565649978,788254.0292195819,39.29759027259706,37.193777967823564
2017-02-15 18:44:05.262755,1291293.3853004277,38.88462133254908,35.33400305958652,1211415.9546965417,38.91662592500833,35.422615070127684,807670.1899903343,39.30954430391395,37.36834578722533
2017-02-15 18:45:09.639369,1285155.6568047036,38.82858905815178,34.99259303936176,1198806.6009695916,38.8410706013766,35.160351245167014,787770.4845170788,39.28544320502346,37.20880132965403
2017-02-15 18:46:14.233876,1291560.0467661559,38.829111284320454,35.29152428161695,1211799.6760904794,38.844299301000575,35.42009761783566,809001.0287128084,39.24538263579954,37.330105352375725
2017-02-15 18:47:18.467447,1294561.3420665476,38.819359326977136,35.20753440539615,1213518.8735564228,38.82986108213674,35.3223412885032,807761.919474372,39.2884276257797,37.316282825211175
2017-02-15 18:48:22.511969,1297146.6963294651,38.88633464119567,35.201701865376094,1215918.0390547412,38.91298339628466,35.29602955944197,809924.5284988919,39.28482160588354,37.28674299592883
2017-02-15 18:49:26.019685,1297567.5086163033,38.86504654085296,35.257975251464906,1213931.395236504,38.864588635154554,35.37096236415518,809013.0827467081,39.27416686224488,37.31003812092024
2017-02-15 18:50:30.384114,1297842.8911934881,38.792963919931644,35.25811088458143,1214946.5605992703,38.83857666176872,35.38958360649645,809387.8859788484,39.22498478940775,37.32672645585504
2017-02-15 18:51:34.858398,1293242.9565439331,38.80167433364447,35.14913462670796,1209818.1221887642,38.78450646687661,35.26162034463729,801141.8054938575,39.253549377229305,37.29229722323083
2017-02-15 18:52:39.181302,1295745.6223734487,38.9084748842626,35.19672451128683,1214522.6760629893,38.90536809573879,35.30014319816576,808974.2421390244,39.30966045390106,37.305263286830105
2017-02-15 18:53:43.513997,1293596.967442366,38.809693934471795,35.20574584603225,1213385.029648519,38.85677783286181,35.28990859937822,807033.8633128509,39.254481204907094,37.299011469165734
2017-02-15 18:54:48.009289,1280774.5507192179,38.79087670789614,35.1552472285881,1196874.8589942176,38.807504075575096,35.313644619422966,794272.9668275821,39.26876688456067,37.28826480275469
2017-02-15 18:55:52.450029,1286350.146010396,38.83809134046592,35.23555576207694,1203984.5059318657,38.833800942234745,35.318104506792785,802568.1128370756,39.273685504838745,37.291556970155206
2017-02-15 18:56:56.723403,1284363.4767611576,38.84327916054843,35.181687231485206,1199083.4626848511,38.906103629600985,35.310379443186235,796886.9842024839,39.2843102633943,37.283660505917716
2017-02-15 18:58:01.190846,1287506.4443107499,38.700162880438974,35.12200327733485,1202777.016494581,38.75595640849115,35.23817895292466,798744.741113073,39.25015842479142,37.21620227235024
2017-02-15 18:59:06.468477,1292292.6692653354,38.814465561384125,35.197217515428925,1209917.908214992,38.86122497180506,35.31446741446673,804319.3548786017,39.26134195429791,37.29780609753464
2017-02-15 19:00:10.724974,1293799.315777692,38.84946553700599,35.27055874821007,1211301.8497943818,38.87297605774136,35.366012142788726,811156.3812326144,39.26875258541645,37.297838038864235
2017-02-15 19:01:14.808524,1294591.9216487408,38.76679254867939,35.26476283858153,1213878.7830655214,38.799271730997866,35.34308698552856,811162.942652274,39.2427926614612,37.318852227387566
2017-02-15 19:02:17.974212,1295703.6554690744,38.84457794967412,35.23345715567347,1212451.4395598208,38.86186075164841,35.33046331672193,809757.2377685009,39.28940368660048,37.33075283696338
2017-02-15 19:03:22.325608,1303195.1149149598,38.865137114621206,35.24950253502191,1217553.6414325973,38.907150018695006,35.36173372870138,817564.6388640463,39.28663106414004,37.33332824583681
2017-02-15 19:04:25.666147,1306297.058260915,38.84076274101007,35.36616807550472,1223694.476364864,38.887731471593625,35.452434116999704,826730.2324549287,39.29580746696701,37.34409212763522
2017-02-15 19:05:29.194667,1298410.7993876399,38.83785384477217,35.44954719161667,1216669.7598131031,38.84355044895448,35.54272062305507,818887.5044926382,39.253443412259244,37.416649002860694
2017-02-15 19:06:34.468172,1288175.85140265,38.85384943386882,35.31954498107858,1202907.2147181865,38.887252537444624,35.44383454934322,807543.064024505,39.29848456653606,37.34429902241241
2017-02-15 19:07:39.009875,1273826.6990049474,38.830778299475185,35.24962674372441,1182358.4152919156,38.866235292491226,35.37930554123979,796505.1959178366,39.274248202783504,37.373266227693854
2017-02-15 19:08:43.580444,1280978.3489640658,38.87890045570376,35.49328776156258,1200701.1699074395,38.88070654259389,35.556667605410546,808489.9751601028,39.28287380171035,37.426301474045644
2017-02-15 19:09:48.002992,1276199.270644658,38.85375839384672,35.293287859155946,1190623.598934195,38.887048591221884,35.40106296036852,796658.5100952719,39.322817067690984,37.316990266562165
2017-02-15 19:10:52.626488,1279688.7718176749,38.79536166716744,35.32552817390711,1191528.9002140937,38.84675967444554,35.425414963657744,799409.8508080498,39.24276173925367,37.35524945509506
2017-02-15 19:11:57.222816,1290791.3190438775,38.81297783100861,35.41518950212917,1205503.3173958755,38.85317836908854,35.55235576481039,812957.4209713237,39.28932790885434,37.437634881219154
2017-02-15 19:13:01.780126,1291336.5084450822,38.824805171608745,35.38412275380097,1207103.2639920884,38.87572734115264,35.480167822748925,811995.5885048325,39.24409579756254,37.39320034739518
2017-02-15 19:14:05.361276,1283750.997390598,38.87962304713675,35.3404706839048,1198216.1357129712,38.91099018578277,35.432595558423806,805992.0861240212,39.31639972737131,37.374748368587674
2017-02-15 19:15:09.576710,1277116.286827848,38.827350848657325,35.409444270991486,1192339.7023922522,38.81893654436963,35.50942466855481,805976.690512426,39.296595905432135,37.39640451713246
2017-02-15 19:16:13.970308,1286251.6619632058,38.80100877473234,35.39159520870787,1203170.1165237688,38.836947855379734,35.51811588512898,810039.5269384547,39.270101703664636,37.38984978515281
2017-02-15 19:17:18.652573,1303698.0772864698,38.80731624707536,35.47799121133433,1222783.5555726427,38.8341421037545,35.5629468908006,825939.5382596124,39.25966565372634,37.4582549455523
2017-02-15 19:18:21.548494,1309380.5246042237,38.95947885519994,35.47423828671349,1230862.0003529969,38.98649149722072,35.62150670640376,835125.5788781256,39.33438252179444,37.42748382743882
2017-02-15 19:19:24.615010,1313849.297895507,38.87605372617147,35.43220507133039,1234175.233852741,38.90153170470571,35.5699169171754,835010.548482908,39.3089951279727,37.45864661421141
2017-02-15 19:20:28.718408,1308000.2094731606,38.78899422055879,35.43854708335889,1230282.1167179777,38.82768456520995,35.53610583830166,831238.2808145393,39.254733335362666,37.44791169609399
2017-02-15 19:21:33.344972,1312306.8668160974,38.896067064257934,35.520969060547934,1229969.787726902,38.91404912101904,35.633084222346554,839156.96484908,39.3397443658516,37.45388537372561
2017-02-15 19:22:38.719633,1314199.4468696183,38.89476408660541,35.41245264454872,1229283.0502916547,38.903994581364415,35.521371946239164,832177.0398508242,39.30075802869185,37.40927283199456
2017-02-15 19:23:42.878248,1313068.784801882,38.879838865158185,35.522526942489044,1235182.0842418447,38.90971707813476,35.61059482908718,836659.8248933291,39.30094093611464,37.4810085349174
2017-02-15 19:24:46.481690,1315248.6673804526,38.84233488644926,35.506261056319254,1236043.4671110138,38.90313828437439,35.5670325309162,838320.6600627805,39.28975808565275,37.47273613842401
2017-02-15 19:25:50.804262,1315078.8703829863,38.85938936316581,35.5219842395864,1237781.9403373646,38.88353687224155,35.615145624417416,839104.1368407068,39.31474833496419,37.47926646816757
2017-02-15 19:26:54.663744,1309325.2328323754,38.88434162525294,35.47823541550703,1229163.268221418,38.86692157365701,35.5625720516907,833597.0204681884,39.245688408749366,37.4584828676138
2017-02-15 19:27:58.877420,1312028.82672025,38.813893352881664,35.49093467111791,1232140.1067691226,38.8458973321854,35.57307533185073,835885.9759783995,39.293961903718355,37.43868826522943
2017-02-15 19:29:02.538836,1313213.966348051,38.86769426544999,35.490544389865946,1232456.6853764846,38.90503339077527,35.577121495820414,834986.7660702674,39.301140131506806,37.469891121222396
2017-02-15 19:30:06.808517,1302079.2231117703,38.81223812005199,35.36895495807906,1221381.2873358834,38.85538685129908,35.464921547546915,822961.3931977099,39.29685813550975,37.407024215992415
2017-02-15 19:31:11.629586,1305901.6182485267,38.885570025057596,35.51725860730788,1228566.5028702184,38.926892276390554,35.595549486645524,833394.983472744,39.3233884061052,37.429413697404314
2017-02-15 19:32:16.082516,1317430.9501167142,38.875210215956145,35.56919120124314,1236507.7035246724,38.911164941849826,35.7108625978957,840690.9011548051,39.316598095766686,37.51973069119307
2017-02-15 19:33:24.469202,1322811.9100923382,38.849987864911824,35.53984306919032,1240908.5998490662,38.90754585997601,35.63309038198359,845484.5702344122,39.278687986361916,37.50872883435611
2017-02-15 19:34:28.635620,1340178.1325938997,38.8535325873379,35.717837023771544,1257441.0170082564,38.858760009533825,35.81717094437488,865549.0688008489,39.285893649020615,37.59751882102452
2017-02-15 19:35:31.496278,1326493.8072314016,38.85229815241943,35.584733535527796,1242554.261787762,38.896468144648125,35.70448948870078,850552.8322674365,39.28260177277734,37.520183831170094
2017-02-15 19:36:35.630759,1321289.0399347967,38.89329117742482,35.544908520295444,1241433.8552814252,38.926468069880336,35.649014002829674,846129.2261347222,39.307424994325295,37.48193927092582
2017-02-15 19:37:38.551478,1319700.7992183568,38.84892567812157,35.61826957530602,1239761.9347363967,38.908446167502234,35.69849851530694,846257.8350313744,39.294132357258206,37.55157070622958
2017-02-15 19:38:41.364756,1323896.4595525423,38.85743129293283,35.65266242428547,1242726.3792636623,38.875882386532766,35.76375541478849,849851.1647001725,39.28629496340057,37.53772858956024
2017-02-15 19:39:44.592268,1323951.454810467,38.88659433126607,35.68882313539148,1247456.949274609,38.89017996349597,35.79389052583577,854942.490175295,39.29075843754026,37.56904673385415
2017-02-15 19:40:47.431944,1314253.177092503,38.94228237843265,35.5340925685746,1229927.2226306922,38.94570572288247,35.64632294162094,840411.4260521537,39.318086265098394,37.48374034202465
2017-02-15 19:41:50.318339,1311087.2269005878,38.84935373362281,35.58761398978512,1225133.6333359312,38.89193937742725,35.685436434942304,837763.3322718566,39.299727062583685,37.50781768747919
2017-02-15 19:42:53.137976,1320783.4616295416,38.85706907347804,35.65171440545225,1238119.8593799132,38.912154910385425,35.7562454900731,847989.1191344643,39.302552718863204,37.5609669626828
2017-02-15 19:43:57.475583,1315221.5206340663,38.94714864032204,35.52476358124765,1231084.310744806,38.97454236209037,35.667025445065235,837651.6739265457,39.3380493291529,37.51462530060399
2017-02-15 19:45:00.171227,1339963.71282173,38.81517625163966,35.73254048477547,1255542.9448055048,38.86675712447234,35.814943126859646,865056.0957989064,39.29291648038949,37.57408221132431
2017-02-15 19:46:03.907701,1340845.6082910814,38.96087945697707,35.777739374807936,1258182.0230298494,38.970372455619064,35.90810568685398,868986.3528037826,39.362165628784204,37.63379492844862
2017-02-15 19:47:08.168116,1345075.8848837123,38.891319939066456,35.75967132203554,1261477.2208005965,38.919800356222325,35.874737866394504,872758.4064944829,39.31325599991767,37.61904598650254
2017-02-15 19:48:12.336610,1333457.8265504392,38.95793007003946,35.65388184456682,1250140.04354092,38.9867973244064,35.74228877372407,859411.5220665089,39.341121235612,37.551016560052695
2017-02-15 19:49:15.770181,1316309.4439800342,38.91801198110558,35.600746589884025,1234452.5261302222,38.9519786400307,35.70507245045902,846459.8436409826,39.3210012731607,37.473951988899735
2017-02-15 19:50:20.125748,1309982.2138419456,38.87841098581715,35.616514233044676,1227895.3691347383,38.91102566141711,35.68678929130397,837672.2142013728,39.32913189586519,37.53026296716104
2017-02-15 19:51:24.604326,1312212.5475035913,38.88385751248445,35.63996535065701,1231178.0108848219,38.90770376579453,35.735700139115814,841738.0532366233,39.30362872216334,37.54965837179344
2017-02-15 19:52:29.099837,1314546.6261869003,38.915056481709385,35.60771655090867,1233503.1099636264,38.93379174773902,35.71009774082896,841838.4204258883,39.3158320868946,37.538733956904984
2017-02-15 19:53:33.614459,1311935.325999013,38.900706150753344,35.5683313414427,1230561.0700220233,38.929924967023766,35.67195644463302,837592.7967192801,39.32907175483106,37.469657402576466
2017-02-15 19:54:36.616999,1308664.2034956052,38.86309358164862,35.559758650332434,1228216.563859323,38.88617558007216,35.67950892717407,834653.6149765552,39.29881415541211,37.51633718941178
2017-02-15 19:55:41.013495,1315236.497606764,38.8955688689823,35.61063107917273,1235730.5457070507,38.912013201335846,35.710328835578586,843101.6060026118,39.29426814008252,37.509182599792204
2017-02-15 19:56:44.358041,1309372.457273467,38.82056698647677,35.49863638987731,1229466.970660187,38.83727168516581,35.619817472122406,833313.5680831121,39.25498790399283,37.46702797578455
2017-02-15 19:57:48.450598,1311379.4388032146,38.954316468489715,35.49048176510061,1231394.4417194838,38.99508624426655,35.61007129684327,837849.9810301566,39.34241524135841,37.460334134547814
2017-02-15 19:58:52.730214,1317539.5967393387,38.87352858486636,35.71255076237027,1240714.9252546115,38.906641587612825,35.80803815039937,849711.151023595,39.2954193000175,37.584924609988974
2017-02-15 19:59:55.603802,1321158.5767944881,38.9348638587871,35.678222216298714,1241153.0792021344,38.96167231783593,35.7859057461909,852116.614820685,39.33919807478522,37.56008142953742
2017-02-15 20:00:59.863252,1318174.2533412606,38.850648269487955,35.61179953979638,1235309.9485497153,38.8870517245412,35.70582984732248,846645.185005409,39.30895956391758,37.544235063047324
2017-02-15 20:02:04.573822,1321734.8088465217,38.94603231118943,35.72157974341697,1241503.5649282397,38.98586935660436,35.83201565315257,849429.1415925587,39.3513582296596,37.57970751028063
2017-02-15 20:03:08.730378,1327754.2306185514,38.9045219187348,35.76746559337264,1246246.8119103662,38.91191355682514,35.868865073457755,856288.6884228863,39.303142943336574,37.555476292662604
2017-02-15 20:04:12.762934,1325668.563714554,38.882042230530196,35.746990471522146,1248078.873891002,38.86779228079912,35.82149556572453,856997.3038609604,39.28586043901668,37.57144661753981
2017-02-15 20:05:16.761656,1313812.5774233213,38.87677572090249,35.60170407092366,1233382.3452204661,38.93319840159466,35.715409324648064,843247.6517369624,39.31269976163955,37.51811028603922
2017-02-15 20:06:20.915217,1308552.57770514,38.81494927180029,35.4813318749329,1226434.2792176714,38.84951998968471,35.54333686866134,831311.3419093457,39.282192498266525,37.44780740013851
2017-02-15 20:07:24.972656,1306992.2676204508,38.91146030618669,35.48423379698856,1227089.0355769726,38.91736925397094,35.59234070379217,831362.2255292027,39.29755563696232,37.45743295817426
2017-02-15 20:08:29.324221,1302584.1868332871,38.825006304639984,35.50260583677921,1217910.3698252165,38.85615352205839,35.615956514992874,826803.8550559884,39.28247664457852,37.462560185804605
2017-02-15 20:09:33.667757,1300017.5714925118,38.83871012773222,35.49253338825966,1218019.226650679,38.88902374515032,35.61400623852395,825221.880223484,39.30538194415824,37.45363081469431
2017-02-15 20:10:37.926416,1304669.503834025,38.87882188099552,35.49632575222466,1221810.9832598728,38.89824905727082,35.59278868647233,829060.8391811509,39.29462347267405,37.4746952934767
2017-02-15 20:11:42.327912,1299557.4256492853,38.84743193236362,35.46741008786811,1218541.6635965987,38.900718563412646,35.56142891251711,823830.8367364786,39.31151450578782,37.43903068308324
2017-02-15 20:12:45.145380,1327709.1942763706,38.857144560193404,35.662081927125556,1246270.194149967,38.89885892857337,35.7671070535987,851208.6849816043,39.30863120431328,37.549365667074355
2017-02-15 20:13:49.579132,1325717.4704765526,38.8933551859461,35.613495321348395,1241835.3099201922,38.93081107061386,35.709156819672216,849709.5060816446,39.31847956872126,37.55575974634537
2017-02-15 20:14:53.926584,1308068.672436981,38.86163714517011,35.6482320385765,1231316.134036206,38.86856721034975,35.7334843952688,834963.4684633391,39.30341663160625,37.505447751510054
2017-02-15 20:15:58.248136,1300169.5902286044,38.90705242082159,35.49996955208064,1221399.2290954927,38.92856248234802,35.56225317746029,826610.9293630263,39.3422678472016,37.472771191888825
2017-02-15 20:17:01.147704,1305225.0279735625,38.89720313601782,35.551395117806514,1224164.0133135421,38.91359222136749,35.62884447048094,834677.4911987538,39.316332932380426,37.445255237256184
2017-02-15 20:18:04.267202,1306981.0298887796,38.920754060260855,35.626550646703926,1225961.163224851,38.92844464035499,35.727851117122725,836230.883813189,39.314495957072324,37.52786159335762
2017-02-15 20:19:08.029992,1304599.6664937062,38.95626008260729,35.60838108455738,1223147.3179485667,38.960116125438184,35.72776335910104,835100.7800959046,39.34171577042091,37.48015369254932
2017-02-15 20:20:12.297386,1300415.7145894612,38.82483645867243,35.5289715065973,1217878.4685577909,38.82787060052676,35.57993638838793,824262.036420648,39.28063120321914,37.50532985926123
2017-02-15 20:21:16.455877,1306021.5073781952,38.85768250549001,35.567135628848725,1222791.1835840328,38.9008407931195,35.68909174025339,832596.5267139219,39.30236072212886,37.49621111173215
2017-02-15 20:22:20.784449,1303302.1475367013,38.85497946959846,35.64642443213358,1223188.803807686,38.8757046884271,35.70739315942833,834371.6463086639,39.30592447325861,37.49421754932532
2017-02-15 20:23:25.345948,1301331.5411074779,38.93915148009749,35.630586844624744,1222797.0832805696,38.951297209643975,35.72945270119599,834800.8075714908,39.334667730708354,37.53723597284437
2017-02-15 20:24:28.032611,1300292.5816679723,38.84579387452009,35.55585801083482,1222191.0542574814,38.872024042980414,35.63085420961529,828818.1053580304,39.28476927359782,37.4987625926921
2017-02-15 20:25:31.872018,1295788.6404118736,38.86594399702981,35.42662148717436,1213589.1194640372,38.88582887158583,35.54311177046117,820993.8855138067,39.292031274281875,37.42395896571722
2017-02-15 20:26:34.669663,1294929.2511960121,38.85777785954739,35.54611538583253,1216325.4673283002,38.883479550876025,35.61318774015075,822032.1257186189,39.29879920332755,37.4771110518664
2017-02-15 20:27:39.773430,1285436.4215320328,38.82705208207094,35.425580851705725,1203683.061814926,38.82712562851209,35.55582102294238,810266.9426688151,39.28238005829235,37.42856419068897
2017-02-15 20:28:44.987589,1284874.5536187957,38.954863416070864,35.35361227300937,1201942.1465909176,38.94727442672655,35.475546050680286,804938.4064827829,39.33961551018345,37.3926479739724
2017-02-15 20:29:49.579178,1289759.9822439426,38.82568757053135,35.47271836551365,1210192.4245712177,38.87211280958234,35.582578314930466,816104.7274569938,39.28418151666784,37.44517153341317
2017-02-15 20:30:54.085976,1294868.9526780269,38.86574957680581,35.4526811419,1215638.6836646427,38.87540387509606,35.53437432961731,818715.8459007454,39.258230581839676,37.42047158783476
2017-02-15 20:31:58.934374,1294019.8850589842,38.92058319739219,35.46616943346846,1214715.8154104608,38.923678501866426,35.51382418201552,818870.2350515507,39.36309633447391,37.41502764415018
2017-02-15 20:33:03.294010,1295018.6540608858,38.88017391357381,35.43774043316609,1216669.23708395,38.92677534276883,35.538400143854616,818862.0180426594,39.31548535893465,37.427099246017455
2017-02-15 20:34:06.475475,1295601.631431386,38.89689654708008,35.524690836302966,1218602.3043441796,38.89579243878611,35.647175921189344,824965.1266449527,39.304906047202984,37.44796861468307
2017-02-15 20:35:12.156042,1301695.4219688282,38.86154219199533,35.55200993519074,1222113.0863811763,38.87904665234439,35.63631759823623,829448.2157478418,39.29931787707893,37.475877282301404
2017-02-15 20:36:16.922767,1301787.6669342516,38.954732734135234,35.49075206504147,1222451.3101244767,38.941339277313304,35.59058003413166,827247.1781128787,39.31124346002757,37.46122365205891
2017-02-15 20:37:21.477167,1303360.471736555,38.92947776067536,35.61997720361428,1227572.5554513063,38.97240523351681,35.70918326998656,834074.4109607948,39.32305689983851,37.560610263880726
2017-02-15 20:38:25.860787,1310225.5600666546,38.88889921732476,35.63216863272741,1230063.0690994062,38.91162674830662,35.754450285320715,839817.9799883618,39.32538622351147,37.552630110286955
2017-02-15 20:39:30.380384,1308971.160146732,38.92026484031939,35.617114111290014,1229794.6873846098,38.95573213132904,35.72734529459601,839679.6512642234,39.323321823049305,37.51176341065989
2017-02-15 20:40:34.839864,1314238.9911880498,38.92567499425263,35.698132309434314,1236458.7934742838,38.925444069901474,35.76764551048517,842984.8565051598,39.34850624067907,37.544001852594604
2017-02-15 20:41:37.608526,1317015.7819150793,38.94769833814378,35.61762103718465,1237026.7382096718,38.97289054467277,35.712601884734894,844174.6128092238,39.31778138612066,37.51252810398726
2017-02-15 20:42:41.650010,1315769.879087731,38.970257513864944,35.57255982526091,1234288.1732782414,38.98948104519941,35.679030616709895,843813.7850897749,39.34304865935445,37.49581303729762
2017-02-15 20:43:45.984774,1327156.8257756785,38.93049916034385,35.82739790277905,1252660.6721613773,38.96302141649623,35.912372371937266,862526.6995021075,39.43918795367369,37.57766629029344
2017-02-15 20:44:50.317142,1348315.2202980001,38.96750718312098,35.90341859868599,1271113.1228131237,38.973439545538476,35.98140314478026,881692.7780896684,39.33276724817559,37.669420566013294
2017-02-15 20:45:54.896787,1343957.5496119414,38.991094105796606,35.74259694632856,1260650.8238190599,39.02741144289911,35.866600768806705,873332.4549577493,39.35286814291985,37.614925669440815
2017-02-15 20:46:57.765183,1353292.0775303966,38.98748905471835,36.09385345109689,1278843.4412965209,39.01625608340655,36.148167741280076,896290.121202152,39.35327590796051,37.76714534388814
2017-02-15 20:48:02.184905,1364151.8252158503,39.0412615093628,35.92201084681483,1278201.5965368592,39.09024193991499,36.04295386207994,892855.6858366758,39.36663829145168,37.7215615181737
2017-02-15 20:49:06.839393,1379960.8078468805,39.01600709712965,36.16506548083908,1302541.193367366,39.069491479641584,36.227936634018405,921206.0792952507,39.38532378266035,37.843206243544486
2017-02-15 20:50:11.487063,1384360.5685695906,39.02537476839684,36.141047832611335,1303681.7158856168,39.04170009611193,36.218507327101904,919814.1168237978,39.36149247334452,37.835082186939175
2017-02-15 20:51:15.758551,1411009.2588938288,39.04188399719468,36.26126424167624,1332067.125841094,39.053640425217864,36.365077664872786,949235.49125681,39.36605934031492,37.899891948788245
2017-02-15 20:52:19.694936,1429621.9471275348,39.047222792369034,36.33489001669501,1346062.607084277,39.095219821874934,36.41491192463894,967226.2703979472,39.38211982282285,37.933867943424126
2017-02-15 20:53:23.291617,1453724.944088792,39.059104171392015,36.48495639627738,1372015.4919334045,39.0853045592434,36.56839017505773,994191.3274393333,39.376956305551644,37.99447943713555
2017-02-15 20:54:26.833160,1489521.6371436925,39.11519629072608,36.62606047733909,1409289.491745627,39.127919493007184,36.71084292020189,1033560.0620368716,39.38491861822843,38.09382403385896
2017-02-15 20:55:30.495879,1534210.8563334548,39.139146380835165,36.77606991827219,1449429.5815247595,39.15255855675626,36.82721358697224,1078765.5246325287,39.40329162627673,38.172152921554755
2017-02-15 20:56:34.059317,1602354.1427576784,39.15681720702334,36.981100785751416,1518976.0147401076,39.15686749802747,37.07927651884936,1150916.3279250935,39.42578260382727,38.284477912625974
2017-02-15 20:57:38.455877,1659324.0028531933,39.18421206761494,37.131672982937026,1572439.7413174293,39.194473873342346,37.190881678968275,1213224.4262193553,39.42000987290101,38.33640279035569
2017-02-15 20:58:41.311526,1748995.5917350724,39.22098317717868,37.307167188016834,1660017.1248344192,39.218763075229916,37.351611858989806,1299163.1053091723,39.41911852864719,38.45679606472585
