,z_a_flux,z_a_fwhm,z_a_x,z_a_y,z_b_flux,z_b_fwhm,z_b_x,z_b_y,z_c_flux,z_c_fwhm,z_c_x,z_c_y
2017-02-15 14:18:15.853140,1549916.73687,509293.415417,38.9382359385,37.1026825864,1451915.17281,-693507.068077,38.9859288633,37.1980963544,1170201.12121,25.601810233,39.2749240339,38.3471124927
2017-02-15 14:19:19.198086,1532270.30542,825258.289111,38.9829484136,37.0162929779,1436520.17053,7.16061569699,39.0218240703,37.1319590509,1150469.83825,0.314813890728,39.2907964784,38.3244142068
2017-02-15 14:20:23.215785,1563443.28166,548581.238497,38.8761684596,37.1406969493,1473325.70896,2604131.03642,38.9109161678,37.2295715017,1169552.7025,0.323171766105,39.2645395058,38.4073829768
2017-02-15 14:21:27.114902,1520567.53625,2070094.04078,38.8629952664,37.0231531416,1418401.9348,1576123.24712,38.8845576166,37.1725144309,1147701.11783,0.321029197995,39.2458555619,38.3423505543
2017-02-15 14:22:30.800449,1546461.2333,1384643.4869,38.9764316973,37.0228973546,1455032.10245,68123574.2779,38.9955449121,37.1394453977,1157973.22582,0.324814869518,39.3047960873,38.3509160746
2017-02-15 14:23:34.261045,1530656.47645,1043368.97663,38.8229933893,36.994261266,1428874.16551,-2369961.68357,38.8525883886,37.1324539412,1140288.40477,0.323140571493,39.2079144582,38.3405845373
2017-02-15 14:24:39.082813,1577586.75213,-1427103.7874,38.9426816063,37.0155271273,1479635.47268,1.28139132995,38.9610994628,37.125903797,1160685.22306,0.324906979594,39.268156859,38.3279457727
2017-02-15 14:25:42.820236,1532469.06261,1927063.68801,38.8137765784,36.9478665733,1430735.72355,-1247961.26337,38.8172511047,37.0640619681,1133581.56432,0.329247697668,39.2163097372,38.292895449
2017-02-15 14:26:47.756874,1560641.96748,5.88006771109,39.0442220188,36.9434121165,1461961.98411,1.55007347175,39.0607530914,37.0527202569,1146374.57484,0.322102271617,39.3318172482,38.2926105758
2017-02-15 14:27:50.695398,1556955.44195,1449994.14396,38.8963777891,36.9867929282,1455624.18631,1428195.25517,38.8824980858,37.0906841297,1143553.70814,0.333880992435,39.238532625,38.3031599262
2017-02-15 14:28:54.712103,1558125.31968,0.345006415953,38.9114603523,36.971334011,1458852.53283,1.04253964404,38.932942879,37.0980475277,1145926.50568,0.326198450595,39.2883628927,38.2915502792
2017-02-15 14:29:58.324608,1539963.80281,2506519.4434,38.8743963125,36.9715475796,1438380.33527,1930220.97583,38.8926796734,37.0646186287,1133573.88697,0.325644246194,39.2576350996,38.2923555769
2017-02-15 14:31:02.677187,1554590.90661,0.340847672302,38.9207055924,36.9859324929,1457656.02567,1.18795373712,38.9458498559,37.0928435952,1142078.77868,0.324334774253,39.2707012503,38.301468504
2017-02-15 14:32:06.764851,1553254.42081,0.338922413794,38.9120784653,36.9386055816,1448385.45843,1.29151830843,38.9284130046,37.0696187655,1138743.34509,0.322416217849,39.2636611582,38.277724148
2017-02-15 14:33:11.579204,1557496.00236,0.186121768199,38.9012294443,36.9450856708,1456052.87503,0.341552270528,38.9256758659,37.0654635711,1140551.87797,0.328795884583,39.2494628721,38.3150486776
2017-02-15 14:34:15.522805,1563501.74132,0.33743802043,38.9198433155,36.9608541726,1468046.12703,0.327962367339,38.94384646,37.0746079664,1145435.86416,0.323429569052,39.2558317311,38.2774066372
2017-02-15 14:35:19.682364,1552970.24584,2237857.56501,38.8913279295,36.9616374446,1449139.84505,0.335012384895,38.941512906,37.0555219429,1140898.66871,0.331023825576,39.2640374027,38.3036877508
2017-02-15 14:36:23.613968,1587951.9741,0.330379300665,38.9618541787,37.0125014048,1488301.94911,0.322947578951,38.9768919935,37.1365236736,1163965.27756,1901270.41595,39.2815436907,38.3185007473
2017-02-15 14:37:28.500682,1565564.10375,-0.0146159573154,38.8925721772,37.0020721596,1464597.3499,0.334915958803,38.9296810333,37.119236506,1157286.66089,0.323586945697,39.2635898,38.3080611071
2017-02-15 14:38:31.395315,1597439.46929,0.327503992507,38.9949605328,37.0992320686,1503593.10766,0.327191941112,39.0120065851,37.2063646664,1181087.31017,0.322169362843,39.2870218262,38.344415969
2017-02-15 14:39:35.721855,1591565.56807,0.341923798716,38.9560725825,37.092030423,1494724.02876,0.328835711225,38.978361746,37.1986045007,1177784.93468,0.325301666887,39.2919943401,38.3680428322
2017-02-15 14:40:40.514439,1594571.50705,1.59458453216,38.9024540765,37.0874715001,1489929.7939,-0.0459865777124,38.915480493,37.1965728038,1187448.57543,0.312986602251,39.2709788349,38.3494745698
2017-02-15 14:41:45.083219,1588927.74913,0.338712613356,39.036785683,37.0622799039,1491585.89609,0.332789426618,39.0406066015,37.1790322163,1176714.73875,5.94773042885,39.3196056385,38.3551929288
2017-02-15 14:42:49.248773,1585084.21893,-923249.236199,38.977614169,37.1489529362,1490026.06554,0.334406704119,38.9710077378,37.2522175265,1182840.33242,0.32976572474,39.2876029897,38.3848016845
2017-02-15 14:43:52.731243,1562887.40141,1561627.82729,38.8822616349,37.1186097302,1463159.46644,0.337237518724,38.9275613498,37.2281750227,1169734.47984,0.324314948655,39.2513919432,38.3722416912
2017-02-15 14:44:56.518850,1564065.58287,-24.0552246269,38.9902592879,37.0930572967,1467931.06027,1.24784283693,39.0183805707,37.2244061043,1174718.41422,0.316213156835,39.2727778313,38.3702483321
2017-02-15 14:46:00.859625,1592175.67722,6.14782144347,39.008799525,37.1482187223,1498129.54581,-1018092.30552,39.0067910321,37.244034752,1184769.21593,0.317744921096,39.3254152875,38.4001154225
2017-02-15 14:47:05.415105,1565832.6755,0.3443989807,38.9289245857,37.0522585284,1466220.74919,0.331213554789,38.9372972472,37.1845296427,1161774.94167,0.326208591476,39.2588597818,38.3311230303
2017-02-15 14:48:09.662668,1545966.61886,3913771.66759,38.9816473634,37.0510611536,1449895.49356,-92134351.3284,39.0065560839,37.1707580554,1156209.49922,0.325213381572,39.2975704961,38.3373864722
2017-02-15 14:49:13.959441,1536611.08895,592299.652359,38.9676135913,37.0249409621,1442636.63629,1.98149898726,39.0140045693,37.1337693903,1146265.48776,0.325158080436,39.3100786082,38.3228599187
2017-02-15 14:50:16.782815,1508296.93178,26.3958954134,39.056998143,36.9544706996,1416131.27895,8.1028085879,39.0803235534,37.0657080435,1126001.92224,0.320577455089,39.3440321806,38.2903013218
2017-02-15 14:51:20.804425,1537507.59961,1445793.98799,38.9272196176,37.0598967623,1445640.55974,47321021.6514,38.949161756,37.1620751621,1142612.94237,0.319575227274,39.2892768369,38.3301767884
2017-02-15 14:52:25.037246,1522244.75612,2505741.16,38.9517941622,36.956542027,1426636.77963,3473232.51551,38.9935848044,37.0756934851,1125185.51638,0.320363584263,39.2687997795,38.2854833001
2017-02-15 14:53:29.968740,1522314.89845,24.744675515,38.9596771926,36.944260095,1424263.66402,3899409.37257,38.9697975948,37.0447203847,1131929.16878,0.325793622422,39.2947608746,38.2633816733
2017-02-15 14:54:34.706622,1553542.68399,1030501.51255,38.8339622255,37.0276376291,1459281.37572,1850468.0197,38.8890506312,37.1109182413,1136676.8744,0.321646844308,39.2368816793,38.3075126412
2017-02-15 14:55:38.965793,1517382.11581,6.62280473763,38.9900433324,36.8503467928,1423677.58198,-37516379.3978,39.0063926962,36.9779327362,1112797.00471,0.317695550095,39.3114948768,38.2427169808
2017-02-15 14:56:43.394446,1549122.43532,3566724.14262,38.9371564529,36.9771653851,1455170.27437,173386343.854,38.9599121912,37.0944666149,1132286.08023,0.324872872549,39.2850650952,38.2846907524
2017-02-15 14:57:47.740084,1492956.68649,1003895.41988,38.841855019,36.8855071872,1395256.89877,2145285.03281,38.8268588461,36.9738100472,1101199.96689,0.323043057625,39.2208911801,38.2360322938
2017-02-15 14:58:52.042792,1513130.17368,7.52344167987,39.0862350809,36.9098621276,1417110.61785,2.43608218234,39.1281339441,37.0212657125,1113727.50385,0.317703550513,39.353914758,38.2810842406
2017-02-15 14:59:56.108199,1528992.394,6.7882875935,38.9496913507,36.951180946,1435540.8413,16559500.637,38.9511643101,37.0443339622,1121220.30213,0.324736725083,39.3043309666,38.2573265238
2017-02-15 15:01:00.333809,1554888.237,0.334294768445,38.8801228405,36.9027746994,1455109.00061,0.33221690547,38.9069001852,37.0212357903,1127505.41673,0.321006354696,39.25504705,38.2521463466
2017-02-15 15:02:03.517375,1520261.90663,6.10244134425,38.9702284048,36.8460230932,1427447.48667,1602521.54756,38.9662331132,36.9702607372,1105171.4139,0.317537892733,39.2903359253,38.2220550029
2017-02-15 15:03:06.334889,1539820.54395,0.334876377787,38.9252243539,36.8511245567,1444318.43187,0.335247028736,38.931725971,36.9542559218,1109391.61912,0.314457415958,39.2621475879,38.2171764333
2017-02-15 15:04:10.614477,1519790.50826,5.69275172564,38.9161381064,36.7909405061,1424385.64338,0.338358138691,38.9439386624,36.9325950659,1098623.8042,0.324699740694,39.2726159908,38.215912124
2017-02-15 15:05:14.855965,1521978.31712,6.23754237187,39.0074974476,36.8038630176,1424479.65772,5.89218027065,39.0485028078,36.9196116995,1093163.79897,0.319572560468,39.3179476064,38.2126842534
2017-02-15 15:06:17.703560,1525325.71322,6.20484398097,38.9800909348,36.8032305273,1428725.97479,1.74035441085,38.9758716508,36.9500278885,1107056.22254,0.322361337788,39.3098085518,38.2200384216
2017-02-15 15:07:22.143153,1535765.3903,6.68096649733,38.9848745076,36.9017410699,1442204.69634,6.40717134799,39.0099381231,37.0007494768,1118867.10255,6.76085615529,39.3001767111,38.2434458481
2017-02-15 15:08:26.496813,1534554.65175,2.39079870426,38.9322350316,36.812196262,1437721.51427,0.336856305819,38.9573955735,36.9517782342,1102300.71956,0.322533416956,39.2466024082,38.2404492249
2017-02-15 15:09:31.019344,1520111.14373,0.340537515742,38.8629813838,36.7275333583,1425658.86291,0.336356560404,38.8844474743,36.8638074279,1083736.01028,0.324735496949,39.229951117,38.1644561625
2017-02-15 15:10:34.776999,1521577.51119,-2653936.32801,38.9029743783,36.6960301686,1427720.92058,0.328478815381,38.9396993551,36.8367465969,1080961.01828,0.319884015341,39.2764734179,38.1601921989
2017-02-15 15:11:39.420220,1498157.3395,5.77168375327,38.9733377061,36.6462935574,1401731.21733,5.71328677568,38.9808110105,36.7678186374,1066059.60879,0.31867577676,39.2928818319,38.1072754884
2017-02-15 15:12:42.348063,1486149.71424,2679266.00027,38.9590600537,36.6956148447,1392175.27718,6.8511885535,39.0083971057,36.8265034506,1064011.99421,0.321689548294,39.2985475301,38.1465649543
2017-02-15 15:13:46.898342,1481428.06072,2981029.74826,38.7454546106,36.6020464688,1377894.0405,0.339700033379,38.7686900661,36.7370201088,1044979.24719,0.329911311296,39.1860719107,38.0871990345
2017-02-15 15:14:51.360999,1501971.40767,2.06485902707,38.9529798958,36.5883394568,1406045.95719,5.5197163879,38.9993037399,36.7238102463,1055960.34953,0.332541729463,39.2881491561,38.0673888982
2017-02-15 15:15:55.481492,1492300.55411,6.15523738178,38.8647841073,36.6308759562,1400992.66499,0.34016082939,38.900176595,36.7619676472,1054692.91354,0.328689843953,39.229678773,38.1267179563
2017-02-15 15:16:59.641146,1487692.0726,2.35321761961,38.9153165189,36.507927881,1392138.67184,0.333271662346,38.9418531196,36.6417858342,1039438.46614,0.32547339516,39.2453614291,38.0492645236
2017-02-15 15:18:02.491639,1513394.12401,1.9953225867,39.0789721356,36.640577082,1422461.12045,2.36005009887,39.0770615212,36.7638985896,1061702.13087,0.323951455975,39.3518918222,38.1235744035
2017-02-15 15:19:07.168384,1518160.95819,0.338230412717,38.8873426492,36.586069481,1416968.17073,0.331027018725,38.9212357018,36.71913215,1060212.67226,0.316705708892,39.2596166885,38.0939720404
2017-02-15 15:20:11.685956,1512267.24834,2.55914078268,38.9569128492,36.562719234,1414861.31893,0.328337895736,38.9683330494,36.6828768119,1053515.58197,0.317351286489,39.3145750791,38.0752898633
2017-02-15 15:21:16.465430,1493404.76345,2.80217061963,38.9577216137,36.5115555745,1397706.77934,0.331598487187,38.9750464899,36.6536041027,1041358.16584,0.32105467301,39.2676197575,38.0478046716
2017-02-15 15:22:20.779070,1505126.21699,0.33383660415,38.8901634438,36.5899805291,1414823.54305,0.325822641482,38.8981429708,36.706723423,1051244.35669,2304919.11286,39.2639296593,38.0634039653
2017-02-15 15:23:24.952523,1502310.6943,2.06858003139,38.8581147294,36.5809040276,1408837.78481,0.334753388903,38.8941872116,36.712431684,1052037.61359,0.326476535303,39.2511863412,38.1103224249
2017-02-15 15:24:29.612094,1506608.44439,0.336287504164,38.9275135493,36.5644365071,1412348.35879,0.333330718064,38.9295188019,36.6955293788,1051639.17238,0.326751742668,39.2665967891,38.0859150158
2017-02-15 15:25:32.407771,1503787.58823,2410718.28858,38.9822908159,36.5101682644,1407433.70093,0.326462885467,38.9815126769,36.6342101158,1045199.66237,0.330994911784,39.3211413785,38.0654064974
2017-02-15 15:26:36.569257,1492960.13949,0.334286838206,38.8925201654,36.4185870209,1394089.05343,0.332966207786,38.9335711664,36.574727236,1028588.71126,0.321497257543,39.2759290799,38.0157356709
2017-02-15 15:27:39.277036,1505747.78506,2.32567504638,38.9332667728,36.5939558153,1417751.98786,0.330473586294,38.9316750053,36.6940973199,1050400.87902,0.323871311436,39.276325459,38.0964890944
2017-02-15 15:28:43.789321,1483962.30757,0.336766511653,38.863193873,36.5185179457,1388610.29575,0.328922698227,38.8852182426,36.6397446541,1031373.85669,0.329134849665,39.2455853626,38.0752282159
2017-02-15 15:29:47.950881,1501498.98834,0.335170077346,38.9148928298,36.548278556,1407196.04705,0.328963647736,38.9563506464,36.6777428337,1043202.76297,0.319375988791,39.2772007653,38.0588993999
2017-02-15 15:30:52.128533,1487333.54965,4.95481738618,39.0210329983,36.4072624465,1391017.02579,0.32690624197,39.0238556875,36.5557009744,1028209.28743,0.318755640583,39.3173161842,38.0153423233
2017-02-15 15:31:56.857093,1514982.08517,0.326538468365,38.9415630139,36.6345469249,1428079.8606,0.326154974639,38.9511657812,36.7325045936,1055102.89433,0.31763863484,39.2733485789,38.0899376928
2017-02-15 15:33:01.071594,1496299.68532,0.323380022603,38.8558783395,36.4880542395,1399829.40237,0.315008988643,38.889024306,36.6019916694,1035160.56275,0.314114520845,39.2317289905,38.0206624557
2017-02-15 15:34:05.399314,1502002.32145,0.323347354229,39.0046349283,36.4978872502,1412660.96471,0.314684620814,39.0311378465,36.6114131315,1040273.95442,0.318063078073,39.3423323547,38.0353053959
2017-02-15 15:35:09.952793,1486741.05517,-1311376.28764,38.9662601854,36.4032843828,1390993.48884,0.320085359196,38.9753612201,36.546072743,1021623.8923,0.320617457179,39.3150396954,37.9931919861
2017-02-15 15:36:14.299414,1500212.62964,0.331920293478,38.8837946379,36.4746131243,1406135.64122,0.334349543237,38.9053775116,36.6052766337,1031383.16116,0.32195528148,39.273444642,38.031878537
2017-02-15 15:37:18.597899,1502094.06828,0.327648561466,38.9720205232,36.453924822,1410177.07538,0.311537122993,38.9736223164,36.573122004,1031626.72503,0.316956458838,39.3051928216,38.0047453388
2017-02-15 15:38:22.930516,1499959.49245,0.327840852217,38.9132871659,36.4342566837,1408239.87284,0.320580332432,38.9458646218,36.5767302891,1028788.60279,0.33325643348,39.298836861,38.0416851602
2017-02-15 15:39:26.986164,1500988.47593,0.329286576893,38.8882755728,36.4641970672,1408689.10278,0.322057848243,38.9307746192,36.5961481805,1033357.75973,0.317285598846,39.2716849823,38.0351117687
2017-02-15 15:40:29.697727,1498389.39368,0.319128081099,38.9420386857,36.4263704637,1405916.59597,0.316854944761,38.9656401119,36.517047546,1028918.66987,0.317883875726,39.3048083994,38.0007505519
2017-02-15 15:41:33.959134,1496429.61914,0.33106979289,39.0078064128,36.4419900748,1405116.82807,2.9447201953,39.0189141876,36.5810279899,1030277.86023,0.323872083406,39.3070013201,38.0261695751
2017-02-15 15:42:38.441688,1492583.66001,0.332588574016,38.8806386241,36.4637152313,1393935.30259,0.326349265494,38.8975225629,36.5683951144,1028260.7767,0.323751375343,39.2513228957,38.0231036428
2017-02-15 15:43:42.556275,1500244.56894,1567876.57431,38.977666176,36.4274105057,1406844.71267,2.59434977673,38.985794096,36.5684371835,1033750.25302,0.33163115556,39.3034320807,38.0036548026
2017-02-15 15:44:47.973967,1503741.25755,0.326789358669,38.9219545058,36.4526887683,1411761.31661,0.318973230901,38.9403085268,36.5734617991,1033614.76454,1.55221301355,39.2837603563,38.0139335777
2017-02-15 15:45:52.339598,1487719.7437,0.337073053988,38.9676389213,36.3501816489,1391452.02919,0.328200555225,38.9682012173,36.5124745475,1019068.34547,0.325990755531,39.3057265573,37.9590195601
2017-02-15 15:46:56.553117,1493480.77031,0.329459743837,38.9085587208,36.4015316573,1399919.80847,0.32679086752,38.9496704487,36.560581041,1024510.06781,0.32894838378,39.2544681216,38.0007885297
2017-02-15 15:48:01.017696,1487051.94431,-547473.515417,38.9336839651,36.4269520273,1391409.54663,0.327511712209,38.9704925085,36.4982755239,1018830.53821,4.98208169112,39.2903244227,37.9862423358
2017-02-15 15:49:04.723174,1492521.17457,0.316524681888,38.8978848144,36.4889652932,1401465.14668,0.315560806954,38.9317182342,36.6274915847,1025408.09287,0.321633861173,39.2692518899,38.0394503671
2017-02-15 15:50:07.521913,1469809.89568,0.324928243864,38.9158534458,36.3262035651,1370431.24994,0.330891502871,38.9338804153,36.4810511083,1002348.51033,0.327481570283,39.2703917008,37.9488478674
2017-02-15 15:51:11.767248,1486210.22988,0.321717584847,38.9823750972,36.3988739552,1391253.53882,0.308590232147,39.0109968328,36.5624481084,1017068.07573,0.319017478828,39.296327653,37.986241209
2017-02-15 15:52:16.215816,1498409.83298,0.330143639227,38.9339743845,36.4261456019,1401918.60795,0.328636788549,38.9671068878,36.5358454368,1028763.0315,0.310529596655,39.2879549541,37.9979352149
2017-02-15 15:53:18.935435,1493614.98261,2.35893392992,38.9215107234,36.4005326211,1394589.02138,0.329625050722,38.9667834352,36.5381349429,1023461.00522,0.33002243991,39.2865184922,37.9745457364
2017-02-15 15:54:23.267860,1473095.05959,0.320995266397,38.9033219694,36.2661547555,1372297.88941,0.319466204032,38.9346569866,36.39756455,994356.189915,0.324300877744,39.2802946418,37.9128183914
2017-02-15 15:55:27.009503,1471812.16637,0.335824216794,38.93311356,36.3320532901,1372036.20731,0.333859517628,38.9447685598,36.5026806119,1002346.7421,5.72098788393,39.272830234,37.9690645141
2017-02-15 15:56:31.364910,1471230.62444,1.75581924289,38.9490672933,36.3056956153,1367224.23123,0.337203516947,38.979927763,36.476928283,997589.333674,0.335038982776,39.299477411,37.9402146198
2017-02-15 15:57:35.821464,1458246.45553,2.17568738636,38.8841384158,36.2918128952,1355183.08175,0.335589678222,38.9060947585,36.4927504424,990841.744266,0.325571680998,39.2364005175,37.9326557288
2017-02-15 15:58:40.260024,1484984.92672,2.44041993962,38.9336724687,36.4059188226,1384104.65943,0.330788444854,38.9456839537,36.5643790426,1017551.77166,0.327196222037,39.2828095922,37.9872839339
2017-02-15 15:59:44.576732,1460699.54974,2.15814790742,38.9931708869,36.2999914809,1357754.72714,0.335582870848,39.0077969513,36.4611968285,992856.742428,0.329539853287,39.3181475176,37.9210972012
2017-02-15 16:00:47.891126,1451019.53708,0.330518079847,38.9047763801,36.2319750229,1350658.62651,0.322500432776,38.9163502612,36.384388489,978521.608201,0.333827691404,39.2608452334,37.9138324225
2017-02-15 16:01:52.078702,1444679.82495,0.335813830287,38.8520779731,36.1387691541,1343396.31197,-11018.1821637,38.8747447548,36.3085871474,967698.536554,0.320486467877,39.2408397103,37.8322747424
2017-02-15 16:02:55.441252,1443878.38194,0.329701756485,38.892283229,36.1322060276,1342420.78443,0.323336476468,38.9653261635,36.3201485258,963984.9821,0.333485287545,39.2862957323,37.8539861796
2017-02-15 16:03:59.700928,1430940.97378,0.319843907982,38.9214856156,36.0072728491,1326479.65892,0.3120963452,38.9688950111,36.203530565,950220.797411,0.315650144956,39.2900458418,37.7793846305
2017-02-15 16:05:04.062411,1441428.16955,0.334908940892,38.9182019007,36.2378368846,1344165.11128,0.327915838591,38.9430262533,36.4126698632,967852.343817,0.331789269087,39.2676725972,37.8934761401
2017-02-15 16:06:07.244893,1421411.15606,2.95241624962,38.9262492377,35.9512002461,1316872.20835,0.327685861661,38.9498737142,36.1521080862,939480.641087,0.322953438906,39.2719972981,37.7512496237
2017-02-15 16:07:10.218455,1437130.61763,0.32749199188,38.8378131464,36.1414697074,1338391.7744,0.320491099698,38.8858526078,36.3140945821,962690.024708,0.319494486212,39.2159576601,37.8405749841
2017-02-15 16:08:13.682955,1421082.75291,0.329119620799,38.8789352135,35.9192610362,1313756.55692,0.319719480426,38.9219398145,36.1193807532,933733.618686,0.315363989651,39.2429418439,37.7311928092
2017-02-15 16:09:18.061724,1430314.24154,0.335883167244,38.8597442052,36.1443229691,1333494.05887,0.32712060405,38.8893873966,36.3020424863,955055.700354,0.323406725753,39.294714516,37.8326452491
2017-02-15 16:10:22.177076,1415438.70232,3.42727301217,38.9078112951,35.9023995032,1308717.43748,0.330739986181,38.9219606022,36.0980218245,928365.766964,0.322706829527,39.2567316339,37.7282151064
2017-02-15 16:11:26.369677,1432801.0543,619936.935165,38.9752291762,36.0753426818,1328749.5489,179696.012562,38.9918930169,36.2509646785,949777.718319,0.329968542357,39.2969758333,37.8057054184
2017-02-15 16:12:30.562193,1421278.55882,1.7294447001,38.9168783732,35.9883698885,1318130.36044,487479.720755,38.9547865905,36.1743141656,942491.800815,2.50457578375,39.2608688111,37.8061229485
2017-02-15 16:13:35.029911,1470393.37055,0.325962438261,38.9121204075,36.2780511566,1371482.83195,0.326786060251,38.9307194855,36.4637404824,992754.732959,0.315945142829,39.2751628427,37.9217953528
2017-02-15 16:14:39.323354,1430555.21969,0.338234518195,38.8912183106,36.0087913496,1325966.52295,0.33643856469,38.8958260312,36.1902240366,947903.714705,0.328753426223,39.2691506304,37.7791827127
2017-02-15 16:15:42.376017,1441814.28086,3.38569000469,38.8970498526,36.0788432249,1342839.25574,0.321699408458,38.9376054083,36.2466884376,961210.180878,0.325411988442,39.2542584472,37.7939180854
2017-02-15 16:16:46.274337,1433503.75469,5.06241829818,38.8458481643,36.0639892269,1329845.2168,0.324750760904,38.8877269831,36.2511931999,951234.81279,0.329748495769,39.2610519235,37.8021602779
2017-02-15 16:17:50.734003,1421817.31973,1.76180080498,38.9423770509,35.9723031896,1314348.85989,3.30587486512,38.9558608585,36.160575076,937448.313649,0.336081388129,39.290581627,37.7295652697
2017-02-15 16:18:54.381545,1424156.12408,1373892.22744,38.9155697543,36.0244505861,1327847.93404,0.327220398739,38.9340497801,36.2260587895,940703.780665,0.322611807018,39.2574047484,37.7803399225
2017-02-15 16:19:58.691102,1414052.28349,0.329685018768,38.8256575559,35.8956934583,1306055.97827,0.323736251746,38.9049797091,36.0710468575,923445.384675,0.332446320968,39.2473207242,37.6631076709
2017-02-15 16:21:03.139673,1403955.76235,5.07967370864,38.9626648815,35.8716860834,1299178.77046,3.21537799521,38.9832536516,36.0637047695,917870.813941,97473966.3612,39.343795156,37.6649099584
2017-02-15 16:22:05.990321,1405967.30167,4.99941627261,38.8707645917,35.9335667607,1303256.21862,2.24314909476,38.9255833696,36.0887847806,921959.153004,193957464.588,39.265971631,37.7351570964
2017-02-15 16:23:10.538895,1402100.83218,2.86605508324,38.8454546209,35.8106255571,1294614.79484,0.333920012018,38.8819454538,35.9960379967,914593.542664,0.329825868234,39.2394050229,37.6365693375
2017-02-15 16:24:14.075312,1413919.90224,0.325184923944,38.8506105641,35.9376860219,1310650.78754,0.319368830522,38.8979089723,36.0835609475,928065.783287,0.335077370747,39.2532855293,37.7349301923
2017-02-15 16:25:18.151276,1403531.52464,3.12112578977,39.0036416697,35.8398432192,1299294.73539,1.87588186147,39.0429468982,36.0601513439,922068.114978,268072954.72,39.3138895624,37.6788282006
2017-02-15 16:26:22.360442,1407782.08485,0.313399746649,38.7938073502,35.8728895666,1304124.63078,0.313582036877,38.8592013563,36.1057550034,920511.896575,0.319786115488,39.2414978993,37.6935243376
2017-02-15 16:27:26.861135,1405294.7395,4.71595206373,38.9391350669,35.7945303902,1297748.84077,0.323757445836,38.9415267017,35.990640145,913791.29689,0.318180838614,39.2857235331,37.6576071328
2017-02-15 16:28:30.496561,1428588.23225,0.324568400497,38.8804198975,36.0179361758,1325201.4773,0.321553190291,38.9312134393,36.1793113142,942204.666279,0.328276559197,39.2849933574,37.7487509146
2017-02-15 16:29:35.217128,1394407.38013,1.95212301194,38.9536475228,35.8401948814,1291336.53955,920438.296013,38.9680155413,36.021203969,913150.952571,0.328863923226,39.3066865835,37.662771503
2017-02-15 16:30:39.708707,1391835.30134,1.85636504635,38.9372502932,35.8227276799,1288399.77527,0.338824970105,38.9627434539,36.0259851686,906373.624489,15920035.1846,39.2918632349,37.6533708836
2017-02-15 16:31:42.433353,1380830.28138,0.33157069626,38.8766402845,35.7429967092,1274438.56852,0.322449377476,38.8860703338,35.921261665,888279.122973,0.317788046156,39.2811113397,37.603277903
2017-02-15 16:32:46.141765,1389555.53843,4.43798255877,38.8632170492,35.8154850693,1288207.75881,3.11186659385,38.9057125383,36.0147913056,902697.193605,0.321942543972,39.2766859633,37.6665716847
2017-02-15 16:33:51.620481,1374443.96969,2.88464945395,38.8947645864,35.6960349335,1266138.11477,0.331204642043,38.9247773476,35.9247474421,886505.203849,0.33340868705,39.2397507421,37.563714065
2017-02-15 16:34:55.367920,1385384.86212,2.88377393758,38.8769726763,35.7510117227,1285876.64058,2.77599801455,38.9118555788,35.9291603229,899474.798185,0.335457636234,39.2745566807,37.6288623865
2017-02-15 16:35:58.594572,1380065.87345,0.324991089253,38.9213004612,35.738875439,1278071.57002,0.316572930023,38.9347466178,35.9019457979,892792.623564,0.314457170331,39.2913708241,37.5998170581
2017-02-15 16:37:02.762006,1394227.80378,0.314178418921,38.9072764552,35.8148643083,1289034.15223,0.31894508908,38.9332137936,35.9953062978,907048.766631,0.313142470046,39.2867914282,37.6467374683
2017-02-15 16:38:07.355697,1373581.23019,1.61398261075,38.8373174449,35.5993486747,1268346.6811,0.334265503757,38.8891365364,35.7757808745,880505.051629,30.0426436328,39.238479884,37.553464273
2017-02-15 16:39:11.712148,1387578.8898,0.322303755831,38.9832121412,35.79179999,1288756.5442,0.313759590016,38.9704295529,35.9972170189,904361.564247,0.30532932489,39.2989718144,37.6363627394
2017-02-15 16:40:16.053713,1371581.76203,2.75928498182,38.8261725926,35.5983105175,1266966.85431,0.320126835048,38.8964077569,35.7952238131,881779.843891,0.325328580575,39.2388844022,37.5489594886
2017-02-15 16:41:19.536367,1380335.80258,4.32606915076,38.8148488806,35.681045174,1279981.54551,0.324219961235,38.8647709898,35.8865654228,890542.344807,0.317294195787,39.2570629656,37.5886815329
2017-02-15 16:42:23.770886,1381812.04557,-922119.633107,38.870968931,35.7097432309,1278123.52286,1.54138604601,38.88575334,35.8945102719,894025.132534,0.329651683692,39.2833636884,37.5699736956
2017-02-15 16:43:26.419443,1383112.07037,2095315.70654,38.9758460328,35.7350809203,1278745.26005,0.322411972013,38.9680407935,35.9134042156,892398.492674,0.327351668757,39.3304350388,37.6292121527
2017-02-15 16:44:31.001954,1376458.51704,0.32447551845,38.827875381,35.6596592455,1275925.21368,0.317167311963,38.865918776,35.8680113429,886996.492223,0.332114724691,39.2216510653,37.5903049062
2017-02-15 16:45:35.407482,1375985.74531,0.330576574132,38.8816962284,35.6829912176,1276079.05657,0.324719847008,38.9195107961,35.8535461785,886143.445029,0.313176506912,39.2603604454,37.5829811658
2017-02-15 16:46:39.662088,1374724.71044,0.323597297116,38.8711705086,35.6687051623,1270830.11703,0.325267419484,38.9345794193,35.8600720241,881694.582021,0.311357394302,39.2839622224,37.589448485
2017-02-15 16:47:43.886495,1373745.81295,0.330452251846,38.8588625823,35.7122520733,1272062.21026,3.12604470108,38.8853875443,35.8607942734,885997.727677,-295527267.044,39.2731420476,37.5635099775
2017-02-15 16:48:48.049065,1380198.76472,0.319588631483,38.8290713662,35.6680084103,1271327.22767,0.314219859684,38.8542453837,35.8675491128,887953.483352,0.322608648958,39.2487398603,37.5857358791
2017-02-15 16:49:51.796696,1371802.1728,2.91231752501,38.9207861859,35.710563832,1264825.45116,874361.378501,38.9708258685,35.8789347874,883551.537275,0.320238068931,39.3144413431,37.6009102995
2017-02-15 16:50:56.318376,1367472.81899,3.23662246808,38.8568022897,35.6912729708,1263388.10963,0.320830871841,38.9388575795,35.866724607,877701.914705,0.31583197902,39.2908368831,37.5793800116
2017-02-15 16:52:00.557810,1351991.99081,0.32475107671,38.8608979855,35.4408259091,1248309.38117,0.319148152323,38.8884661573,35.6283504732,857197.256443,0.317196506471,39.2343068637,37.4430412628
2017-02-15 16:53:03.386418,1365030.96873,2.35618376049,39.1351415736,35.622312393,1264871.9142,0.34353532153,39.1178880901,35.8343907933,874517.844373,5.94022408988,39.3945095926,37.5447179136
2017-02-15 16:54:06.334083,1357348.58819,1.89905359555,38.8665182003,35.5500215965,1251775.72548,2.72850814035,38.908441371,35.7397224701,865620.795547,19698751.5474,39.2826895537,37.50711403
2017-02-15 16:55:10.696446,1351957.99195,2.03939702849,38.9674283046,35.5084491084,1250267.77774,4.54978579363,38.9757870361,35.7111446096,859688.166224,-67387558.8766,39.3378099255,37.5136442055
2017-02-15 16:56:14.648013,1343938.69231,1.52917223117,38.8300048238,35.5428648417,1240856.20054,1.31296371193,38.8505682976,35.7418864683,853231.813429,0.338825005194,39.2345897327,37.5041965307
2017-02-15 16:57:19.073537,1342750.76849,4.39106124949,38.8525663744,35.4787771587,1239306.67016,4.23819216434,38.901676805,35.6909317868,853296.688555,0.330910100334,39.2701560946,37.4674307514
2017-02-15 16:58:23.995411,1357532.92591,0.322939929428,38.8539536168,35.6112956649,1257376.69901,3.14496790748,38.9012800269,35.762870895,866885.023364,0.318564191981,39.2427746714,37.5129671686
2017-02-15 16:59:27.691744,1344999.17659,0.325598313969,38.9137954737,35.3888732055,1239828.09562,0.319320020954,38.9206865574,35.5831225388,848592.99133,0.3157463956,39.2806598605,37.4263979273
2017-02-15 17:00:31.037232,1344090.62237,0.324678546604,38.8317392125,35.4347338776,1240953.81221,0.319306090402,38.8604902165,35.6141435667,850732.357495,0.306092733207,39.242190161,37.4353446525
2017-02-15 17:01:35.059045,1351294.75162,0.326774761415,38.8374701908,35.5132787153,1250400.75909,0.326193678416,38.8971090382,35.6831876456,857783.271211,0.319149626084,39.263224178,37.4679944251
2017-02-15 17:02:39.226598,1345261.54809,1.72963189215,38.7758597622,35.5107785439,1243667.95994,0.32864928043,38.8245795754,35.7164230478,853598.859683,2.28168937882,39.2437548729,37.4609992091
2017-02-15 17:03:43.856945,1346405.09095,4.42325836364,39.0170731455,35.4951682766,1244935.24709,0.335805303525,39.0111792771,35.7046321371,852547.470666,0.340229464556,39.3454382412,37.4443082732
2017-02-15 17:04:48.341632,1343420.4712,2.3100230704,38.8610080267,35.4385973188,1241428.17191,775377.45654,38.8899414625,35.5950000009,851936.10197,0.338921641823,39.2891614552,37.447182363
2017-02-15 17:05:52.884171,1338482.47382,2.04485123715,38.921208389,35.5114667715,1232028.1811,0.330370808993,38.9452124428,35.7286202438,851989.098576,0.332362211309,39.2827078121,37.4800356568
2017-02-15 17:06:56.938850,1340591.50551,0.317843066576,38.8457037872,35.4329546367,1240595.20221,0.316831575119,38.8802959558,35.6184216435,854318.925008,0.328965858378,39.2744243113,37.4402598654
2017-02-15 17:08:01.653128,1345024.77669,0.318699742924,38.8584796962,35.5290878431,1241022.03781,0.320391024293,38.8975332137,35.7303319177,854705.321605,762711134.992,39.2449179068,37.4982642538
2017-02-15 17:09:06.192813,1345063.89896,2.44036819011,38.9283697993,35.3776858479,1237850.25647,0.326957753434,38.9399216968,35.6448719484,848120.198036,0.332511026104,39.3079225529,37.4235858265
2017-02-15 17:10:10.685392,1352988.72296,0.318308950572,38.8966709238,35.6737490765,1253593.61568,0.322163853783,38.9344907102,35.8821601937,868804.552614,0.334310909639,39.2879481063,37.5735732404
2017-02-15 17:11:14.813947,1356490.07754,-989311.304547,38.9282273733,35.5272609508,1252263.68027,0.32784134347,38.9612052946,35.7193359536,863736.513191,97180793.6383,39.2935676894,37.5221717822
2017-02-15 17:12:19.170527,1361811.56852,0.316770414028,38.9304119111,35.6843401544,1262294.57857,0.315512944804,38.9624855368,35.8650540611,875042.204284,0.312003673691,39.3062542102,37.5748964302
2017-02-15 17:13:23.598172,1362153.43548,0.332037211869,38.9405739206,35.5225741689,1261741.57746,1.99266473424,38.9320693289,35.7315035281,873945.706438,0.315622529478,39.3029177015,37.4701420092
2017-02-15 17:14:27.771645,1360353.22037,0.321504871976,38.9399489828,35.5812251517,1260070.43942,0.320901998365,38.9837220606,35.7847791805,871325.257806,78140579.2246,39.3155135707,37.5218337618
2017-02-15 17:15:32.250405,1356585.40699,0.314614055723,38.7817593085,35.5694757253,1253862.71049,0.314762238905,38.8155482756,35.7552121932,865807.995945,0.321567612097,39.2323016625,37.5005126273
2017-02-15 17:16:37.060097,1350950.58907,0.314094870696,38.8551673555,35.4738017166,1248796.03064,0.31333686617,38.8826197865,35.6864712276,860520.894833,0.31238762358,39.2450132935,37.4423148724
2017-02-15 17:17:41.141362,1361863.36281,0.321772921072,38.8857564518,35.6484490118,1264735.48859,1.79876748812,38.8880984855,35.8187543477,874687.176775,0.32409788468,39.3075574073,37.5784041594
2017-02-15 17:18:45.455985,1355718.59442,0.307393046775,38.9331183523,35.4993072398,1252463.40665,0.314395167091,38.956943684,35.6933091841,860652.759974,0.301602463458,39.2650117165,37.4722981379
2017-02-15 17:19:50.048688,1364053.7594,0.311342165436,38.8902774422,35.668612684,1266168.17977,0.318289510959,38.9516842105,35.8374407016,876452.366467,0.299388347749,39.2865519779,37.5545022717
2017-02-15 17:20:54.401948,1350330.19275,0.310667919674,38.9243091618,35.474143857,1250748.85937,0.305714327466,38.9653432304,35.645599678,861742.741196,0.324122412277,39.3055812364,37.45537366
2017-02-15 17:21:58.672518,1346423.68476,0.317563613375,38.9461653919,35.5145137331,1248165.47363,0.316820732447,38.9581601657,35.710678334,860058.886187,0.31776499232,39.3129665446,37.4773301652
2017-02-15 17:23:02.912162,1330919.45595,0.321555541291,38.8739002015,35.3581932326,1228174.09308,0.31874564006,38.9105044463,35.5558216653,840505.583872,0.304467174571,39.2451415161,37.3918706694
2017-02-15 17:24:07.268638,1338124.69571,0.318817994718,38.9272635904,35.496862218,1237928.54353,0.322924525115,38.953693298,35.7137991037,850506.614192,0.310589529612,39.3084044883,37.4838371306
2017-02-15 17:25:10.803366,1334049.25544,0.311551439531,38.8467974981,35.4838332576,1235528.58001,0.308204527779,38.8756397178,35.6569752286,845439.067004,0.289946363084,39.2618368616,37.4616999393
2017-02-15 17:26:15.227753,1328951.74126,0.321861592373,38.9634805665,35.3115826931,1222209.46482,0.316658197637,38.9940932883,35.5416760631,831377.830931,0.310912072784,39.3143458925,37.3956674329
2017-02-15 17:27:19.354356,1327333.92573,4.01851507147,38.8386435475,35.4863024783,1225874.889,0.332165604543,38.894225594,35.674527205,839903.238751,0.309511262736,39.2658046811,37.4666822024
2017-02-15 17:28:22.022875,1319797.25428,2.65062725201,38.8324275928,35.3669698571,1213203.60414,0.326297403135,38.8878322499,35.5768999397,829142.045642,0.320992494322,39.2285172265,37.4388863755
2017-02-15 17:29:25.483475,1327098.24657,0.320993125934,38.8182004369,35.2997342514,1222629.49825,0.310653918942,38.8434576829,35.5043905421,830600.868699,0.301800508896,39.2494157764,37.3660386308
2017-02-15 17:30:29.548915,1342665.92913,2.78908993797,38.8881733075,35.5935255624,1244817.51641,765221.231648,38.9157239561,35.7587320895,851707.30994,0.322592472674,39.286659237,37.5256457215
2017-02-15 17:31:33.970602,1335412.25732,1.78977694976,38.8335469239,35.3460980328,1233533.35554,0.317024322034,38.8708548155,35.5649481117,841908.439405,0.30196893875,39.2192369027,37.4008496673
2017-02-15 17:32:37.704205,1335875.66737,0.307012570751,38.9131651883,35.4833172966,1238543.10702,0.311224825971,38.9497993752,35.6592313108,851190.515267,0.306574477681,39.2978324829,37.4724364593
2017-02-15 17:33:41.711567,1329058.29759,0.322792097141,38.8248563809,35.3461131598,1228497.56873,2.91805794064,38.8815898806,35.5210816505,837586.955026,0.317879208815,39.2695229423,37.3867559777
2017-02-15 17:34:46.063144,1325854.02614,0.307866615383,38.9266200453,35.3300585036,1224898.52632,0.302376889894,38.9586865888,35.5575370473,832795.934819,0.309841139624,39.2991476538,37.3998006347
2017-02-15 17:35:50.093698,1325408.50502,0.304651149098,38.7701477355,35.3610510833,1224371.13928,0.301423612006,38.7811077495,35.5472491629,831489.094704,0.312421555178,39.2225285087,37.3909134408
2017-02-15 17:36:53.626223,1320246.01431,0.301540951472,38.9290553548,35.2438952126,1218528.03367,2.69704110539,38.931295406,35.422782837,823409.699819,0.301225706927,39.2962875337,37.3392030991
2017-02-15 17:37:56.870765,1319032.60694,0.316045884936,38.8767872503,35.3846864461,1222537.12052,3.01816219959,38.9046038134,35.5527703317,831475.957323,0.319453396345,39.2830930175,37.3929683732
2017-02-15 17:39:00.479361,1313135.08099,0.302072768738,38.8365216087,35.2204635948,1210895.81371,0.307915389862,38.8545226252,35.3976700329,817373.789358,0.303642148999,39.2578441799,37.3268682094
2017-02-15 17:40:05.008007,1321100.46087,0.298001433163,38.8119791008,35.3428295369,1223775.30298,0.295023558242,38.856763536,35.513766773,829888.978178,0.289548324738,39.2546457477,37.3799552264
2017-02-15 17:41:09.417594,1326455.76574,0.297058436514,38.914898654,35.4316768441,1226228.47545,0.294636134486,38.9438652718,35.5946028207,835339.134073,0.29204252526,39.3007823314,37.4254036294
2017-02-15 17:42:13.714147,1321710.83824,0.305965814293,38.8988801185,35.1955304131,1217508.88028,0.301566005412,38.9299358115,35.3819630248,822046.563406,0.30390195205,39.2848537088,37.3076032141
2017-02-15 17:43:17.829800,1321314.99346,4.75376834016,38.805750018,35.3514307549,1217320.73502,0.334752652023,38.8450131442,35.5567157788,828113.960338,-63826173.0474,39.2511619706,37.3839757668
2017-02-15 17:44:22.415178,1320585.31293,0.315286862813,38.9479557191,35.3468804715,1219367.34283,0.31489845655,38.962924205,35.5271347798,830373.850796,0.319397744314,39.3159056269,37.3922601062
2017-02-15 17:45:26.571814,1328393.13167,0.298133475152,38.9312777181,35.4416451999,1230336.89278,0.29951074011,38.9619533738,35.6330931963,838261.895464,0.287927064573,39.3378396459,37.4125269772
2017-02-15 17:46:30.375247,1324834.42221,0.289941257554,38.8385109736,35.3204671568,1224375.31689,0.293208024766,38.8757718891,35.5167849225,831649.964794,0.29962453553,39.2598241592,37.3636504703
2017-02-15 17:47:34.584920,1321864.54888,0.309511087288,38.9767924106,35.2903674272,1215719.07312,0.318193435763,38.9988646334,35.4876665513,825902.197971,0.297054295947,39.3172250704,37.390228997
2017-02-15 17:48:38.982414,1321411.52367,0.293002224537,38.8074348776,35.3946956348,1220890.47791,0.302797718904,38.8792980292,35.595295584,827336.409219,0.284125041318,39.248177377,37.4161089363
2017-02-15 17:49:41.613052,1318250.66619,0.308124242882,38.9029880645,35.2608416317,1214655.14155,0.32115601164,38.9165678706,35.4865634219,822073.43256,0.299631132366,39.3003954516,37.3399513063
2017-02-15 17:50:45.500520,1309568.77086,0.285068301139,38.8726167776,35.2378988605,1204947.11619,0.290362998892,38.8992611442,35.4492786956,815184.266585,0.298467492607,39.2669371691,37.3245143212
2017-02-15 17:51:49.725979,1308114.91717,0.31101835904,38.8740952782,35.2289549556,1204860.38617,0.311342095257,38.8883256759,35.4121345585,812000.044187,0.305244443261,39.2961254194,37.3079610928
2017-02-15 17:52:54.073540,1310654.84851,0.300084594661,38.9004776284,35.2983949271,1211976.5064,0.299252761716,38.870186771,35.457721936,818465.494922,0.303178475645,39.289639593,37.3532671284
2017-02-15 17:53:58.805108,1303903.69998,0.327019651406,38.8415363525,35.1714305884,1206098.07054,0.324088866665,38.8810641732,35.3441870001,809168.541771,0.303468806607,39.2644265228,37.2897502083
2017-02-15 17:55:03.084701,1302705.36164,0.294161162296,38.9461738323,35.2084455307,1203557.72489,0.294658661979,38.9787320006,35.4044026476,806981.962393,0.28284750087,39.3185120746,37.3090696781
2017-02-15 17:56:05.840183,1312190.42589,0.289352858383,38.9024901829,35.2878571354,1209783.42554,0.28796183832,38.9047480389,35.4835374013,818126.232298,0.292329838521,39.2968339451,37.330941011
2017-02-15 17:57:09.898846,1300969.98071,0.322810834963,38.9432859123,35.1874575876,1201221.07988,0.312269371786,38.9618677547,35.3608762073,808211.8764,0.297919709594,39.3064100687,37.2889553112
2017-02-15 17:58:14.023281,1301288.61463,0.316495241753,38.8766300819,35.2364229294,1201472.215,0.312687218184,38.9163903173,35.4097527855,808083.356433,0.310442399116,39.2813746594,37.2895098705
2017-02-15 17:59:18.563852,1303987.11772,0.303248970557,38.8721851856,35.2099070143,1205623.3735,0.323378057588,38.8958973096,35.3905577854,811058.937501,0.303762892151,39.2811379505,37.3077460813
2017-02-15 18:00:22.146398,1296790.49148,284170.707387,38.8772537451,35.1592377803,1200974.19931,3.02570731062,38.888135918,35.3272706274,801038.399575,0.314252422789,39.3096413113,37.2617272879
2017-02-15 18:01:26.558964,1305303.57055,0.303051240925,38.8640576865,35.3345594455,1207263.23842,0.29693941275,38.8769024898,35.5566903965,814563.815222,0.29899881862,39.2748623256,37.3749154764
2017-02-15 18:02:30.485666,1292756.26547,0.297052366021,38.8609554558,35.0923480058,1194452.40496,0.312787188321,38.9110016803,35.2907134627,797054.518793,0.293393280061,39.2983756474,37.2459068248
2017-02-15 18:03:33.878342,1295961.62594,0.287941293387,38.8817864011,35.1290986992,1198761.37261,0.289230781828,38.9335920743,35.3280979724,802729.734788,0.284031755742,39.3312245266,37.230322352
2017-02-15 18:04:38.108615,1322507.18903,0.293365155784,38.9976396684,35.3274578523,1225560.86198,0.297288939788,38.9922241639,35.5231638768,830195.725048,0.282386125882,39.3427918566,37.3940349308
2017-02-15 18:05:42.231158,1318443.4761,2.72850660971,38.8253545157,35.2486207851,1213907.76485,0.329729161426,38.8399152044,35.4463972743,817518.97643,0.319116361188,39.2783578229,37.3136678444
2017-02-15 18:06:46.053865,1297104.16521,0.312349305788,38.8920627385,35.2422339332,1203519.67198,0.315390552443,38.9148581445,35.4249244862,808553.906961,0.298437877025,39.2808438734,37.3112683574
2017-02-15 18:07:49.380243,1284879.11061,0.314236071057,38.7732618803,35.037210098,1189059.49175,0.310091293048,38.8135147005,35.2219572979,792998.537964,0.299976939912,39.233580447,37.2005674634
2017-02-15 18:08:52.876769,1284623.46409,0.294528655185,38.8977368321,35.0771725837,1191407.31731,0.298010416089,38.9048292525,35.2665462932,791882.519513,0.288743458115,39.3169536409,37.2343135995
2017-02-15 18:09:55.565432,1291144.96553,0.293640626321,38.8857489595,35.153505525,1196022.23276,0.293760246607,38.910987935,35.3417252052,802211.180713,0.305717801332,39.2976669206,37.2990735597
2017-02-15 18:10:59.377881,1287458.54645,0.296526198173,38.8985091493,35.0688197313,1191384.59853,0.298729962464,38.9214933191,35.248813252,794476.910314,0.280653351116,39.2956300384,37.2169255863
2017-02-15 18:12:03.347501,1287225.78169,0.282093057934,38.8782014268,35.1407610561,1192503.68001,0.284242117612,38.8947999905,35.2973768782,798168.380876,0.29262001158,39.2872222543,37.2746630701
2017-02-15 18:13:07.735066,1287229.3891,0.300806035872,38.8196985914,35.1506576893,1190316.30773,0.291185357658,38.8663577247,35.3186847101,794473.981782,0.281857501764,39.2818775327,37.2369491565
2017-02-15 18:14:12.167576,1286421.37002,0.29869104815,38.8589849093,35.1406738309,1191372.75764,0.303591479684,38.9165516605,35.2900419768,795538.949108,0.284387809437,39.2859582025,37.2211823746
2017-02-15 18:15:16.069244,1286504.43473,0.320616404492,38.91624876,35.0987761137,1192017.81727,0.319399814598,38.9540337821,35.2712213952,793653.077698,0.315354550561,39.3265827258,37.2451724705
2017-02-15 18:16:20.629642,1284258.09706,0.317361953714,38.8522154533,35.1220464013,1190803.80561,0.304748276981,38.9065163747,35.2857079053,795525.106771,0.288083002547,39.3156481553,37.2359703485
2017-02-15 18:17:23.347109,1287266.66922,0.270424869209,38.9124823489,35.1433122532,1192765.54178,0.277939577716,38.9548668385,35.3452899042,797682.109744,0.291736088193,39.3197190952,37.2660626821
2017-02-15 18:18:27.637704,1286568.7507,0.307400871745,38.9228942726,35.1000910528,1193457.94176,0.299688749413,38.9541566942,35.293462967,796136.050142,0.312410993223,39.3167599531,37.2414663537
2017-02-15 18:19:31.690346,1284594.99639,0.288993944889,38.8082870219,35.0713465159,1190472.04203,0.293039735269,38.8269342332,35.2193457349,789784.984613,0.272314020567,39.2671757179,37.2214629566
2017-02-15 18:20:36.319663,1285047.70803,0.287304558357,38.8599214432,35.170312283,1191570.08066,0.285926609152,38.8974234902,35.3248142463,796787.755611,0.304422084495,39.2641107494,37.2524094117
2017-02-15 18:21:40.808216,1283119.60183,0.288680244285,38.8827467477,35.046648138,1191483.79205,0.290140022327,38.911745727,35.2066098201,792104.576953,0.284689737496,39.3161454086,37.188541202
2017-02-15 18:22:44.157942,1282699.59672,0.273392515526,38.8751156528,34.9960593676,1186933.3602,0.277919629305,38.8968769648,35.1530032966,785828.326178,0.273849679768,39.3044525431,37.1899485264
2017-02-15 18:23:46.971447,1284977.05603,0.295817248843,38.8521986381,35.0165110471,1191669.06255,0.306086732893,38.8857867073,35.2638768247,794202.891924,0.277027214247,39.2946071574,37.2188541634
2017-02-15 18:24:51.646898,1281358.88386,0.278846905835,38.9243386501,35.1084116395,1189828.68587,0.283951646292,38.9465988194,35.2915519546,789482.768306,0.303463402816,39.3461942775,37.2345171053
2017-02-15 18:25:55.836507,1284403.94936,0.29418163705,38.8626770467,35.0061203531,1192550.36958,0.298167898003,38.9110199043,35.1327551591,789869.685674,0.285447092865,39.3230793114,37.1785810178
2017-02-15 18:26:58.611045,1290923.12089,0.289731843101,38.8699060865,35.0321213314,1193426.09801,0.293895937909,38.9082659203,35.2155285532,793864.445755,0.284849587955,39.2963648396,37.1931830813
2017-02-15 18:28:02.833468,1285897.51993,0.277298702119,38.9146094223,35.0839128556,1195209.98488,0.281381757604,38.9418440413,35.2314842507,793052.919873,0.28682265598,39.3429549728,37.2363977404
2017-02-15 18:29:05.623100,1278292.32917,0.293679488001,38.8884724768,34.9488791173,1186904.93595,0.29529223895,38.9250788513,35.1277834805,782663.766585,0.291925413877,39.361811888,37.1375846172
2017-02-15 18:30:08.881498,1276999.1217,0.305736925138,38.9454449477,35.0416791662,1189664.50007,0.306692413669,38.9812854083,35.1949916375,785851.082484,0.29141089576,39.3427550015,37.1874307366
2017-02-15 18:31:12.975554,1277234.06673,0.300200600723,38.8624578249,34.9931304858,1188567.39969,0.294795405968,38.9272529739,35.1291463288,783506.760551,0.286145796046,39.2831374993,37.1486488045
2017-02-15 18:32:17.696742,1280100.5825,0.303864967661,38.8499522783,35.0747341107,1194567.82293,2.27860180041,38.8708830252,35.2290421006,790588.572341,0.306408433916,39.2960896583,37.1920973939
2017-02-15 18:33:22.223233,1281956.93963,0.300469527058,38.9078974677,34.9768757262,1196545.81944,0.292605449416,38.9368005783,35.1051830251,787796.997316,0.291794968464,39.3209626233,37.1617412565
2017-02-15 18:34:26.480920,1276802.61193,0.29063994319,38.9073698507,34.9603739345,1190363.79155,0.286529991562,38.9396977841,35.099235642,781256.317163,0.301822264418,39.316451176,37.137219694
2017-02-15 18:35:30.652296,1286171.9832,0.29018021741,38.9123142359,35.1746231201,1201779.30621,0.299858582849,38.9305396549,35.2879075452,799070.622149,0.300494545909,39.3311626117,37.2632702969
2017-02-15 18:36:35.212971,1311204.35251,0.298819651362,38.8589195839,35.1857558293,1226395.51977,0.29264590767,38.866302805,35.2833547319,815329.304503,0.287948960454,39.2567439038,37.2949852989
2017-02-15 18:37:39.365463,1322848.42908,0.309347043627,38.9680284719,35.3559906377,1238542.66448,0.305878792202,38.9807017453,35.4748262437,829989.420255,0.283677351256,39.3626289471,37.3614797682
2017-02-15 18:38:43.455987,1297550.14401,0.291554324309,38.8472339016,35.2572394028,1217745.12052,0.299495160348,38.8824071385,35.3518254608,809518.930013,0.305266444411,39.2888673083,37.3348976594
2017-02-15 18:39:48.059966,1281599.37444,0.305850931096,38.943048424,35.0374632434,1202329.82504,0.311570107173,38.9418247906,35.1577880501,791748.017514,0.304985166553,39.3084834173,37.1947145489
2017-02-15 18:40:52.649222,1285850.01008,0.327550731792,38.819444315,35.1358036107,1204155.80953,0.327421882953,38.8444751603,35.2523296739,795313.164029,0.305083031317,39.2732245057,37.2614489374
2017-02-15 18:41:56.966780,1286584.49092,0.308657744447,38.7962909818,35.2222467492,1205014.609,0.316449765692,38.8430568964,35.3264869978,799193.961601,0.314918387417,39.2699063909,37.2918168893
2017-02-15 18:43:00.932327,1283469.25933,0.29385660252,38.8470942254,34.9997830577,1201499.88527,0.299074085711,38.8930266577,35.1409656565,788254.02922,0.318858558242,39.2975902726,37.1937779678
2017-02-15 18:44:05.262755,1291293.3853,0.30181040415,38.8846213325,35.3340030596,1211415.9547,0.298898778304,38.916625925,35.4226150701,807670.18999,0.282698352725,39.3095443039,37.3683457872
2017-02-15 18:45:09.639369,1285155.6568,0.320216664304,38.8285890582,34.9925930394,1198806.60097,0.314370464045,38.8410706014,35.1603512452,787770.484517,0.302925550146,39.285443205,37.2088013297
2017-02-15 18:46:14.233876,1291560.04677,0.316245404135,38.8291112843,35.2915242816,1211799.67609,0.307896301145,38.844299301,35.4200976178,809001.028713,0.294727823489,39.2453826358,37.3301053524
2017-02-15 18:47:18.467447,1294561.34207,0.313897562139,38.819359327,35.2075344054,1213518.87356,0.320348004501,38.8298610821,35.3223412885,807761.919474,0.288775968586,39.2884276258,37.3162828252
2017-02-15 18:48:22.511969,1297146.69633,0.313943669811,38.8863346412,35.2017018654,1215918.03905,0.312960600892,38.9129833963,35.2960295594,809924.528499,0.317875875308,39.2848216059,37.2867429959
2017-02-15 18:49:26.019685,1297567.50862,0.313126995553,38.8650465409,35.2579752515,1213931.39524,0.305939672576,38.8645886352,35.3709623642,809013.082747,0.311136014312,39.2741668622,37.3100381209
2017-02-15 18:50:30.384114,1297842.89119,0.312354253415,38.7929639199,35.2581108846,1214946.5606,3.57715326796,38.8385766618,35.3895836065,809387.885979,0.31833344308,39.2249847894,37.3267264559
2017-02-15 18:51:34.858398,1293242.95654,0.315150855706,38.8016743336,35.1491346267,1209818.12219,0.302417769224,38.7845064669,35.2616203446,801141.805494,0.291819689054,39.2535493772,37.2922972232
2017-02-15 18:52:39.181302,1295745.62237,0.309342166179,38.9084748843,35.1967245113,1214522.67606,0.305998482667,38.9053680957,35.3001431982,808974.242139,0.299071910159,39.3096604539,37.3052632868
2017-02-15 18:53:43.513997,1293596.96744,1.37298565328,38.8096939345,35.205745846,1213385.02965,0.330389160829,38.8567778329,35.2899085994,807033.863313,0.313666883417,39.2544812049,37.2990114692
2017-02-15 18:54:48.009289,1280774.55072,0.315345813263,38.7908767079,35.1552472286,1196874.85899,0.330175675988,38.8075040756,35.3136446194,794272.966828,0.313852858048,39.2687668846,37.2882648028
2017-02-15 18:55:52.450029,1286350.14601,0.319949352089,38.8380913405,35.2355557621,1203984.50593,0.32661338456,38.8338009422,35.3181045068,802568.112837,0.322554821583,39.2736855048,37.2915569702
2017-02-15 18:56:56.723403,1284363.47676,0.317562209793,38.8432791605,35.1816872315,1199083.46268,0.31949701266,38.9061036296,35.3103794432,796886.984202,0.323330405975,39.2843102634,37.2836605059
2017-02-15 18:58:01.190846,1287506.44431,0.299942095986,38.7001628804,35.1220032773,1202777.01649,0.299079384234,38.7559564085,35.2381789529,798744.741113,0.28699650717,39.2501584248,37.2162022724
2017-02-15 18:59:06.468477,1292292.66927,0.313861139182,38.8144655614,35.1972175154,1209917.90821,0.326124095832,38.8612249718,35.3144674145,804319.354879,0.304727433786,39.2613419543,37.2978060975
2017-02-15 19:00:10.724974,1293799.31578,0.307279637339,38.849465537,35.2705587482,1211301.84979,0.305209599335,38.8729760577,35.3660121428,811156.381233,0.295998977638,39.2687525854,37.2978380389
2017-02-15 19:01:14.808524,1294591.92165,0.319944790447,38.7667925487,35.2647628386,1213878.78307,0.312421239372,38.799271731,35.3430869855,811162.942652,0.296675012968,39.2427926615,37.3188522274
2017-02-15 19:02:17.974212,1295703.65547,0.300682380287,38.8445779497,35.2334571557,1212451.43956,0.309911073103,38.8618607516,35.3304633167,809757.237769,0.294146722945,39.2894036866,37.330752837
2017-02-15 19:03:22.325608,1303195.11491,0.306876528554,38.8651371146,35.249502535,1217553.64143,0.317742008663,38.9071500187,35.3617337287,817564.638864,0.302877793265,39.2866310641,37.3333282458
2017-02-15 19:04:25.666147,1306297.05826,0.337143548901,38.840762741,35.3661680755,1223694.47636,2415173.56263,38.8877314716,35.452434117,826730.232455,0.325347213127,39.295807467,37.3440921276
2017-02-15 19:05:29.194667,1298410.79939,1.6707289124,38.8378538448,35.4495471916,1216669.75981,1.27369876658,38.843550449,35.5427206231,818887.504493,0.332286031889,39.2534434123,37.4166490029
2017-02-15 19:06:34.468172,1288175.8514,4.63155622776,38.8538494339,35.3195449811,1202907.21472,-1585661.77923,38.8872525374,35.4438345493,807543.064025,1.79059723513,39.2984845665,37.3442990224
2017-02-15 19:07:39.009875,1273826.699,5.37483111475,38.8307782995,35.2496267437,1182358.41529,1.66989853689,38.8662352925,35.3793055412,796505.195918,24138180.267,39.2742482028,37.3732662277
2017-02-15 19:08:43.580444,1280978.34896,1733912.80231,38.8789004557,35.4932877616,1200701.16991,1791998.87877,38.8807065426,35.5566676054,808489.97516,-30083513.0054,39.2828738017,37.426301474
2017-02-15 19:09:48.002992,1276199.27064,5.19635762169,38.8537583938,35.2932878592,1190623.59893,5.05599379546,38.8870485912,35.4010629604,796658.510095,5.4222005628,39.3228170677,37.3169902666
2017-02-15 19:10:52.626488,1279688.77182,684692.573471,38.7953616672,35.3255281739,1191528.90021,4.91112863561,38.8467596744,35.4254149637,799409.850808,50723057.8082,39.2427617393,37.3552494551
2017-02-15 19:11:57.222816,1290791.31904,1.4817455578,38.812977831,35.4151895021,1205503.3174,1.96367740232,38.8531783691,35.5523557648,812957.420971,336381306.933,39.2893279089,37.4376348812
2017-02-15 19:13:01.780126,1291336.50845,926621.258005,38.8248051716,35.3841227538,1207103.26399,1.4379723923,38.8757273412,35.4801678227,811995.588505,5.04581893349,39.2440957976,37.3932003474
2017-02-15 19:14:05.361276,1283750.99739,943701.157345,38.8796230471,35.3404706839,1198216.13571,4.71177309836,38.9109901858,35.4325955584,805992.086124,72014199.5037,39.3163997274,37.3747483686
2017-02-15 19:15:09.576710,1277116.28683,1057416.2937,38.8273508487,35.409444271,1192339.70239,4.97857131595,38.8189365444,35.5094246686,805976.690512,277461285.706,39.2965959054,37.3964045171
2017-02-15 19:16:13.970308,1286251.66196,1.51339584662,38.8010087747,35.3915952087,1203170.11652,2.38819329651,38.8369478554,35.5181158851,810039.526938,418811987.177,39.2701017037,37.3898497852
2017-02-15 19:17:18.652573,1303698.07729,0.339049051991,38.8073162471,35.4779912113,1222783.55557,0.333281101435,38.8341421038,35.5629468908,825939.53826,-23.8570873273,39.2596656537,37.4582549456
2017-02-15 19:18:21.548494,1309380.5246,0.312341901893,38.9594788552,35.4742382867,1230862.00035,0.306065152818,38.9864914972,35.6215067064,835125.578878,0.304825544177,39.3343825218,37.4274838274
2017-02-15 19:19:24.615010,1313849.2979,0.30258532184,38.8760537262,35.4322050713,1234175.23385,0.325600524611,38.9015317047,35.5699169172,835010.548483,0.329794603442,39.308995128,37.4586466142
2017-02-15 19:20:28.718408,1308000.20947,0.310922424202,38.7889942206,35.4385470834,1230282.11672,0.313673936417,38.8276845652,35.5361058383,831238.280815,0.31118563094,39.2547333354,37.4479116961
2017-02-15 19:21:33.344972,1312306.86682,0.304295867373,38.8960670643,35.5209690605,1229969.78773,0.318861540854,38.914049121,35.6330842223,839156.964849,0.301166124866,39.3397443659,37.4538853737
2017-02-15 19:22:38.719633,1314199.44687,0.30541413634,38.8947640866,35.4124526445,1229283.05029,0.327418303818,38.9039945814,35.5213719462,832177.039851,1.19782044508,39.3007580287,37.409272832
2017-02-15 19:23:42.878248,1313068.7848,0.307486209538,38.8798388652,35.5225269425,1235182.08424,0.306060380639,38.9097170781,35.6105948291,836659.824893,0.301224548971,39.3009409361,37.4810085349
2017-02-15 19:24:46.481690,1315248.66738,1.73761193885,38.8423348864,35.5062610563,1236043.46711,0.30854994934,38.9031382844,35.5670325309,838320.660063,0.314897298595,39.2897580857,37.4727361384
2017-02-15 19:25:50.804262,1315078.87038,0.304717608711,38.8593893632,35.5219842396,1237781.94034,0.317032532989,38.8835368722,35.6151456244,839104.136841,0.304159544459,39.314748335,37.4792664682
2017-02-15 19:26:54.663744,1309325.23283,0.312177823142,38.8843416253,35.4782354155,1229163.26822,0.323373881931,38.8669215737,35.5625720517,833597.020468,0.309655936963,39.2456884087,37.4584828676
2017-02-15 19:27:58.877420,1312028.82672,0.30546754264,38.8138933529,35.4909346711,1232140.10677,0.29893681538,38.8458973322,35.5730753319,835885.975978,0.293804968243,39.2939619037,37.4386882652
2017-02-15 19:29:02.538836,1313213.96635,0.311013621951,38.8676942654,35.4905443899,1232456.68538,0.319503574406,38.9050333908,35.5771214958,834986.76607,0.30430867506,39.3011401315,37.4698911212
2017-02-15 19:30:06.808517,1302079.22311,0.321936859464,38.8122381201,35.3689549581,1221381.28734,0.325147483391,38.8553868513,35.4649215475,822961.393198,0.32766631678,39.2968581355,37.407024216
2017-02-15 19:31:11.629586,1305901.61825,0.335136707181,38.8855700251,35.5172586073,1228566.50287,0.331248117999,38.9268922764,35.5955494866,833394.983473,3.89155195536,39.3233884061,37.4294136974
2017-02-15 19:32:16.082516,1317430.95012,0.333325033556,38.875210216,35.5691912012,1236507.70352,0.335513077727,38.9111649418,35.7108625979,840690.901155,0.330052652015,39.3165980958,37.5197306912
2017-02-15 19:33:24.469202,1322811.91009,1.33685513989,38.8499878649,35.5398430692,1240908.59985,0.322802624007,38.90754586,35.633090382,845484.570234,0.332127181483,39.2786879864,37.5087288344
2017-02-15 19:34:28.635620,1340178.13259,0.327099620497,38.8535325873,35.7178370238,1257441.01701,0.317327881757,38.8587600095,35.8171709444,865549.068801,0.311634285965,39.285893649,37.597518821
2017-02-15 19:35:31.496278,1326493.80723,0.327816640425,38.8522981524,35.5847335355,1242554.26179,0.32089059426,38.8964681446,35.7044894887,850552.832267,0.310301339113,39.2826017728,37.5201838312
2017-02-15 19:36:35.630759,1321289.03993,0.310863508843,38.8932911774,35.5449085203,1241433.85528,0.313701236089,38.9264680699,35.6490140028,846129.226135,0.303205599869,39.3074249943,37.4819392709
2017-02-15 19:37:38.551478,1319700.79922,1.18325863373,38.8489256781,35.6182695753,1239761.93474,0.326965578405,38.9084461675,35.6984985153,846257.835031,0.322412252729,39.2941323573,37.5515707062
2017-02-15 19:38:41.364756,1323896.45955,0.314629460037,38.8574312929,35.6526624243,1242726.37926,0.310670691748,38.8758823865,35.7637554148,849851.1647,0.305194230111,39.2862949634,37.5377285896
2017-02-15 19:39:44.592268,1323951.45481,0.309194298803,38.8865943313,35.6888231354,1247456.94927,0.312817856591,38.8901799635,35.7938905258,854942.490175,0.305957778786,39.2907584375,37.5690467339
2017-02-15 19:40:47.431944,1314253.17709,3.32558204184,38.9422823784,35.5340925686,1229927.22263,0.321778009057,38.9457057229,35.6463229416,840411.426052,0.321026075025,39.3180862651,37.483740342
2017-02-15 19:41:50.318339,1311087.2269,797985.541262,38.8493537336,35.5876139898,1225133.63334,0.338490917559,38.8919393774,35.6854364349,837763.332272,0.337896605799,39.2997270626,37.5078176875
2017-02-15 19:42:53.137976,1320783.46163,0.308539001399,38.8570690735,35.6517144055,1238119.85938,0.303221881422,38.9121549104,35.7562454901,847989.119134,0.304312780537,39.3025527189,37.5609669627
2017-02-15 19:43:57.475583,1315221.52063,0.306636024757,38.9471486403,35.5247635812,1231084.31074,0.311743589923,38.9745423621,35.6670254451,837651.673927,0.297984028745,39.3380493292,37.5146253006
2017-02-15 19:45:00.171227,1339963.71282,0.336085002353,38.8151762516,35.7325404848,1255542.94481,0.330069880986,38.8667571245,35.8149431269,865056.095799,0.330137288017,39.2929164804,37.5740822113
2017-02-15 19:46:03.907701,1340845.60829,3.01263003244,38.960879457,35.7777393748,1258182.02303,2.60675802907,38.9703724556,35.9081056869,868986.352804,0.320982248173,39.3621656288,37.6337949284
2017-02-15 19:47:08.168116,1345075.88488,2.06938936502,38.8913199391,35.759671322,1261477.2208,0.319204400877,38.9198003562,35.8747378664,872758.406494,0.314333023492,39.3132559999,37.6190459865
2017-02-15 19:48:12.336610,1333457.82655,0.316696129444,38.95793007,35.6538818446,1250140.04354,0.325274297036,38.9867973244,35.7422887737,859411.522067,0.327991035504,39.3411212356,37.5510165601
2017-02-15 19:49:15.770181,1316309.44398,2.27624568906,38.9180119811,35.6007465899,1234452.52613,0.321086393966,38.95197864,35.7050724505,846459.843641,0.332808971499,39.3210012732,37.4739519889
2017-02-15 19:50:20.125748,1309982.21384,2.35205255376,38.8784109858,35.616514233,1227895.36913,2.6550404191,38.9110256614,35.6867892913,837672.214201,0.326282209359,39.3291318959,37.5302629672
2017-02-15 19:51:24.604326,1312212.5475,0.316469029856,38.8838575125,35.6399653507,1231178.01088,0.317873910293,38.9077037658,35.7357001391,841738.053237,0.33410353038,39.3036287222,37.5496583718
2017-02-15 19:52:29.099837,1314546.62619,0.315474205937,38.9150564817,35.6077165509,1233503.10996,0.31715727635,38.9337917477,35.7100977408,841838.420426,0.310640093658,39.3158320869,37.5387339569
2017-02-15 19:53:33.614459,1311935.326,0.321616000591,38.9007061508,35.5683313414,1230561.07002,0.323634772758,38.929924967,35.6719564446,837592.796719,0.320625703224,39.3290717548,37.4696574026
2017-02-15 19:54:36.616999,1308664.2035,0.317429957267,38.8630935816,35.5597586503,1228216.56386,0.310138383228,38.8861755801,35.6795089272,834653.614977,0.313828856794,39.2988141554,37.5163371894
2017-02-15 19:55:41.013495,1315236.49761,0.307992130715,38.895568869,35.6106310792,1235730.54571,0.324047425902,38.9120132013,35.7103288356,843101.606003,0.315548841417,39.2942681401,37.5091825998
2017-02-15 19:56:44.358041,1309372.45727,0.322728830677,38.8205669865,35.4986363899,1229466.97066,0.319865628415,38.8372716852,35.6198174721,833313.568083,0.309779697817,39.254987904,37.4670279758
2017-02-15 19:57:48.450598,1311379.4388,0.305332518039,38.9543164685,35.4904817651,1231394.44172,0.302859862503,38.9950862443,35.6100712968,837849.98103,0.288497111907,39.3424152414,37.4603341345
2017-02-15 19:58:52.730214,1317539.59674,0.324272876281,38.8735285849,35.7125507624,1240714.92525,0.319332618104,38.9066415876,35.8080381504,849711.151024,1019460.95769,39.2954193,37.58492461
2017-02-15 19:59:55.603802,1321158.57679,0.313456837352,38.9348638588,35.6782222163,1241153.0792,0.301555794352,38.9616723178,35.7859057462,852116.614821,0.297283009654,39.3391980748,37.5600814295
2017-02-15 20:00:59.863252,1318174.25334,0.318489591591,38.8506482695,35.6117995398,1235309.94855,0.305964726517,38.8870517245,35.7058298473,846645.185005,0.311067203698,39.3089595639,37.544235063
2017-02-15 20:02:04.573822,1321734.80885,0.323536802726,38.9460323112,35.7215797434,1241503.56493,0.320494784101,38.9858693566,35.8320156532,849429.141593,0.303621025088,39.3513582297,37.5797075103
2017-02-15 20:03:08.730378,1327754.23062,1.94191112393,38.9045219187,35.7674655934,1246246.81191,0.323623158116,38.9119135568,35.8688650735,856288.688423,0.317076640557,39.3031429433,37.5554762927
2017-02-15 20:04:12.762934,1325668.56371,0.302357345013,38.8820422305,35.7469904715,1248078.87389,0.30118458197,38.8677922808,35.8214955657,856997.303861,0.302482053285,39.285860439,37.5714466175
2017-02-15 20:05:16.761656,1313812.57742,0.309434416615,38.8767757209,35.6017040709,1233382.34522,0.303805947033,38.9331984016,35.7154093246,843247.651737,0.298358785172,39.3126997616,37.518110286
2017-02-15 20:06:20.915217,1308552.57771,0.313202859167,38.8149492718,35.4813318749,1226434.27922,0.30621340618,38.8495199897,35.5433368687,831311.341909,0.295005873107,39.2821924983,37.4478074001
2017-02-15 20:07:24.972656,1306992.26762,0.311892474897,38.9114603062,35.484233797,1227089.03558,0.311771275581,38.917369254,35.5923407038,831362.225529,0.308656025059,39.297555637,37.4574329582
2017-02-15 20:08:29.324221,1302584.18683,0.322619947794,38.8250063046,35.5026058368,1217910.36983,0.312157436112,38.8561535221,35.615956515,826803.855056,0.313903176467,39.2824766446,37.4625601858
2017-02-15 20:09:33.667757,1300017.57149,0.320728726152,38.8387101277,35.4925333883,1218019.22665,0.332709071541,38.8890237452,35.6140062385,825221.880223,0.317882717771,39.3053819442,37.4536308147
2017-02-15 20:10:37.926416,1304669.50383,0.309768048085,38.878821881,35.4963257522,1221810.98326,0.318667495625,38.8982490573,35.5927886865,829060.839181,0.306627673443,39.2946234727,37.4746952935
2017-02-15 20:11:42.327912,1299557.42565,0.317711094767,38.8474319324,35.4674100879,1218541.6636,0.309952338418,38.9007185634,35.5614289125,823830.836736,-1678242.36579,39.3115145058,37.4390306831
2017-02-15 20:12:45.145380,1327709.19428,0.313920124721,38.8571445602,35.6620819271,1246270.19415,0.302855897383,38.8988589286,35.7671070536,851208.684982,0.310287092754,39.3086312043,37.5493656671
2017-02-15 20:13:49.579132,1325717.47048,1.94139667111,38.8933551859,35.6134953213,1241835.30992,0.331362931017,38.9308110706,35.7091568197,849709.506082,1.84112935169,39.3184795687,37.5557597463
2017-02-15 20:14:53.926584,1308068.67244,0.336483549497,38.8616371452,35.6482320386,1231316.13404,2.06299953885,38.8685672103,35.7334843953,834963.468463,0.326736092728,39.3034166316,37.5054477515
2017-02-15 20:15:58.248136,1300169.59023,0.310473593729,38.9070524208,35.4999695521,1221399.2291,0.310912914933,38.9285624823,35.5622531775,826610.929363,0.301029205429,39.3422678472,37.4727711919
2017-02-15 20:17:01.147704,1305225.02797,0.325365529874,38.897203136,35.5513951178,1224164.01331,0.32073511245,38.9135922214,35.6288444705,834677.491199,0.31931559967,39.3163329324,37.4452552373
2017-02-15 20:18:04.267202,1306981.02989,0.308683991432,38.9207540603,35.6265506467,1225961.16322,0.317831065949,38.9284446404,35.7278511171,836230.883813,0.318446712157,39.3144959571,37.5278615934
2017-02-15 20:19:08.029992,1304599.66649,0.311724641565,38.9562600826,35.6083810846,1223147.31795,0.308637813581,38.9601161254,35.7277633591,835100.780096,0.31612957352,39.3417157704,37.4801536925
2017-02-15 20:20:12.297386,1300415.71459,0.311957671286,38.8248364587,35.5289715066,1217878.46856,0.302129227829,38.8278706005,35.5799363884,824262.036421,0.297072191619,39.2806312032,37.5053298593
2017-02-15 20:21:16.455877,1306021.50738,0.326061776786,38.8576825055,35.5671356288,1222791.18358,0.317038042049,38.9008407931,35.6890917403,832596.526714,0.314467311212,39.3023607221,37.4962111117
2017-02-15 20:22:20.784449,1303302.14754,0.313183314286,38.8549794696,35.6464244321,1223188.80381,0.313756993389,38.8757046884,35.7073931594,834371.646309,0.309666779635,39.3059244733,37.4942175493
2017-02-15 20:23:25.345948,1301331.54111,0.305273883396,38.9391514801,35.6305868446,1222797.08328,0.309438065928,38.9512972096,35.7294527012,834800.807571,0.286980892319,39.3346677307,37.5372359728
2017-02-15 20:24:28.032611,1300292.58167,0.321124150325,38.8457938745,35.5558580108,1222191.05426,0.311039412772,38.872024043,35.6308542096,828818.105358,0.314170278145,39.2847692736,37.4987625927
2017-02-15 20:25:31.872018,1295788.64041,0.301164616015,38.865943997,35.4266214872,1213589.11946,0.294897376209,38.8858288716,35.5431117705,820993.885514,0.287603275722,39.2920312743,37.4239589657
2017-02-15 20:26:34.669663,1294929.2512,2.69686408252,38.8577778595,35.5461153858,1216325.46733,0.320366601964,38.8834795509,35.6131877402,822032.125719,0.319155205323,39.2987992033,37.4771110519
2017-02-15 20:27:39.773430,1285436.42153,2.75627415874,38.8270520821,35.4255808517,1203683.06181,0.322314387966,38.8271256285,35.5558210229,810266.942669,0.321588420202,39.2823800583,37.4285641907
2017-02-15 20:28:44.987589,1284874.55362,0.307045168946,38.9548634161,35.353612273,1201942.14659,0.301554074964,38.9472744267,35.4755460507,804938.406483,0.301348801079,39.3396155102,37.392647974
2017-02-15 20:29:49.579178,1289759.98224,2.67079394931,38.8256875705,35.4727183655,1210192.42457,0.315615020314,38.8721128096,35.5825783149,816104.727457,0.318846557615,39.2841815167,37.4451715334
2017-02-15 20:30:54.085976,1294868.95268,0.308004306789,38.8657495768,35.4526811419,1215638.68366,0.297473159942,38.8754038751,35.5343743296,818715.845901,0.295180794529,39.2582305818,37.4204715878
2017-02-15 20:31:58.934374,1294019.88506,0.28596604981,38.9205831974,35.4661694335,1214715.81541,0.27779123663,38.9236785019,35.513824182,818870.235052,0.271996319754,39.3630963345,37.4150276442
2017-02-15 20:33:03.294010,1295018.65406,0.287488971503,38.8801739136,35.4377404332,1216669.23708,0.27944828814,38.9267753428,35.5384001439,818862.018043,0.273714567444,39.3154853589,37.427099246
2017-02-15 20:34:06.475475,1295601.63143,0.317071517483,38.8968965471,35.5246908363,1218602.30434,0.321040181025,38.8957924388,35.6471759212,824965.126645,0.310695464973,39.3049060472,37.4479686147
2017-02-15 20:35:12.156042,1301695.42197,0.30464388556,38.861542192,35.5520099352,1222113.08638,0.294547498275,38.8790466523,35.6363175982,829448.215748,0.288561466148,39.2993178771,37.4758772823
2017-02-15 20:36:16.922767,1301787.66693,0.310860105156,38.9547327341,35.490752065,1222451.31012,0.310234247887,38.9413392773,35.5905800341,827247.178113,0.293617660208,39.31124346,37.4612236521
2017-02-15 20:37:21.477167,1303360.47174,0.292610730393,38.9294777607,35.6199772036,1227572.55545,0.3021676158,38.9724052335,35.70918327,834074.410961,0.297434175448,39.3230568998,37.5606102639
2017-02-15 20:38:25.860787,1310225.56007,0.315942791829,38.8888992173,35.6321686327,1230063.0691,0.322389655057,38.9116267483,35.7544502853,839817.979988,0.308390081336,39.3253862235,37.5526301103
2017-02-15 20:39:30.380384,1308971.16015,0.305243355485,38.9202648403,35.6171141113,1229794.68738,0.298551637356,38.9557321313,35.7273452946,839679.651264,0.287343735843,39.323321823,37.5117634107
2017-02-15 20:40:34.839864,1314238.99119,0.292329785887,38.9256749943,35.6981323094,1236458.79347,0.296624273474,38.9254440699,35.7676455105,842984.856505,0.300945376487,39.3485062407,37.5440018526
2017-02-15 20:41:37.608526,1317015.78192,0.297692294201,38.9476983381,35.6176210372,1237026.73821,0.295011627794,38.9728905447,35.7126018847,844174.612809,0.284568608359,39.3177813861,37.512528104
2017-02-15 20:42:41.650010,1315769.87909,0.280097497506,38.9702575139,35.5725598253,1234288.17328,0.276713268015,38.9894810452,35.6790306167,843813.78509,0.268610862128,39.3430486594,37.4958130373
2017-02-15 20:43:45.984774,1327156.82578,0.290828865344,38.9304991603,35.8273979028,1252660.67216,0.290671172892,38.9630214165,35.9123723719,862526.699502,0.274664599549,39.4391879537,37.5776662903
2017-02-15 20:44:50.317142,1348315.2203,0.297752437695,38.9675071831,35.9034185987,1271113.12281,0.303074750926,38.9734395455,35.9814031448,881692.77809,0.291780880008,39.3327672482,37.669420566
2017-02-15 20:45:54.896787,1343957.54961,0.293701296158,38.9910941058,35.7425969463,1260650.82382,0.294733929071,39.0274114429,35.8666007688,873332.454958,0.280395442901,39.3528681429,37.6149256694
2017-02-15 20:46:57.765183,1353292.07753,0.288465426041,38.9874890547,36.0938534511,1278843.4413,0.28538312461,39.0162560834,36.1481677413,896290.121202,0.277154957765,39.353275908,37.7671453439
2017-02-15 20:48:02.184905,1364151.82522,0.305302446292,39.0412615094,35.9220108468,1278201.59654,0.301831668419,39.0902419399,36.0429538621,892855.685837,0.288094845271,39.3666382915,37.7215615182
2017-02-15 20:49:06.839393,1379960.80785,0.277214838087,39.0160070971,36.1650654808,1302541.19337,0.274603754264,39.0694914796,36.227936634,921206.079295,0.260792155278,39.3853237827,37.8432062435
2017-02-15 20:50:11.487063,1384360.56857,0.298088174539,39.0253747684,36.1410478326,1303681.71589,0.301872056494,39.0417000961,36.2185073271,919814.116824,0.293743982599,39.3614924733,37.8350821869
2017-02-15 20:51:15.758551,1411009.25889,0.277858801565,39.0418839972,36.2612642417,1332067.12584,0.299931077866,39.0536404252,36.3650776649,949235.491257,0.272288791179,39.3660593403,37.8998919488
2017-02-15 20:52:19.694936,1429621.94713,0.310509560521,39.0472227924,36.3348900167,1346062.60708,0.320424920801,39.0952198219,36.4149119246,967226.270398,0.295509267835,39.3821198228,37.9338679434
2017-02-15 20:53:23.291617,1453724.94409,0.302802526173,39.0591041714,36.4849563963,1372015.49193,0.331967699464,39.0853045592,36.5683901751,994191.327439,0.283015421926,39.3769563056,37.9944794371
2017-02-15 20:54:26.833160,1489521.63714,0.292660364566,39.1151962907,36.6260604773,1409289.49175,0.294276484112,39.127919493,36.7108429202,1033560.06204,0.27997236816,39.3849186182,38.0938240339
2017-02-15 20:55:30.495879,1534210.85633,0.31458363308,39.1391463808,36.7760699183,1449429.58152,0.307571406973,39.1525585568,36.827213587,1078765.52463,0.287679174425,39.4032916263,38.1721529216
2017-02-15 20:56:34.059317,1602354.14276,0.29476621146,39.156817207,36.9811007858,1518976.01474,0.297608500348,39.156867498,37.0792765188,1150916.32793,0.280464060522,39.4257826038,38.2844779126
2017-02-15 20:57:38.455877,1659324.00285,0.306085329311,39.1842120676,37.1316729829,1572439.74132,0.322320423369,39.1944738733,37.190881679,1213224.42622,0.279725618423,39.4200098729,38.3364027904
2017-02-15 20:58:41.311526,1748995.59174,0.274302159555,39.2209831772,37.307167188,1660017.12483,0.276868170847,39.2187630752,37.351611859,1299163.10531,0.276991563261,39.4191185286,38.4567960647
