mjd,aperture_sum_0,aperture_sum_1,aperture_sum_err_0,aperture_sum_err_1,bkg,fwhm,id,peak_flux,uncertainty,xcenter,ycenter
57799.5960127339,528019.778359375,586715.0246875,329.0812983741802,336.9380173041962,759.4097618174998,9.455422698030429,1.0,875.693359375,33.80387496948242,702.5745444064108,739.467053967763
57799.5967534706,524620.48328125,582293.36578125,328.8546805449031,336.4411282319103,753.2704644738328,8.692627820177476,1.0,869.82421875,32.04039001464844,703.0374829051486,739.2546162955651
57799.5974942148,523373.41078125,580972.722890625,330.5232151369648,338.055979941471,747.8015808824128,8.975006859130302,1.0,915.765625,33.53950119018555,702.2204214620755,740.1164809718557
57799.5982349515,521081.305390625,579572.4037499999,326.48763094502556,334.3649754701238,733.7832160719433,8.743611526238391,1.0,874.787109375,32.529056549072266,702.0407466890304,739.2781196676274
57799.5989641175,527442.04234375,584049.90171875,337.543206468313,344.6780523990511,752.8143869615993,8.471317589560153,1.0,847.685546875,31.973270416259766,703.0880949143332,739.4857054580699
57799.5997048616,528545.615625,584216.9713281251,342.4110475052518,349.2344352258638,717.2466766198906,8.208620088031404,1.0,874.091796875,31.15958023071289,701.8428256385099,739.3905544775257
57799.6004571766,539099.176640625,591581.04421875,373.1458592571157,378.71511450382303,731.9144188834807,7.129144622111822,1.0,860.36328125,31.4724178314209,702.783908654186,739.7298297026415
57799.6011863425,528693.9821875,583483.9071093751,348.61041982182576,355.1087697021815,704.9780592898687,8.214788141821023,1.0,832.646484375,31.818782806396484,701.7631582745388,739.3440639494528
57799.6019386575,532581.160703125,586066.003203125,358.68159467463255,364.67770691900824,733.0124345985636,7.355394524312813,1.0,833.64453125,31.65741539001465,703.5722467867172,739.429144080723
57799.6026678234,532787.9198437501,586004.814375,357.5288188235568,363.4952013450926,718.3322834378621,7.981670140294218,1.0,823.5546875,29.87189483642578,702.4026685455972,739.5743529825883
57799.6034085676,532515.1832812501,585422.507265625,361.37398367433724,367.1934324950859,721.3153002670618,7.543380409558918,1.0,830.73828125,32.610137939453125,702.7233246007816,739.6625012057938
57799.6041493043,527032.838515625,580625.699921875,348.08954156355065,354.2900688006927,710.3589695055083,8.13503427190209,1.0,846.197265625,31.790361404418945,702.3034871084566,739.606564308774
57799.6048900485,530560.17703125,584118.3694531249,356.15697950994854,362.1982622685235,722.0274660028163,7.573824013159005,1.0,834.046875,30.426971435546875,702.7240746174664,739.6503946330837
57799.6056307852,535606.50921875,588058.0771875,366.8784787484716,372.53793167085666,714.7651517284554,7.3075829166405875,1.0,824.21484375,31.306705474853516,702.5283663067888,739.3831580392106
57799.6063831002,532884.3615625,584906.435390625,363.41029540086606,369.04272121894815,718.0558825991845,7.7616795361951585,1.0,825.123046875,29.894695281982422,702.5093678560855,739.6741902783951
57799.6071238443,535322.53171875,587053.715703125,372.7271776014321,378.15177524124226,722.4851769963327,7.0482212994053,1.0,839.40625,32.14149475097656,702.7241344712029,739.6999816220836
57799.607864581,535028.010703125,588237.9716406249,366.644743356929,372.45325958366027,721.1076473183456,7.459183084281293,1.0,839.431640625,29.907318115234375,702.6005038289966,739.3196323855656
57799.6086053252,539755.1868749999,591642.24890625,391.6835286966018,396.87214935134415,733.1745723397912,6.317188902771296,1.0,843.515625,30.936756134033203,702.8521323752683,739.6086307553794
57799.6093576401,538379.03296875,591636.91546875,376.7606132538298,382.4192469980405,729.2152173703435,7.090431108460472,1.0,845.546875,30.456186294555664,702.4037912922397,739.4264943640655
57799.6100868061,539413.93578125,592064.761171875,379.8438695551732,385.3547241913267,745.5960365877748,6.888736853427359,1.0,841.11328125,30.865657806396484,703.0030408147652,740.0000696383449
57799.6108275428,538577.04984375,592643.39640625,366.71344786952955,372.7193534798469,750.3292515906719,7.36984914668074,1.0,851.43359375,31.867122650146484,702.7644643542252,739.8404078012502
57799.6115798578,544312.6446093749,599358.90765625,376.054709219918,382.1262716632681,753.0754068546981,7.113431495706539,1.0,867.80078125,31.333969116210938,702.3684293866793,739.4918285144238
57799.6123321727,539773.703828125,593738.6459375,371.71955570013364,377.63449363879306,754.5143927421667,7.106591395133647,1.0,896.068359375,31.749263763427734,703.326826803417,739.504742333691
57799.6130729169,535402.2240624999,590598.7336718751,359.3862230497472,365.77720657756214,757.0771488517348,7.552673071672107,1.0,868.54296875,32.249359130859375,702.7883052595137,739.8237977735293
57799.6138020828,532145.72828125,587846.6110156251,348.8211539207993,355.5044958821298,746.6768135175595,8.093875348094864,1.0,863.234375,31.313480377197266,702.2057132540428,739.6250844808102
57799.614542827,529890.1172656249,587010.573203125,341.1437670806293,348.3357261572852,760.0344665614123,8.22379161389194,1.0,855.369140625,31.216075897216797,702.8154290840265,739.6469176519432
57799.6152835637,534369.8538281249,589420.14765625,356.4003353669615,362.80834208385056,759.6767501021577,7.621623458537984,1.0,849.923828125,29.781835556030273,703.1023374334666,740.0355903246007
57799.6160358787,532019.0797656251,586507.8043750001,355.77659147087695,362.06192870564024,738.9637948936938,7.660915025184998,1.0,847.810546875,32.66609191894531,702.566150932995,739.5794852005375
57799.6167766228,525930.49453125,581957.0510937499,337.3468100304669,344.3417763428314,748.5628087372303,8.384953279412152,1.0,875.03515625,32.868431091308594,702.9551118200405,739.5076373746695
57799.6175173596,518876.688125,575901.6768749999,329.5136064807135,336.9137021377149,747.393020729833,8.566548384424946,1.0,857.119140625,32.47226333618164,703.0767832752357,739.5258491557262
57799.6182465255,509860.5028125,567571.3814843751,316.1869114955561,324.0960488403112,739.1649782713042,9.263549631652513,1.0,842.00390625,31.178192138671875,703.6882524099485,739.195064761713
57799.6189872697,513114.72437500005,569381.087421875,324.23457237276983,331.5835416956692,729.1873452605107,8.656642606675856,1.0,835.373046875,32.43708038330078,702.6282360859012,740.0872715112691
57799.6197395846,516383.31070312497,571954.323984375,328.9244079282981,335.9896186083151,720.756764665627,8.44985356615165,1.0,824.734375,30.192237854003906,702.9324005853894,739.6347805603842
57799.6204803213,519779.78132812504,575634.024453125,332.8591680874611,339.92302543020065,729.2410053389659,8.25795150669882,1.0,825.908203125,31.79253578186035,703.0563381545957,739.3132631163472
57799.6212326363,523763.09390624997,577204.98359375,344.33674946063155,350.58831348515906,702.0158678570536,8.312069320568966,1.0,827.3671875,30.483367919921875,702.2760406178159,740.352084410534
57799.6219733804,519380.34796874993,573156.133515625,340.2641086816554,346.65639921472115,712.2064310407357,7.874539742655839,1.0,841.064453125,29.52947998046875,703.2664769241993,739.2862443848009
57799.6227256954,519028.57531250006,572348.27140625,340.75605255998346,347.03137858283054,712.4921792950299,8.069571512922492,1.0,838.0703125,32.74714279174805,702.993284246812,740.2931761914821
57799.6234664321,513832.96671875,568553.173203125,327.64621813329325,334.52979502453184,697.0719058616288,8.577824163271716,1.0,815.080078125,30.127132415771484,702.2805830896003,739.3382307440779
57799.624218747,507689.4321875,563315.828828125,321.3183696196014,328.57263707461624,718.5761696130215,8.450739815752993,1.0,832.626953125,31.883642196655273,704.1054594551832,739.6406592268049
57799.6249594912,513768.69796874997,567999.582734375,335.21548445632266,341.827398950432,714.508422791382,7.862612328848082,1.0,814.310546875,31.938879013061523,703.0302221382536,739.8044159380553
57799.6257002354,528683.94515625,579533.542734375,372.35409597206046,377.5963753544473,704.638169526234,6.813906773249298,1.0,819.333984375,30.229324340820312,702.6621923806522,739.6618495975055
57799.6264293939,516518.84164062503,568841.2228125001,346.4889357784492,352.4344166285296,697.9548741400736,7.373930070937849,1.0,779.1875,29.810251235961914,703.3290806774863,739.6111642602524
57799.6271585673,522750.43703125,573021.6975,367.2174927637976,372.4095597342085,688.8243989140781,6.824912894075189,1.0,781.072265625,30.933273315429688,703.1304524669923,739.8163854305318
57799.627899304,517826.55679687497,568272.9590624999,355.94916170741976,361.3381489036113,687.1431966143907,7.132863617965284,1.0,806.67578125,33.512474060058594,703.1721558466124,739.719406823055
57799.6286400408,515604.17,566744.549453125,348.26040124612337,353.90775295603015,689.6957432923454,7.245952060082419,1.0,777.248046875,31.299476623535156,703.6931131536991,739.7389108693659
57799.6293692142,518404.66289062495,570194.0014062499,348.6409236521432,354.4295555584537,698.9242710195949,7.415417404250529,1.0,781.8203125,32.056663513183594,703.3514211121308,739.7273374361906
57799.6301215291,515654.30265625,569126.47484375,340.4049585429517,346.72135375538005,706.1608299276353,7.718023787174337,1.0,796.78125,30.74612045288086,703.4108871816416,740.0379432538623
57799.6308622658,519864.41953125,571194.101171875,356.0719982823915,361.63487178763455,686.9313241539911,7.302422459378619,1.0,784.927734375,30.524702072143555,703.0974918501514,739.8920326631811
57799.6316145808,519746.610546875,568217.2721875,365.9335482668012,370.7855031421301,662.0609824052676,7.08056929160525,1.0,781.087890625,30.129005432128906,702.7753004425442,739.8165388005676
57799.6323437542,519494.5313281249,566794.51984375,375.0655042797329,379.5826202361314,658.7471979544574,6.705747595913697,1.0,742.279296875,28.28129768371582,703.1068332420589,739.8518395783793
57799.6330960691,515717.772265625,564296.994765625,357.4103462482811,362.39294231628674,656.1147283091102,7.1178122386928795,1.0,766.69140625,30.07436180114746,703.4607259649154,739.641408559403
57799.6338252276,501791.89460937504,552759.8040625,328.48121223547474,334.44920850658133,662.5229736625083,8.028031654739772,1.0,748.234375,30.996095657348633,703.4708769186014,739.9964180810739
57799.6345659792,514775.043203125,562560.5877343749,355.75962817504404,360.5945540084094,628.9578370784924,7.556425984973912,1.0,771.728515625,30.12575912475586,702.1805968866757,739.4319878396722
57799.6353182942,516013.15789062495,562818.6321874999,365.775106347831,370.30449311973564,639.9067996967492,7.091763141586551,1.0,733.7734375,30.618762969970703,703.8241830912134,739.8382268791505
57799.6360590309,510503.07015625003,557810.32359375,352.58679641824915,357.3802922178083,634.3068339356143,7.425484736870895,1.0,734.521484375,29.452863693237305,703.0285608683689,740.2143619241236
57799.6367997676,513838.71953125007,559731.459453125,367.39741051830265,371.7322099021736,629.5787931173126,7.0100020431275745,1.0,732.69921875,31.131296157836914,703.3656600550361,739.611697207824
57799.637528941,515709.84421874996,561640.266875,364.40046364538046,368.79324622434905,632.7325777018629,6.993182774661287,1.0,724.98828125,29.2109375,704.2396899951341,740.1698912493542
57799.638281256,519187.54507812497,564664.303046875,387.10718549909785,391.1376425914097,635.7233264485802,6.393603145510708,1.0,721.171875,28.1163330078125,703.3441865575764,739.9194265697108
57799.6390219927,517924.50976562494,563311.131796875,379.0014508010755,383.1023825146926,635.3674402112756,6.521391232854695,1.0,714.01953125,28.987180709838867,703.716655023187,739.8204950043423
57799.6397743076,516823.01382812497,561896.5982812499,374.8898551150327,378.9850505247809,624.5517030981102,6.732418384476552,1.0,733.0234375,27.601837158203125,703.6076912323017,739.7126432954025
57799.6405150443,517079.67023437505,561600.179140625,384.11978282460336,388.02750449981255,623.2038584037051,6.752360755551572,1.0,706.771484375,29.217365264892578,703.31209138804,740.2843723619251
57799.6412557811,516156.92960937496,562142.246328125,368.79549907329226,373.1236082897206,626.6045187118502,7.059975844877468,1.0,736.44140625,29.860437393188477,703.1461962077616,740.1684005519023
57799.642008096,518130.42546875,563050.658125,381.7166027666707,385.7211629760895,627.2589804485838,6.641171533581853,1.0,721.724609375,28.98249626159668,703.4546353134546,740.1532075731826
57799.6427372694,517817.54859375,561954.906640625,387.09707924507876,390.8979328111593,621.295478599917,6.630108896508561,1.0,693.783203125,27.329206466674805,703.8983733181244,739.9235004190789
57799.6434780061,514930.188046875,558574.1702343749,384.9301962375703,388.6694236109488,612.1051002967497,6.619479745224056,1.0,694.947265625,29.14609146118164,703.3764845874126,739.7857115408972
57799.6442071795,514258.64546875,558655.074765625,376.5422504440588,380.5086306116731,619.0821545918718,6.8355501330231245,1.0,716.85546875,28.636526107788086,703.4716831362924,740.4187848560546
57799.6449479163,513598.192578125,558239.3384375,374.13954058766126,378.1788883049936,615.7171877296362,6.871390817717234,1.0,702.0546875,28.43575096130371,703.1243713292121,739.9800411749442
57799.645688653,515603.3403125,559579.7005468749,385.345576283767,389.1425784673147,615.1901924073933,6.4928661122310665,1.0,706.75,28.953447341918945,703.5322121221385,740.1956743960567
57799.6464409679,516210.50749999995,560052.4715625001,386.08187682549686,389.85054495737785,612.5934139656626,6.437669559517123,1.0,714.61328125,28.564523696899414,704.0442942836605,739.5498322961136
57799.6471817195,515850.50765625003,559230.357578125,396.89196340623363,400.48605014371066,611.634915749986,6.484464751522379,1.0,706.208984375,28.474210739135742,703.5660423029101,740.7639828925676
57799.6479340345,517490.1615625,561248.18234375,391.9919858560923,395.67596832000726,612.5370759249997,6.528523161731338,1.0,691.306640625,28.44264793395996,703.0411254073601,740.0084378767561
57799.6486747712,516060.6390625,559137.71109375,394.1167690386717,397.6824611728169,609.2210126648462,6.039971417110823,1.0,691.921875,27.862131118774414,704.0405084916018,740.3071965441579
57799.6494155079,515320.238203125,558247.9000781251,390.04272102984186,393.62540406027995,606.4453624947255,6.2346390518616435,1.0,702.59375,26.0723934173584,703.8390241425482,739.7806886318771
57799.6501678228,515812.6932812501,558903.7418750001,388.79253998416544,392.4003040199774,603.9858588608528,6.737186453696648,1.0,702.162109375,29.720226287841797,703.1854809324714,740.1924338696986
57799.6509085596,517834.895859375,560310.823828125,404.146929791611,407.52527319260884,599.0667797473981,6.1688886334494235,1.0,688.845703125,30.478271484375,703.7037702954105,740.3210376290451
57799.6516493112,514973.1540625,557499.30578125,394.43147079712327,397.90882422486106,601.2505465071919,6.590073598748867,1.0,692.2890625,27.480981826782227,703.6251058859044,740.2602844842272
57799.6523900479,515939.612578125,558410.9125000001,399.13741828502117,402.55756088252116,598.7229947720389,6.265846102552645,1.0,688.484375,27.760332107543945,703.4314297424783,740.3628298785528
57799.6531192064,516945.964140625,559190.8759374999,402.30507801358533,405.66656801837445,599.4856856564356,6.101700856083543,1.0,685.67578125,27.871936798095703,703.6828226803883,740.1324830912024
57799.6538599581,515120.05703125,557741.2147656251,387.0791311866366,390.6407748892882,597.8347069001861,6.642245199918955,1.0,696.275390625,29.282020568847656,704.0075468917594,740.4115969200558
57799.654612273,516349.38632812497,559201.4993749999,384.4803239857217,388.09388957138987,603.422422675767,6.929049327628508,1.0,680.9296875,29.145736694335938,703.287601783974,740.3466498321811
57799.6553530097,516000.82515625004,558768.70484375,383.2393010887014,386.8554410273978,604.6429070696275,6.985527563118574,1.0,696.5703125,29.038131713867188,703.9358754044791,740.1324766719646
57799.6561053246,516813.39890625,558933.67203125,397.5532740033421,400.928183437553,594.9641077082523,6.7391955425851515,1.0,677.345703125,29.121341705322266,703.5215610076166,740.4295222142948
57799.6568576396,514453.11390625,556585.97015625,388.54000087188814,392.00958799693626,594.3171764317569,6.444265750586974,1.0,680.01953125,26.607379913330078,703.8443552519632,740.1167519243044
57799.6575983763,514114.215703125,555771.3695312501,401.030523672517,404.3029162501538,592.9335407634342,6.503636108679119,1.0,672.64453125,26.663105010986328,703.5392530747262,740.2256178981543
57799.6583506912,515207.796015625,557278.116484375,390.4904423357536,393.9190932312119,593.1099443419023,6.507148701307191,1.0,688.19140625,28.618440628051758,703.715722585911,740.133209523375
57799.6590798646,511413.85882812494,553457.170625,392.06320194570134,395.4787329818973,584.0833289826901,6.651437283619087,1.0,676.029296875,28.73101806640625,703.5663762432757,740.7525039152436
57799.6598090231,511582.889296875,553844.63921875,382.22487009896946,385.7559716643187,588.9767815647699,6.964843343192861,1.0,690.87109375,28.775732040405273,703.5672226877554,739.9093850147252
57799.6605497748,512384.46273437503,554201.1097656251,389.6065115348273,393.0012887511343,585.1437441360972,6.41948631093953,1.0,688.16796875,28.936416625976562,703.9397750243951,740.3974805978655
57799.6613020897,516563.164921875,558752.9914062499,399.99914370607274,403.3723324288703,596.3117476774166,6.189508647920202,1.0,688.63671875,28.447532653808594,703.6728838001101,740.2601241355828
57799.66201967,513608.983046875,555332.4456249999,394.63543740574147,397.96486692911225,588.8919320077493,6.450221466608769,1.0,662.97265625,28.32904052734375,703.8266414573426,740.3132051535232
57799.6627719849,510311.85187500005,550761.70359375,398.8953108543725,402.0076558166017,575.6471940604875,6.489391940700534,1.0,679.025390625,29.543466567993164,703.6794382469127,739.9479115294978
57799.6635127366,510877.71640625,551575.524921875,381.9689726428825,385.2538792145903,572.0020876893102,7.306928197680251,1.0,662.205078125,28.604049682617188,703.7445522669994,740.497925721271
57799.6642534733,508186.851484375,549312.644921875,373.9713054040711,377.3981515362042,573.8101916215182,7.138393617353536,1.0,658.453125,29.241384506225586,703.8014316190944,740.2970258440396
57799.66499421,507872.51765625,549808.2453125,372.7446907826902,376.30124253872015,573.2086957588353,7.054169464223528,1.0,664.130859375,28.770206451416016,703.4871017011956,740.2923533351137
57799.6657465249,512076.813125,553574.606875,382.9808522424544,386.39419159670007,580.478469505161,6.819724713018403,1.0,675.732421875,29.29008674621582,703.8272937427339,740.4979558551427
57799.6664872617,506931.6803125,548624.01765625,367.72857584056595,371.30658488918687,573.1119170417442,7.083024056009126,1.0,686.85546875,27.04094886779785,704.1653959942566,740.2528916791779
57799.6672164351,505217.359296875,544963.3833593751,382.85224104513463,385.9751923442079,555.7982970042675,6.6966627465091815,1.0,638.103515625,28.404953002929688,703.795991753379,740.471359164478
57799.66796875,503942.555234375,542630.26921875,385.5621212323944,388.51018156626066,545.3330425179312,6.661387654385565,1.0,633.3203125,27.554733276367188,703.4420696683137,740.2983955383281
57799.6686979234,500694.40234375,539062.7892187501,385.40962690554915,388.2983884377627,533.2085034404274,6.777331795573554,1.0,614.626953125,27.665529251098633,703.8969714568017,740.5633685530321
57799.6694386601,501937.73703124997,539787.4696875,397.24139044360726,399.9793893706405,531.4035039044403,6.09573778542253,1.0,627.123046875,27.544164657592773,704.1246384159568,739.9150276383972
57799.6701909751,498765.1809375,536577.6871875,383.4421702596441,386.27142245610037,521.8631102606732,6.798759340806504,1.0,624.92578125,27.96434211730957,703.8607018863246,741.1919826254725
57799.6709201336,498187.97984375,535960.953125,385.9611156089039,388.75863438467775,524.8428372578968,6.575106772902941,1.0,599.66796875,27.365266799926758,704.0633628606936,739.8883462295439
57799.671649307,500193.24812500004,537114.3071875,405.6645813904398,408.2034077407252,518.6301006150453,6.352310779071582,1.0,604.046875,27.32813262939453,703.7375191762925,740.8517345483812
57799.6723784655,498607.29960937495,535893.8560937501,393.0969941990108,395.78037114318306,524.9395190643978,6.283715189435488,1.0,601.515625,27.0638427734375,703.9045251999592,739.7920393439412
57799.6731307805,498001.64875,535395.3090625,381.4870031693248,384.2713405039539,512.8634882262711,6.954980034412596,1.0,606.005859375,28.285432815551758,703.9503733231347,741.0837550727422
57799.6738715321,498697.68843750004,536001.56953125,384.55994789808034,387.30134298366045,521.1326492500793,6.6452841275067795,1.0,623.966796875,29.04981231689453,703.8799314836153,739.7106715228691
57799.6746122688,499183.29398437496,537209.3,384.35325079474006,387.19242169593434,516.8698253930279,6.770240628876255,1.0,598.701171875,27.456151962280273,704.4574333265175,740.565543123662
57799.6753530055,498917.78359375,537012.10265625,377.6834047962647,380.58437234834577,525.1786661471866,7.093066361864046,1.0,610.138671875,27.69967269897461,704.1842338723405,740.0272775352123
57799.6761053205,508272.6903125,548282.0365625,390.16263583003746,393.2741358196514,547.0035286650137,6.820532897445589,1.0,630.388671875,27.42814826965332,703.8015784395184,741.0379624478525
57799.6768460721,502052.985546875,540343.94390625,377.872176749951,380.8164624208964,533.2501074737538,6.836775412471155,1.0,613.294921875,27.219322204589844,703.9134538607286,740.0843059973944
57799.6775752306,502977.926015625,540477.8731249999,396.81799064256313,399.50654040581907,527.3554573201765,6.5624071152959855,1.0,625.244140625,26.682369232177734,703.9348291257733,740.4389895780403
57799.6783159673,499876.43742187496,538262.682109375,377.82746955328525,380.7761292897729,525.4838697647587,6.969994554326183,1.0,610.1640625,27.893381118774414,703.8177783548099,740.5005955873223
57799.6790567189,498520.61625,535955.16515625,378.14219945094726,380.9468014017173,519.5775567479519,6.979746627653393,1.0,616.607421875,28.297101974487305,704.2389394312347,740.0818676332923
57799.6797974557,497551.85078125005,534292.14046875,383.29323303445557,385.95959589316834,505.2347972892301,6.716790583364118,1.0,595.41015625,27.128725051879883,703.9896378337254,740.9056666522922
57799.6805381924,495601.88921875,531538.3931250001,387.33776150927054,389.8565202273193,493.6897524778666,6.675942223593268,1.0,572.59765625,26.73902130126953,703.9015206926014,740.5640421914285
57799.6812905073,492516.37015624996,529056.151328125,374.52027588893725,377.21999495504923,497.32085298277735,6.765696941862048,1.0,582.998046875,26.323169708251953,704.4075158077998,740.2567531059176
57799.6820081025,491038.15171875,527313.88796875,377.9673931847797,380.602547811138,496.096213971014,6.886915025894197,1.0,601.439453125,26.67137908935547,704.0817986185954,740.5859338125097
57799.6827604175,494190.415390625,529683.0091406251,387.66773309266307,390.13171549650866,498.5525431634934,6.586268654408304,1.0,592.185546875,26.72663688659668,703.8547062727057,740.0925691248348
57799.6835011542,495946.79203125,531836.3417187501,392.09294012602487,394.584448892909,495.2325013288688,6.653738090150219,1.0,586.46875,26.746463775634766,703.9802988762394,740.6137304715131
57799.6842418909,493664.901328125,530232.760234375,377.16099883256055,379.8545154362903,496.56541735649824,6.895072915941586,1.0,600.4453125,27.51625633239746,704.6043428211851,740.3752039179063
57799.6849826425,494134.94140625,529227.895234375,399.1983320356165,401.5409230537862,493.5112427661252,6.583250968954872,1.0,567.39453125,26.716411590576172,703.6261039427836,740.6264542689472
57799.6857233793,495566.40390624997,531729.8990625,384.929765623902,387.5063445835617,497.43845491493323,6.456101312115286,1.0,590.908203125,28.207151412963867,704.1279419321822,740.2504295542278
57799.686464116,498128.3153125,535167.713984375,384.3048913789822,387.00995701501773,510.34890372004406,6.58373933241468,1.0,616.78125,26.840787887573242,703.9353121464297,740.7501963872938
57799.6872164309,492877.07249999995,528681.5079687501,378.5788515463457,381.1476472026613,488.99474538081665,6.846463337755302,1.0,584.51953125,26.640613555908203,704.3728692741751,740.4450326890325
57799.6879571825,488781.024140625,523997.22421875,369.0233574170078,371.5698864883531,476.0036017751254,7.0528656501953835,1.0,566.8984375,26.827098846435547,704.3681841777316,740.6820463759641
57799.688686341,486535.988671875,521652.64765625005,370.4640824592372,372.98905384764464,475.21819354807445,6.803144759090291,1.0,552.501953125,25.5513916015625,704.0183280464748,740.3852308078448
57799.6894270778,488307.17890625005,522584.41101562505,387.41093949158204,389.7102222990172,471.4946421056466,6.480312895994015,1.0,554.298828125,25.717390060424805,704.207110234709,740.7896321654005
57799.6901793927,485768.59609375,521117.518828125,371.17142848024866,373.7246706565158,472.64745418557357,7.061341911803787,1.0,553.853515625,25.015182495117188,704.1293838574462,740.4104609532101
57799.6909201443,487350.69765625,521336.773046875,394.75941448907685,396.98005165495664,464.2323559926316,6.517162687976793,1.0,572.734375,26.884729385375977,704.2333149488154,740.716296284629
57799.6916493028,487713.96109374997,521441.463515625,394.89438467672545,397.0751123546472,462.37430703979214,6.1384692151522975,1.0,561.87890625,26.587345123291016,704.3246483296876,740.6691382994713
57799.6923900396,491398.503671875,525674.065703125,397.3380357093355,399.5904281791024,473.67500467287624,6.353059706432711,1.0,546.94140625,25.99665069580078,704.2139355077018,740.8329629183577
57799.6931423545,489154.978359375,523599.96859375003,386.56176270812887,388.8873045129442,472.73848020260067,6.7466642288045495,1.0,557.455078125,26.47080421447754,703.8572953651753,740.0109171304262
57799.6938831061,488119.02617187495,521452.89914062497,416.56903717145127,418.58597938069335,453.9379107199834,5.787522629415983,1.0,538.91796875,26.0212459564209,704.6247392417713,741.0475812394737
57799.694635421,487381.686015625,521022.84500000003,392.7940726426368,394.9852210935932,462.7833270635967,6.432093892778301,1.0,557.05078125,27.224157333374023,704.1017715675852,740.3820653760297
57799.6953645796,486682.73562500003,519933.820703125,389.96737699865963,392.1185493904194,462.1929606350014,6.8001961897109595,1.0,543.99609375,26.396347045898438,704.1177289464695,740.6207853361238
57799.6961053312,489749.39484375,523678.64546875004,386.97066343208877,389.22594353037573,467.13320699265,6.93043211915058,1.0,565.599609375,25.30569076538086,704.2439461636458,740.4801047164977
57799.6968344897,487620.645078125,520966.08687500004,391.17184012957875,393.3337410306811,459.50083715811235,6.481439529718592,1.0,546.80078125,26.709705352783203,704.6766210616029,740.6789325954862
57799.6975868046,486590.120625,520062.526875,388.79823952146785,390.99053131170444,461.89230209639237,6.689386972015038,1.0,545.404296875,25.110103607177734,703.9977608901622,740.5402641990433
57799.6983275414,487102.549296875,520278.02554687497,399.80685413700604,401.8927420995152,455.7123164470588,6.23305504304636,1.0,530.537109375,25.02134132385254,704.2651359430071,740.6107546645006
57799.699068293,485578.41125,518958.22867187497,382.47319413465743,384.689376273444,456.72520829393335,6.843698087435436,1.0,539.318359375,26.071083068847656,704.30977926393,740.6586321471515
57799.6998090297,486099.1440625,519423.65554687503,384.70411230189353,386.8918792314075,452.82637594176407,7.042120100462887,1.0,535.5625,26.740488052368164,704.3131260100682,740.8114714805089
57799.7005613446,489528.62375,523908.0246875,382.52388666284,384.86449197189665,468.3961849951184,6.6623660309535,1.0,555.35546875,26.637521743774414,704.0748014099614,740.3887372800651
57799.7012905031,485087.871171875,519127.222734375,378.9796035652074,381.30398497521276,453.3301861479058,6.773654194811545,1.0,542.130859375,27.754047393798828,704.5635313025194,740.8476236602324
57799.7020428181,483051.57523437496,516074.808984375,381.8788749279959,384.05383764504245,445.4724596939322,6.775580462083909,1.0,529.603515625,25.338605880737305,704.3189132582046,740.9198998359902
57799.7027835697,484271.702421875,516448.293515625,388.8186500363883,390.84400221043853,448.3441182119315,6.44077454188526,1.0,531.462890625,26.259931564331055,704.1541296818153,740.020193840388
57799.7035127282,482469.71148437494,515108.636484375,378.9810628352048,381.1119292881311,429.4775238028689,7.116017264152488,1.0,526.298828125,24.801109313964844,705.3816964858347,740.8920208806961
57799.7042419016,482056.1215625,514588.900546875,380.1162674521689,382.2297707284838,441.94229669470775,6.6921502174568825,1.0,528.6171875,24.38956642150879,704.312830543261,740.4784659220521
57799.7049826384,479955.50515625,512271.24484374997,371.3700006166585,373.5071343529286,434.88474044451186,7.058436811465794,1.0,505.798828125,25.169763565063477,704.7747997023955,740.5417130334549
57799.7057233751,480119.557890625,512793.383046875,365.9803206417606,368.1992440239244,434.26434939588773,7.547374801278951,1.0,510.630859375,26.236114501953125,704.1793619055046,740.8752752166876
57799.70647569,479242.73734374996,512073.374140625,370.36797015982967,372.57797175081464,434.709726732518,6.890076533104537,1.0,533.794921875,25.924283981323242,704.338644582175,740.5464831149002
57799.7072164416,480562.70578125,512467.9759375,385.3070106368525,387.30909387572774,432.56106894984526,6.817348800635066,1.0,521.224609375,26.201993942260742,704.2919051855515,741.0024919307075
57799.7079571784,478602.06796875,509994.68171875004,385.1269844636488,387.07047663480313,429.1717935767852,6.600375518217018,1.0,516.162109375,25.544647216796875,704.4242143868469,740.472377794183
57799.7086979151,478766.35085937503,510267.7149218749,381.1476457578414,383.129326035537,427.2135001541099,6.446214826764931,1.0,518.470703125,27.4932804107666,704.2902748312791,740.6412607830216
57799.7094386518,480145.20742187503,511800.2628125,385.17353061265266,387.1510785436258,426.992376978515,6.851414726173589,1.0,522.232421875,26.17304801940918,704.2542414899013,740.9132511872965
57799.7101794034,479061.115703125,510884.28367187496,382.1092164473282,384.12580496825643,424.4928480490822,6.904446094186419,1.0,508.572265625,24.675662994384766,704.1344401254029,740.9993178050205
57799.7109201401,476809.335078125,508714.293671875,375.06328544667946,377.122788051735,420.5964987818718,6.930379753571301,1.0,507.93359375,24.45185661315918,705.0928576882926,740.6835742960793
57799.7116724551,477740.786015625,510059.42671875004,365.71406890598325,367.8805733344416,434.9953153754133,7.355405323485864,1.0,530.142578125,28.13266944885254,704.258102718896,740.322735175758
57799.7124131918,474773.8203125,508089.291484375,360.9612124096474,363.2967409645566,432.15504865510036,7.023848429076795,1.0,517.146484375,25.154678344726562,704.5993987922986,740.7330485300184
57799.7131539285,478973.229765625,510992.1478125,390.2160809001736,392.2130504561132,433.91923373037923,6.311405298311613,1.0,533.833984375,25.671722412109375,704.3775281972693,740.4789397042478
57799.7139062434,477845.6678125,509750.60874999996,377.8502293866572,379.8994638313191,429.29176238288755,6.861724953877039,1.0,525.330078125,25.051395416259766,704.3992537121796,740.8963161282053
57799.7146585584,478680.2125,510548.24851562496,377.9041824657499,379.9409734699646,433.7325004784084,6.549324193301091,1.0,519.548828125,25.677448272705078,704.6076894660729,740.2739945852397
57799.71539931,479194.78765625,511535.253125,385.85823614028646,387.9144028523266,422.05660066010836,6.811107178921836,1.0,507.140625,25.170963287353516,704.4989658618954,741.6105622097058
57799.7161400467,482411.65296875,514461.01140625007,389.4595967017294,391.46142442233116,437.37406507398066,6.594555822510786,1.0,510.3828125,25.311279296875,704.7523630886121,740.5644983281333
57799.7168923616,482693.61851562496,515602.05960937496,380.82290452966504,382.98266453447127,437.36686521521005,6.5855445772171155,1.0,543.66796875,25.989295959472656,704.5320064845374,741.22233708307
57799.7176330984,484903.903359375,516595.067734375,402.61376494380943,404.5079430497895,438.3275011077889,6.346902894107801,1.0,519.447265625,26.917341232299805,704.6505419798128,740.4631177701579
57799.71837385,483507.952890625,515653.88773437496,384.2842442905087,386.3195648593569,432.4137087081811,6.5873946641693,1.0,518.533203125,26.573816299438477,704.6200153087038,740.9812221353101
57799.71912615,482252.57015625003,514502.21039062494,388.0952575094044,390.1264621095842,436.4534258418358,6.9195215733149436,1.0,534.28515625,25.577499389648438,704.0998600744414,740.9596173845032
57799.7198784649,481052.167109375,512877.71984374995,391.91286178794576,393.87261767500746,439.88457037550035,6.2655986599697755,1.0,534.642578125,26.61506462097168,704.3484943610932,740.5071144984589
57799.7206192166,482761.189609375,514618.84296875005,401.8903459847851,403.80101894771576,430.7061577111673,6.61368870731839,1.0,531.130859375,25.08011245727539,704.4135421200203,741.1870172518318
57799.7213599533,482402.378125,514295.214453125,397.9083216830224,399.85047547113084,435.86054137973224,6.013654107154898,1.0,520.412109375,24.959463119506836,704.5020075526819,740.6149859456833
57799.7221122682,482884.381484375,514323.91046875,398.42751196235577,400.31308924354227,429.2893704789792,6.535457806820859,1.0,513.392578125,26.105194091796875,704.4255783180503,741.3630449776439
57799.7228530049,480006.828515625,511073.03296875,408.23638129305147,410.0217551838497,428.18974993463905,6.248639610180556,1.0,520.712890625,24.493764877319336,704.7068377964183,740.5318526339865
57799.7235937566,479281.387890625,510053.034765625,400.6420325330244,402.43869061925005,418.80381290135807,6.244312909712183,1.0,518.490234375,25.807880401611328,704.7016272400449,741.050829997308
57799.7243344933,477642.065546875,508784.764296875,391.4704083551553,393.35430739437214,424.05100471698495,6.11372026313648,1.0,498.275390625,26.244651794433594,704.4545398846788,740.5101195946473
57799.7250868082,474930.13453125,506189.636875,381.7873055854025,383.73057222534965,413.6914829023539,6.644513195532453,1.0,505.634765625,23.870201110839844,704.7520105033707,741.2418927979497
57799.7258159667,476076.069921875,506660.812890625,391.92395395639505,393.7341852384345,411.65807091546213,6.726524620558379,1.0,507.359375,26.081693649291992,704.3504654163464,741.2406868830604
57799.7265682817,474096.452578125,505094.8715625,378.5237195770232,380.45661133385914,411.39925019316667,6.102166820564394,1.0,499.16015625,25.425874710083008,704.9178100682044,740.5683058547496
57799.7273090333,473989.296171875,505159.368359375,366.0466637114276,368.07657344092905,413.4793661660004,7.293606344899193,1.0,509.435546875,25.451948165893555,704.43919115157,741.1310426574371
57799.7280381918,472821.130546875,504794.545546875,363.4900668055532,365.6283877680924,417.88754835413033,7.272715183038792,1.0,501.701171875,24.997013092041016,704.4281724766411,740.7813372806614
57799.7287673652,475132.36796875,506071.56765625,385.00883350136843,386.901325967271,415.6648045477496,6.263631905695047,1.0,512.8671875,24.461345672607422,704.3028381552302,740.5136355378605
57799.7295081019,475746.135390625,507438.92789062497,362.00492711523526,364.11196481909684,415.7207889888126,7.1643242621185825,1.0,502.3984375,26.364377975463867,704.6875377764061,741.2953172720892
57799.7302488387,478340.82546875,509287.069453125,397.1730989187973,399.0015426822946,423.8077582869029,6.518969970623546,1.0,510.2265625,24.599979400634766,704.300535147252,740.5345381370594
57799.7309895903,477553.75375,507487.51031249994,399.1789524731542,400.88329063870685,410.5077338418331,6.114036730359753,1.0,492.841796875,24.46078872680664,704.7911177405358,741.0785526447521
57799.731730327,476109.268125,506480.76984375005,382.8156914669859,384.6484017343761,417.0419091885495,6.801746421561291,1.0,511.279296875,25.33030891418457,704.3081517814568,740.5798699650977
57799.7324826419,474403.019921875,504511.988828125,391.47305944195523,393.2295078047583,401.3326463130513,6.081012806607281,1.0,482.736328125,25.560657501220703,704.8795384112304,740.906711404256
57799.7332233787,474145.627421875,504802.080078125,380.51671444357345,382.3878515694014,409.5272717789259,7.02107189034498,1.0,494.95703125,23.588449478149414,704.0561772921166,740.9340655323894
57799.7339525521,473316.02640624996,503094.717265625,390.5372947853257,392.269077672044,403.1017139930205,6.100236400226809,1.0,488.66796875,26.102096557617188,704.6903067411434,740.6435440613842
57799.7346817106,473068.111953125,503353.0409375,372.3416767576753,374.2091328197593,399.53760184270027,6.956403000575738,1.0,473.44921875,24.557342529296875,704.6049074196209,741.0752335099967
57799.7354224473,471350.475234375,501174.34945312503,381.2463908167367,383.02471410888694,404.680247800107,6.070917816238582,1.0,486.568359375,23.76310157775879,704.4631177604218,740.6241825002778
57799.7361747622,473222.310703125,502677.7203125,392.60380745162314,394.29258382935194,400.21009096895745,6.804332139050418,1.0,491.435546875,24.717870712280273,704.2082483359943,741.0934575672063
57799.7369155139,474597.12210937496,504503.06242187496,393.5786420057429,395.3001458863294,399.4381729239948,6.305508116555664,1.0,506.783203125,25.519418716430664,704.7470797302966,741.1834087813901
57799.7376562506,476912.89296875,506653.349609375,388.6411399043886,390.37326959207536,408.0348845231349,6.001553424171607,1.0,482.708984375,24.848880767822266,704.6280081202324,740.3659221608051
57799.7383969873,472169.98234375,502463.0496875,368.85550366195,370.74228137068224,407.82122468599584,7.0568357513200075,1.0,481.248046875,24.12775230407715,704.090136988143,740.9204803406102
57799.7391493022,472766.42328125,503027.2382031251,391.69469439687333,393.4713258412385,402.7399359542127,6.177146970800527,1.0,490.076171875,25.17911720275879,704.9113059334292,740.9745725894365
57799.739890039,475087.653828125,505001.79281250003,394.4898666123249,396.2083152489587,402.5218961508308,6.191513600461599,1.0,494.9609375,26.937835693359375,704.7969849259472,741.2215738008402
57799.7406307906,475182.042734375,505000.1903125,399.1911881621945,400.8818149341606,408.27438688715944,5.722060976672079,1.0,491.265625,24.26016616821289,704.4430026652883,740.8250970430005
57799.7413715273,474885.21468750003,504684.96992187505,384.55752890059756,386.31218531076263,400.5068557022724,5.858776447010023,1.0,493.02734375,25.645946502685547,705.066894283969,740.7873900477144
57799.742112264,472876.57976562495,502473.08140624996,386.1203604349114,387.84367161272434,396.28759872472955,7.285764282679857,1.0,482.62890625,24.337039947509766,704.2979868180079,741.3571577917559
57799.7428414375,472325.725234375,502008.889375,383.58862894307106,385.33687305343136,402.4910928868003,6.783012143633009,1.0,489.44140625,26.330921173095703,704.6001554075586,740.8115697693842
57799.7435821742,471598.49226562504,501519.110859375,382.47049699453066,384.2551036797081,401.91404739855926,6.136564773412184,1.0,492.7890625,24.74290657043457,704.6703451613031,740.7033297714025
57799.7443229109,471163.50953125,500999.32125000004,367.3072747278403,369.14898693938267,395.8053124509832,6.84581329683641,1.0,489.833984375,24.19770622253418,704.6674866619676,740.8053151183727
57799.7450752258,470642.777578125,499603.346171875,385.9857332246562,387.6417767283662,388.3041431419269,6.3218220804193725,1.0,465.103515625,24.505224227905273,704.6754556898812,741.057163002655
57799.7458159775,467855.14976562496,496820.51375000004,380.8993130867238,382.57523449918807,389.9397634440899,6.853139373111397,1.0,484.5,24.300891876220703,704.5138209440016,740.7951630014245
57799.7465682924,469199.65726562496,498104.89117187494,383.7852172418393,385.44179846078794,385.61311189215434,5.806363178150558,1.0,491.775390625,23.772680282592773,704.9996507797075,740.8383916891332
57799.7472858727,471522.14859374997,500828.53054687503,388.81596743047027,390.5023233841808,387.5481777166436,6.190534692121606,1.0,482.478515625,26.65612030029297,704.6660178936718,741.1908496089841
57799.7480266243,467850.735078125,496502.41890625,382.90850963162717,384.53797792925127,388.9539533225238,5.901565462543691,1.0,483.337890625,24.461090087890625,704.9022203180007,740.6979061548238
57799.7487789392,467463.62507812504,496558.306796875,364.14856392738176,365.91694326343537,386.4813057843415,7.3443183233222165,1.0,471.2109375,24.742055892944336,704.6863044498319,740.952448317139
57799.749519676,470350.70937500003,499934.77046875,372.57584981697914,374.3667454121125,396.735092440945,6.948332626795116,1.0,489.365234375,25.708362579345703,704.5775231313388,740.5825817155115
57799.7502604127,468733.404609375,497362.1509375,363.99891845432404,365.7122893693508,393.09145001595016,7.177358105970045,1.0,471.509765625,23.410764694213867,704.7121702501543,740.3584740118638
57799.7510011494,466605.834609375,495365.40960937506,372.973361297982,374.6566338620123,380.4166746528692,7.760753590591883,1.0,464.875,24.495777130126953,704.5501267181446,741.4415226163559
57799.7517418861,465401.628359375,493502.8365625,374.9923917492964,376.5956002343565,383.4454318183333,6.255979695327339,1.0,469.865234375,24.986967086791992,704.6443930425925,740.6854502958098
57799.7524710596,467193.567109375,495357.21921875,390.5775561767372,392.1149007181685,380.5948224933745,5.6936743758424235,1.0,470.705078125,23.90548324584961,704.8031000675843,740.8743371222371
57799.7532233894,473504.55859375,503043.01375000004,383.2504643685152,384.97285255444075,394.85329283722814,6.308772754767149,1.0,492.666015625,25.253442764282227,705.0556809726102,740.9698323254419
57799.7539641261,473805.30328124994,503683.606953125,379.36886110822167,381.1517129764749,405.4276327285145,6.790079862103674,1.0,491.51171875,23.638221740722656,704.4773345334685,740.3968015379928
57799.7547048628,467058.56875000003,495025.588125,378.3312045893389,379.90132559499597,372.07532915846,6.550023017294629,1.0,476.861328125,24.5849552154541,704.8728824678581,741.3143245241826
57799.7554340363,464554.710078125,492104.32539062505,388.49501311254676,389.97858425987374,377.23239072835486,6.227884801534602,1.0,475.30078125,25.570117950439453,704.3763537936561,740.6890887559986
57799.7561631799,463359.68023437494,491035.30234374997,379.52382361650183,381.05863977575194,371.050934417542,6.523935135938431,1.0,465.806640625,25.23544692993164,704.7570997392158,741.0642426605866
57799.7568923533,465175.99671875,492576.34710937506,392.773987987507,394.2279283344041,369.55811661879403,6.4353226986713254,1.0,490.26171875,24.709442138671875,704.798869039195,741.2479912982892
57799.75763309,463883.4184375,490975.31390625006,390.77201975799534,392.1987264210313,366.4853742219195,6.21333106672237,1.0,454.912109375,25.513689041137695,704.8855961292741,740.9914269407864
57799.7583738565,464210.905234375,491688.1428125,396.2144853253763,397.6601672382825,363.23107291459917,6.190675065891525,1.0,452.03125,23.772478103637695,704.8038499052,741.2432105479955
57799.7591145933,464714.501328125,492305.17367187503,380.50646478732705,382.030411795616,365.7775753888278,7.179043316935225,1.0,438.671875,25.26488494873047,704.6422217039044,741.3368078815747
57799.7598668933,463695.104609375,491542.73976562504,387.13159670453126,388.65723342681525,366.7443705336391,6.481436577850385,1.0,470.171875,24.181636810302734,704.7263048993295,741.1480933719394
57799.76060763,463543.175703125,490926.531015625,377.14606337148433,378.6598840093176,365.3394530593368,6.777587581081992,1.0,438.87890625,23.719573974609375,704.9370927343444,741.0386745776161
57799.7613483667,465568.47281249997,493002.65515625,387.09954035339223,388.58548794790363,365.95452748189706,6.843764702335831,1.0,456.6640625,23.4325008392334,704.6976142320347,741.1141692831314
57799.7620775402,465102.412109375,492286.633203125,393.33744151975435,394.7647015642319,361.38264511512347,6.613937351532453,1.0,465.42578125,24.59214973449707,704.9185615896984,741.3648401488466
57799.7628182769,464796.14859374997,491966.221015625,388.1677124047405,389.61571421514094,363.496917751877,6.701585874823513,1.0,449.0,23.836515426635742,705.0307729674914,741.125472747356
57799.7635590136,463236.173046875,490190.353984375,391.8925182751165,393.30125960583104,363.87051160814923,6.47913993766211,1.0,451.5703125,23.633638381958008,704.5428418228721,741.1113183888449
57799.7643113434,463037.72054687503,489850.28875,390.32210718083576,391.7253312559101,358.89250041343666,6.8817554328147,1.0,459.939453125,24.405643463134766,704.7335640690796,741.5645808389389
57799.7650520802,464217.545625,491255.130546875,384.14148196203206,385.59065442809634,365.6698672097132,6.318106403648529,1.0,468.2109375,24.674455642700195,704.7524177452981,740.9914329749716
57799.7657928169,465660.88515625003,492590.19273437496,391.5087709134251,392.92017974901637,363.4338084454585,5.823865689477303,1.0,438.611328125,23.512540817260742,704.8349023944775,740.7153406804186
57799.766510427,465130.960390625,491919.820234375,389.36930370238474,390.7723326457235,364.2635113922037,7.007732477515023,1.0,449.791015625,26.440526962280273,704.7015830794625,740.9061730244184
57799.767262727,462994.69484375,490432.321796875,373.580467234712,375.12005892470427,359.3294438661218,7.3923188641349435,1.0,450.685546875,24.131000518798828,704.8814040772235,741.3530030223083
57799.7680034637,464131.154765625,491311.31859375,388.29220675159115,389.74448736181574,365.9165269559504,6.68145925661314,1.0,454.85546875,25.338211059570312,704.712458348628,740.8373315587909
57799.7687326372,464699.68960937497,491671.57710937504,383.4597916444119,384.90176333620394,368.21365673494114,6.868637076646881,1.0,454.583984375,24.9176025390625,704.7686397436186,740.7991303302491
57799.7694733739,463359.469296875,490576.84375,381.5016592127165,382.9784732273389,363.2310367661096,6.783158630265473,1.0,452.53125,26.752138137817383,704.9975345660193,741.1182366966535
57799.7702025473,463567.2978125,490260.51234375,380.0684369252306,381.49396309757043,360.887854684839,6.582361451549884,1.0,449.388671875,25.00621223449707,704.8628023420833,740.8094211011244
57799.7709317207,460517.70304687496,487491.12234375003,367.8499580167057,369.3549628019742,354.6118161423394,7.082953792069472,1.0,444.92578125,24.718223571777344,705.0468032463774,741.1890815316912
57799.7716724575,461657.85210937494,488638.81890624994,381.7406299911556,383.1945233488248,360.9372065034952,6.636124531194361,1.0,440.17578125,23.75176239013672,704.761794996268,740.9321718189874
57799.7724247575,462174.017734375,488994.72468750004,381.1633296057925,382.59831358776734,359.47141159999353,7.102644296264022,1.0,469.197265625,23.904827117919922,704.7836286767871,741.1892694855179
57799.7731770873,463628.598515625,490376.134296875,386.951304764599,388.3577953319972,360.7853237027571,6.768048180861954,1.0,434.68359375,23.420034408569336,704.9737852882613,740.8229064014527
57799.773917824,461612.27164062497,488607.954765625,381.186928521119,382.6373356111995,360.657109922352,6.383012121213762,1.0,453.9453125,24.22097396850586,704.8783135440806,740.7932061960297
57799.7746585608,463641.934296875,490370.893828125,387.8799115732086,389.2809078929237,356.12200267685324,6.969492977120109,1.0,445.197265625,24.773714065551758,704.9340145633287,741.5267969345371
57799.7754108906,472076.6090625,500560.03234375,394.27263235627316,395.838622862998,393.2225034390884,6.683098319945727,1.0,467.86328125,23.679271697998047,704.5017430402442,740.7007245646096
57799.7761516273,474304.8365625,503609.431875,382.8673558593519,384.5758216490056,397.1809995964464,6.711651613022605,1.0,483.228515625,25.133878707885742,705.0483175152021,740.9049382415102
57799.776892364,465845.04296875,493683.562421875,388.86923561083654,390.3857786277867,370.3977208840298,7.038977709266689,1.0,467.70703125,25.6076717376709,704.7119708651522,741.3458343757328
57799.777644664,463374.81281249993,490811.26195312495,380.11992626568616,381.6274497718287,366.0158079923039,6.614503182996763,1.0,462.18359375,22.967866897583008,704.984159847658,740.8220427423431
57799.7783854306,462304.36679687497,489952.48453124997,376.68571753700917,378.22192039927893,369.08076485392974,7.476567864313893,1.0,445.06640625,23.65569305419922,704.5737054054179,741.0289117958889
57799.7791261673,463988.561796875,491396.08804687497,375.9255256598927,377.4498532171516,364.5190514815971,7.407735625271283,1.0,457.06640625,23.93326759338379,704.566477265747,741.5589337663271
57799.779866904,463653.84062499995,491207.51609375,382.7837031142095,384.29392372055577,373.1040044476286,6.758867685398163,1.0,447.267578125,24.341758728027344,704.7366646367312,740.6111590101427
57799.780619204,462211.99953125004,490262.6884375,375.083497901603,376.67664924357246,364.70951294843036,7.4776590989629526,1.0,469.509765625,25.585344314575195,704.817257357046,741.7750065204671
57799.7813599408,463319.901015625,491171.778671875,376.9618868248832,378.5220975417019,376.02649095639964,6.5551220727003,1.0,456.5234375,24.588726043701172,704.5963935690738,740.6651275631906
57799.7821122706,464530.39679687505,492659.337890625,373.45466730105045,375.06557169516645,373.1935673095724,7.503943747008853,1.0,454.86328125,24.807601928710938,704.6033498565497,741.3836047072477
57799.7828530073,465577.614765625,493270.034140625,389.4785686024089,390.97738551042556,378.1931160926369,7.127467228696132,1.0,482.794921875,24.331512451171875,704.4772991903521,741.0310545605345
57799.783593744,467138.87921875005,495659.03703124996,386.55230533216866,388.1451631774626,380.05573048476134,6.930703352393433,1.0,470.03125,24.32679557800293,704.7117670193827,740.9646837599382
57799.7843344808,467057.51945312496,494911.91234375007,389.55466978099054,391.06598076040547,375.5875472914789,6.919510653341675,1.0,471.75390625,24.159135818481445,704.6843881923921,741.3088019471976
57799.7850752175,465481.53093749995,493527.7221875,384.06982567421704,385.6296215885149,377.80779263106626,7.359977387041915,1.0,463.91015625,24.73687171936035,704.5572059807769,741.250230866858
57799.785815984,464697.64414062497,492880.5540625,383.8078660176783,385.38234081615354,379.03505786554325,6.81191677700311,1.0,459.66796875,23.41989517211914,704.3773826854832,740.9641799529869
57799.786568284,465105.5974999999,493444.39703125006,393.84422827309237,395.39075548255397,374.1980553813658,6.478144902160119,1.0,461.82421875,23.385955810546875,704.860269728472,741.1581833850964
57799.7873090208,464741.28515625,493307.21453124995,375.19618402352336,376.84793400465765,381.357719425291,7.20193003952186,1.0,475.3828125,24.267358779907227,704.5839030493104,740.9754066377365
57799.7880613506,459121.10046875005,487891.44367187493,364.3997916901995,366.12682662716594,377.9127449443196,6.8125705031593045,1.0,472.666015625,25.045745849609375,704.5320315480423,740.922601682238
57799.7888020873,460059.601328125,487904.55460937496,374.2092838460445,375.7908184102311,376.7855109775627,6.809574363014034,1.0,455.26171875,25.136859893798828,704.6413546591756,741.1174863682935
57799.789542824,460210.61203125,488479.82687499997,372.40382581404043,374.04537412023853,374.67958243796267,6.53688578998751,1.0,449.669921875,23.563207626342773,704.7775111898744,740.9433379348288
57799.7902951241,465049.698046875,492780.69765625003,389.13510282082683,390.6390663630933,383.1000175760823,6.7929993625505345,1.0,456.06640625,23.79243278503418,704.1656221811639,740.6443766372851
57799.7910474539,463047.845546875,491170.062890625,397.3669957484518,398.8831061807844,377.9267181178914,6.703474306231086,1.0,454.767578125,23.463598251342773,704.5461583017018,740.868194930262
57799.7917881906,465540.25570312503,493095.38054687495,403.33369973521235,404.76347106678566,376.39842138338787,6.454941720465171,1.0,461.603515625,23.60976219177246,704.762556788144,741.111521471598
57799.7925289273,464580.958828125,492443.026484375,393.7184257039832,395.22018628984284,380.3948405447043,7.045097398560493,1.0,461.279296875,24.92363166809082,704.291666741841,741.0277104321723
57799.7932581007,465141.36953125003,493322.196171875,396.09215284792833,397.62037145660304,384.7183660576588,6.146340187940405,1.0,489.302734375,25.030487060546875,704.6425771587046,740.9298073039108
57799.7940104306,466424.03953125,494871.627578125,396.34016850124453,397.8893609533629,389.30881849692685,6.433003656900823,1.0,475.4765625,24.376266479492188,704.7171262389082,740.8207832391523
57799.7947395742,469063.494140625,498277.07695312495,385.41601426368277,387.1055971471695,395.594903328124,6.881072838809194,1.0,478.361328125,25.497133255004883,704.637409508198,740.7746155141306
57799.7954803109,461567.3996875,490691.224453125,368.9828451658217,370.7337029915423,390.0810321576916,7.1342862764582575,1.0,475.7578125,25.95753288269043,704.5548887026298,741.3584921735262
57799.7962326407,460511.45687500003,491045.371875,352.7991980874426,354.8043795294907,396.19023537562157,7.271788553136411,1.0,470.51171875,24.4033145904541,704.6559051652564,740.7681314994338
57799.7969849408,451892.910078125,483857.403515625,325.85558181086316,328.24096715836237,396.7731967854061,7.961478497598095,1.0,492.75390625,24.434968948364258,704.6305851174742,740.7259929790669
57799.7977257073,452565.91132812505,484759.419921875,326.61105466904854,329.01465109137916,388.9424313111498,7.86713941312406,1.0,487.587890625,25.25295639038086,704.8193189866686,741.3922885111567
57799.7984780073,452888.598359375,484797.401484375,329.5819717679134,331.9334496092288,394.66748719738877,7.631654418420294,1.0,481.380859375,24.935537338256836,704.851189564507,740.6348104203867
57799.799218744,453877.61515625,485586.3653124999,335.1571262990028,337.4438637772852,394.2423869553154,7.615237947546435,1.0,474.095703125,25.08095932006836,704.493082136749,740.8468197565076
57799.7999710739,458276.52046875004,488977.88,347.9303178745245,349.98695111178716,387.279364420461,7.260121144990011,1.0,498.345703125,25.6138858795166,704.6218291819184,741.485379204661
57799.8007118106,459707.978984375,490097.082421875,354.373992924842,356.3548482660092,395.02173026808043,7.249137140398838,1.0,472.734375,24.753568649291992,704.605403982674,740.9955745993883
57799.8014525473,457297.2559375,488637.056796875,342.04295262561584,344.22157767602704,391.1563494531612,7.469722542081801,1.0,467.234375,24.15473747253418,704.8699715354912,740.8998623143781
57799.802193284,453238.460234375,484914.503984375,333.2563604876825,335.5373707152903,396.60468009237684,7.67830203125837,1.0,476.708984375,25.625957489013672,704.5873771985547,741.0334095939807
57799.8029340208,457046.454609375,488058.98796875007,346.5691992900486,348.6826821252037,400.51015655390256,7.154340717095151,1.0,490.2421875,22.774921417236328,704.455369220765,740.8216552987785
57799.8036863506,462632.70906250004,492781.354140625,370.13525678455966,371.99713867553476,399.9251951432641,6.8727542221849,1.0,487.404296875,25.70119857788086,704.4126965671765,741.1291854367463
57799.804415524,466936.934453125,496277.29843749997,397.1219068083643,398.76885580203725,393.31929546510287,6.238051551116336,1.0,476.427734375,26.098270416259766,705.1080194653099,741.1811025582348
57799.8051446676,468511.04507812497,498293.20828125003,404.7174090627477,406.38426387730755,404.32616898987396,6.385750936947298,1.0,489.09375,24.406524658203125,704.640282026812,740.9923344670699
57799.8058854043,467085.14570312505,496855.813203125,392.85440183467244,394.5706126045224,409.59579610178,6.6033092225588,1.0,485.599609375,25.557025909423828,704.2829569884126,740.871929449385
57799.8066377342,468162.491875,497569.33484375,407.28660179839716,408.8947761845212,397.58435079709005,6.184795858318442,1.0,485.453125,23.490509033203125,704.7253271773036,741.3388028810105
57799.8073900342,468216.53078125,497880.698828125,400.7690852845445,402.43478861116216,402.0279284958831,6.286855042499421,1.0,505.2421875,26.658315658569336,704.8524404507035,740.7861700424484
57799.8081308007,467121.35734374996,496863.59835937497,406.89756714081136,408.5401825733349,401.8117270824191,6.123843464105531,1.0,494.3046875,23.978553771972656,704.6840946956063,741.2897669346734
57799.8088715374,468289.151328125,498176.26179687504,409.4879915151159,411.1410803210393,406.02125285521777,6.207071389410308,1.0,483.859375,25.421070098876953,704.5056451547985,741.0878964794566
57799.8096122742,469325.138046875,499042.72187500005,406.535156852229,408.1873330933921,406.2874046685982,6.164506895617086,1.0,497.80078125,25.948974609375,704.623320349336,741.0863239314659
57799.8103530109,467033.975078125,496687.523359375,404.1274725060382,405.77385481813303,407.00097203554566,6.398890484054806,1.0,520.30078125,27.269119262695312,704.5826137382696,740.8703730080464
57799.8110937476,467988.48539062496,497507.25875000004,405.23609256189917,406.8688999500912,404.3761465332609,6.1606490049496365,1.0,486.232421875,24.4378604888916,704.4055632885947,741.1492068036857
57799.8118344843,467052.8165625,496840.79156249994,398.06716425334383,399.75659856344646,402.433690093272,6.204462053124884,1.0,500.357421875,24.853809356689453,704.7505107067349,741.046657094003
57799.8125752211,465483.42140625,494782.45382812497,398.4599882990943,400.0935548922537,399.6422035038035,6.511545196695733,1.0,484.666015625,24.994211196899414,704.4768723749373,740.9097130016577
57799.8133275509,465774.4978125,495373.19242187496,384.31284864428767,386.0470978706227,396.17166140995096,6.855175411766142,1.0,494.576171875,25.259233474731445,704.7249815665919,741.3557535934723
57799.8140798509,467544.505,497684.57625000004,391.9227400009695,393.6835552856466,405.27947972038885,6.456026383361356,1.0,492.974609375,24.632549285888672,704.6947416810249,741.2426984284791
57799.8148669004,469177.75,499770.737578125,390.2314273594021,392.0537314732785,417.01785493882977,6.528972398960183,1.0,498.45703125,24.998367309570312,704.6449770004726,740.9097185001172
57799.8156076372,474620.3296875,506003.82351562503,391.7977257775027,393.7080627690349,427.04676321592154,6.846961714275182,1.0,518.74609375,25.278539657592773,704.501416396601,741.2630634132748
57799.8163368106,470910.26953125,501909.24499999994,390.58052217273695,392.44748865748784,419.106738766848,6.456707362599542,1.0,518.06640625,25.391830444335938,704.4921945574315,741.0985096168731
57799.8170775473,469427.90640625,500015.917109375,389.12974557817836,390.954916891141,415.576144866174,6.255115431574906,1.0,508.5078125,24.59310531616211,704.7124830932065,741.0486518756321
57799.8178067207,469831.75,500216.66109375,391.6593374497243,393.4530005072646,409.94817520165714,6.4031367474400005,1.0,506.169921875,25.676420211791992,704.6513545956565,741.2835435947055
57799.8185358942,468520.53765624994,499231.18562500004,388.1303430488145,389.97889114782345,414.24319421859934,6.526694704671356,1.0,505.755859375,24.78841781616211,704.5978624554413,741.3676574726446
57799.8192650378,469594.788203125,500426.82648437493,386.7863096254309,388.6498496145735,414.9578739363273,6.462334706673839,1.0,505.41796875,25.584341049194336,704.7000339636868,741.4059889180072
57799.8199942112,466277.468359375,497367.066953125,380.81179897767856,382.73581650440104,415.5844832922144,6.400115780578309,1.0,507.97265625,25.617504119873047,704.8281960590539,740.8445398826511
57799.8207233846,462986.71578125004,494696.22234375,358.3605657832485,360.4822780467815,415.6813189150469,6.980618531511146,1.0,509.96875,25.45932388305664,704.654580226739,740.9259398235293
57799.821452558,467518.60734375,498018.682109375,388.38022093800544,390.19726494754923,412.4190245861772,6.589668655499297,1.0,497.44140625,25.824899673461914,704.5402187469481,741.3215375283653
57799.8221932948,466655.61562500003,497081.423828125,383.33346892577276,385.1715991597687,412.0782906680603,6.150602951561802,1.0,519.767578125,25.641639709472656,704.985134166688,740.9368032923164
57799.8229224682,473024.92953125003,505531.544453125,374.37321928397483,376.51641062521134,440.36288697725496,7.213318871989672,1.0,534.103515625,24.71098518371582,704.431661022402,740.9934632530064
57799.8236516118,472820.030546875,505124.3003125,376.21648938537004,378.32150831164665,427.56283711213456,6.777181750613253,1.0,515.90625,24.829280853271484,704.9649695372692,741.3501228743045
57799.8244039416,477414.913671875,510089.64703125,384.75881668835666,386.86250267656186,433.5946552506091,6.823075813518463,1.0,535.1796875,26.238798141479492,704.8262715579176,741.2435171718276
57799.8251446784,474014.97960937495,505754.35015625,392.8200248029818,394.77341190366815,427.48358060930104,6.2436779284843045,1.0,518.037109375,26.865629196166992,704.9934944922004,740.9536646256694
57799.8258738518,468653.261640625,499431.4915625,388.261785183165,390.11298842869667,413.49021425653785,6.436678131484677,1.0,514.5703125,24.754741668701172,704.976547170904,741.05171872141
57799.8266261518,462676.4811718749,493696.44242187496,377.6692693301689,379.60312400261967,407.95437258816435,6.612161491117562,1.0,504.029296875,23.778152465820312,704.6961905463198,741.1861642299727
57799.8273668885,465108.83984375,495867.191875,378.46358921692956,380.3642211686573,408.25594826174085,6.574178177111494,1.0,514.482421875,27.086322784423828,704.7980811106314,741.3050200710977
57799.8281192183,467579.46203125,498410.34453125,383.4506914147234,385.335281748801,413.354316122684,6.420710416469866,1.0,507.181640625,24.636659622192383,704.8902240507338,741.0745766668088
57799.8288599551,465870.860625,496127.464140625,386.5513564649868,388.3490382263525,403.61921858596344,6.293205244728874,1.0,503.509765625,25.96077537536621,704.814825436179,741.3318122830999
57799.8295891285,465146.06867187493,495238.254609375,392.5064921282688,394.26063506330354,402.5701233541374,6.331313567203501,1.0,510.015625,26.332950592041016,704.6323111893336,741.3350352915525
57799.8303414285,468065.35078125,498008.733046875,396.5165799020352,398.2323418986446,402.47937631755417,6.503274646083247,1.0,519.810546875,25.398311614990234,704.6822528956042,741.5240998051993
57799.8310706019,466279.406640625,496312.01765625,394.68447522142554,396.4191290044957,406.81157498223206,6.607641200933686,1.0,486.80859375,24.39480972290039,704.4077948869286,741.0160099063604
57799.8318113387,467649.65101562504,497137.48679687496,407.1499851100319,408.775638456641,402.35286227420823,5.969861384931536,1.0,483.9609375,23.938413619995117,705.0703334814465,741.0340104184143
57799.8325520754,466453.353046875,496971.322734375,401.4227007717682,403.1748590322577,405.5497627224313,6.5787065509663645,1.0,486.2109375,24.03596305847168,704.681817061099,741.6905991002699
57799.8332812488,467398.0246875,498060.89242187503,397.93550663521444,399.727643370568,416.2534812517393,6.185340359248025,1.0,514.8671875,26.111745834350586,704.856147342299,741.2861732894597
57799.8340219855,468066.844140625,499128.660078125,400.2167864907279,402.04835703314484,425.5034288040475,6.275931025692338,1.0,522.1015625,25.892175674438477,704.493825238237,740.884541814731
57799.8347743154,465966.625625,497368.6946875,381.4936769992903,383.4498567212571,413.0463389397364,6.536297727463027,1.0,500.271484375,25.50476837158203,704.9248589705102,741.404546270481
57799.8355150521,468775.45101562503,499822.4609375,385.8624995820133,387.76674118607485,415.65021164786214,6.835280806358749,1.0,521.06640625,25.387710571289062,704.7245470705795,741.5322427780475
57799.8362557888,468580.11828125,499359.914921875,402.54332975566746,404.3321642785863,412.5031296282709,6.697373483217872,1.0,512.3125,25.387432098388672,704.5118998955968,741.7042357419215
57799.8369965255,468874.904609375,499261.5334375,389.53564856387044,391.33334146362074,404.9017527459111,6.622935609119054,1.0,486.640625,24.560688018798828,704.7430051780653,741.3939845355055
57799.8377372622,467001.78234375,496658.16984374996,396.31122349471985,397.9971181215489,407.52966094011475,6.213213778537562,1.0,488.390625,24.8017635345459,704.4878199532573,740.9503314295824
57799.838477999,465449.8578125,495035.95999999996,396.57251046529615,398.2483541158896,397.857285184457,6.434528301168783,1.0,482.484375,25.36774444580078,704.8226711219919,741.216940744598
57799.8392303288,463492.256640625,493344.527265625,378.80453644838724,380.58908778111334,398.5727850592957,6.786148741563598,1.0,479.53125,24.498991012573242,704.5726218828123,741.2100344819268
57799.8399710655,463308.85390625003,492862.77437500004,374.40422146762734,376.181020664658,392.74978604251817,7.1376743516370125,1.0,488.46875,25.90205192565918,704.7188047613072,741.3184256976358
57799.8407118022,464343.489296875,493390.6625,401.7662970011371,403.3597821958571,392.09423149641697,6.237507191541941,1.0,483.189453125,24.112606048583984,704.8054110839145,741.3761423491322
57799.8414641321,464136.70999999996,493780.54398437496,385.29599455081365,387.0306023981177,399.49884423687416,6.568842593962571,1.0,493.703125,25.554988861083984,704.6991306664808,741.0506564501525
57799.8421932757,470153.211171875,501216.65140625,396.6804502263139,398.52764930425997,413.2565979731041,6.134954601961676,1.0,500.646484375,26.266721725463867,704.6959122543108,741.4610110859314
57799.8429340422,471223.098671875,502388.22109375,384.463332750153,386.38190809794753,423.920551209753,6.642516029934062,1.0,527.9296875,25.478214263916016,704.7610867712966,740.9974681667328
57799.8436747789,464241.03484375,494925.10921875,376.55926718988223,378.4598910590583,401.89429608162374,6.890332839175407,1.0,500.8046875,25.67511558532715,704.6491831375444,741.54102541315
57799.844427079,462883.010625,492843.35578125,379.48736217188053,381.2845401736701,398.8587363621716,6.41222705315268,1.0,502.26171875,24.565778732299805,704.9214795290422,741.1443025607657
57799.8451562524,465148.59437500004,495425.965703125,387.6605581195141,389.4570704739182,400.4264829832704,6.430667026014083,1.0,484.876953125,24.76451873779297,704.9125711802187,741.2810895606252
57799.8458854258,464905.9387500001,494617.33257812494,385.6639615057387,387.4003373113571,395.2419563907215,6.967079957531173,1.0,516.12890625,25.072595596313477,704.9183602750905,741.6432510694837
57799.8466261625,464158.37093750003,494141.191796875,385.2460612379028,387.0135011391366,394.14130865463795,6.3574934245143915,1.0,507.791015625,26.03655242919922,705.0369827560562,741.6516247590313
57799.8473668993,463140.31671875005,493359.11046874995,381.47422279980225,383.2962459539112,405.77704567133213,6.9200362903914305,1.0,499.93359375,26.556589126586914,704.403412909426,741.1694465565056
57799.848107636,462872.52515625,492715.342734375,393.17135469691243,394.89042323428424,400.29007039528165,6.323474355982771,1.0,481.6015625,24.927772521972656,704.5993842685332,741.4169890474587
57799.8488483727,463467.073828125,493660.988359375,379.7957369343659,381.62243695275237,395.5492428873407,7.191354080140608,1.0,489.716796875,25.536561965942383,704.6506131544554,741.7413263938882
57799.8496007025,463508.936328125,492982.685546875,379.74061444957755,381.4783165437349,390.82815590284616,7.0756770832469025,1.0,497.55078125,24.328622817993164,705.012831368482,741.7783959735846
57799.8503298759,462525.6240625,492038.043203125,394.34030201192394,396.02050148621,393.2343829953441,6.452342817612197,1.0,488.79296875,24.75756072998047,704.6060079651274,741.5441051184313
57799.8510590196,464401.352890625,493261.76242187497,393.80207253831475,395.4114437573101,392.55774001492745,6.172791813685906,1.0,487.998046875,24.597322463989258,704.701009923783,741.1875391200641
57799.851788193,460846.564765625,489834.7496875,389.05593550894764,390.6931755141148,379.38120555700374,6.703831685484252,1.0,475.802734375,25.22231674194336,704.7857865934645,741.8639200746534
57799.8525405228,459215.29195312504,488299.40531249996,372.5019803872941,374.2321174515073,380.0353556171486,6.9771990760066585,1.0,475.650390625,25.292850494384766,704.5519313317594,741.5617453541713
57799.8532928228,459201.93125,487926.533671875,374.75775923271476,376.4319962014973,378.10107308574493,6.530849841427805,1.0,475.474609375,23.917129516601562,705.1094700889438,741.2073223280898
57799.8540451527,461529.2515625,490303.8109375,379.6285132117019,381.28660924710096,378.034894481776,7.080017914075216,1.0,484.599609375,26.153390884399414,704.6542693777109,741.7578300770491
57799.8547974527,462361.76046875,490957.916171875,405.52111637538644,407.05431985047085,383.2277303482655,6.242351935736124,1.0,473.984375,24.35469627380371,704.6561020802188,741.5206036962296
57799.8555381894,462530.24046875,490878.84546875,413.7006644460549,415.1812413927924,377.28376274097815,5.7869074773085725,1.0,470.779296875,24.947996139526367,704.9492020665517,741.6023333562129
57799.8562905192,462456.5390625,490963.6084375,410.68618686004567,412.1867257989954,386.2754775598699,5.63786692344489,1.0,506.208984375,26.30624008178711,704.9358797638364,741.4459095236924
57799.8570196629,463574.70648437494,492698.33054687496,393.3826083678773,395.02534477533175,387.8839878705636,6.615289107250008,1.0,475.646484375,24.297645568847656,704.8587570234846,741.4564399478961
57799.857783556,463464.080703125,492643.46546875004,399.476114738022,401.0926785725043,391.6731989137953,6.163085742189855,1.0,495.08984375,26.246158599853516,704.7525622659645,741.551300212513
57799.8585242927,463987.54312499997,493397.455234375,386.3581312407786,388.06282320239825,400.5049218904342,6.340167915381903,1.0,499.55078125,24.726999282836914,704.9600738457426,741.0035107674415
57799.8592766225,465010.63453125005,494683.851328125,390.98834773289184,392.6970272318393,393.16328529004244,6.595681778804447,1.0,498.1796875,25.105375289916992,704.9555554032796,741.5794324268786
57799.8600173593,465708.38304687495,495726.883671875,392.5006811787714,394.24634187625566,400.062803255272,6.596803184369167,1.0,523.40234375,25.71266746520996,704.741885663599,741.6102227786657
57799.8607696891,466253.75234375,496023.89640624996,400.9915231320533,402.67056585134526,398.31660491876096,6.304311795116767,1.0,495.654296875,24.443714141845703,704.8787259406814,741.5134994333771
57799.8615104258,466400.066796875,496055.01328125,403.1011285149996,404.7642572438262,397.6971561153964,6.579771456510051,1.0,490.59375,25.6999568939209,704.8596531413418,741.6595614229303
57799.8622395694,466407.351875,495910.238046875,400.16748617523393,401.82793959600474,408.16685809112664,5.9662491526202945,1.0,508.173828125,26.37760353088379,704.9885579349569,741.1441956233862
57799.862980336,467552.88453125,497869.513203125,403.85602373667956,405.58552188925256,413.6800902082764,5.259744393460421,1.0,501.17578125,24.956777572631836,705.0507495986545,740.9886904510872
57799.8637210727,469510.04671875003,499814.71304687497,396.9431773648699,398.69613496649777,413.3098018251095,6.4677787999909215,1.0,550.90234375,29.153533935546875,704.9390033927693,741.9181729644599
57799.8644733727,476094.852578125,508634.240234375,395.3839746485751,397.4145965372089,436.5691514230844,6.494581245080271,1.0,531.337890625,26.688899993896484,704.8868038798872,741.3227295507852
57799.8652141094,476118.46015624993,508418.02421875007,401.07179956974096,403.0489902584488,441.5432541192601,-5.505648712724794,1.0,524.775390625,24.788724899291992,705.0597408695846,740.6990674930705
57799.8659432828,476100.22929687495,508539.32562499994,398.76483051476055,400.7701819792194,434.39870220877964,6.422888642270755,1.0,536.560546875,26.58114242553711,705.0472104531023,741.9422789367595
57799.8666956127,477885.503515625,511564.98492187494,389.16115645113393,391.37583224368603,457.74057303776806,6.029825288810246,1.0,567.302734375,27.563081741333008,705.2371020015396,740.9042913027213
57799.8674363494,482907.406640625,517340.171640625,401.8753671393965,404.11843256382383,454.71430068877373,-6.298085765104072,1.0,562.654296875,25.88778305053711,705.0406775752145,741.9102078561506
57799.8681886494,482968.17203124997,518587.27726562496,386.70904953279125,389.1929779122998,473.1914432534824,6.455767953915685,1.0,569.482421875,25.816518783569336,705.0317069269287,741.3439097911245
57799.8689293861,489169.95234375,525269.0190625,404.02579001738985,406.472974818045,486.5991308227833,6.051301392653013,1.0,595.958984375,26.717243194580078,705.0248468930408,741.6832454278515
57799.8696701527,493985.82453125005,531040.043203125,394.1531346940835,396.79413268121783,510.79828501452135,6.555796544394353,1.0,623.10546875,28.540889739990234,705.0444055126484,741.3050665977648
57799.8704108894,499898.63257812505,539020.3714843751,392.1259430468002,395.0839819075603,523.0460422823362,7.030041821463367,1.0,641.15234375,27.479476928710938,704.9916287313888,741.6965389964417
57799.871140033,508938.724609375,549577.3024218751,397.87944397952003,401.0228984334659,550.0212059538632,6.581645228577815,1.0,667.63671875,28.582836151123047,705.0496334917405,741.793492933059
57799.8718807995,520324.55484374997,564414.441875,397.1578267305625,400.8580749202768,600.060686479037,6.271266139917794,1.0,708.7890625,28.47528648376465,705.148952223718,741.3479890110879
57799.8726215363,537764.864375,585195.23125,405.7467266926146,409.94332710973964,648.634621902976,6.502181719349469,1.0,763.55859375,27.49551773071289,705.0711486497094,741.4666912566149
57799.873362273,552262.5133593751,603865.957734375,399.7489438331302,404.76543421439993,703.5687178526002,6.865957403031617,1.0,834.822265625,32.01198196411133,705.143418139491,741.3912098238408
57799.8740914464,575025.014296875,630644.00265625,423.7772694344937,429.28979220886754,763.8937286951476,6.7447801228274455,1.0,908.474609375,31.67292594909668,705.2077915424486,741.5314538732929
