mjd,aperture_sum_0,aperture_sum_1,aperture_sum_2,aperture_sum_err_0,aperture_sum_err_1,aperture_sum_err_2,bkg,fwhm,id,peak_flux,uncertainty,xcenter,ycenter
57799.5960011557,1439544.2809375,2940836.2150000003,4239573.213046875,1079.2475568039,1272.3319151031076,1398.2924943055896,266.81484059596255,9.515967307914297,1.0,2979.34375,78.31234741210938,705.4647281483747,303.3564121886504
57799.5967418998,1439918.8725,2935739.9986718753,4223293.057968751,1082.1445732624668,1273.4049770290915,1398.2456390593313,269.86909531029573,9.561805428009295,1.0,3030.765625,80.24341583251953,705.807366095029,303.0068670974239
57799.5974942148,1442901.3871875,2942985.9303906253,4257484.53203125,1086.9887222886964,1278.4241321840293,1406.0000330588282,265.28852101035017,9.025632092945694,1.0,2881.265625,71.92241668701172,705.0098711813687,303.88340427274056
57799.5982233807,1419506.418671875,2943637.4124218747,4306601.91765625,1063.2150880086026,1263.9816677541082,1398.1105694234259,255.47521148652598,9.402280085322033,1.0,2900.1953125,69.03154754638672,704.6698209424264,302.9964318595949
57799.5989641175,1480735.503828125,2959477.92234375,4247837.8354687495,1127.7240015001767,1308.0214828406888,1430.1086754854439,270.57058301037364,9.165112365817315,1.0,2943.7734375,73.73185729980469,705.7599876091513,303.18108317995495
57799.5997048616,1500052.0584375001,2963619.601796875,4307927.990625,1153.7256069016184,1326.9374565558242,1451.7865386200071,252.67500057859766,8.49798107890777,1.0,2784.19140625,60.7587776184082,704.5731646284976,303.1025127668838
57799.6004340276,1586886.856171875,2967920.448125,4239977.77578125,1296.9972666668234,1436.191146847523,1544.8919201599786,264.76119316225396,7.521869172695241,1.0,2753.3984375,56.597984313964844,705.5283826451853,303.4243732203333
57799.6011747718,1533858.616640625,2970263.8207812505,4309516.394921875,1199.6875123506284,1361.238442212685,1481.6406735343057,248.2666024171499,8.145498005263185,1.0,2757.279296875,58.90562438964844,704.4558649279045,303.0335429926308
57799.6019155085,1562380.34375,2985608.5270312503,4239365.77765625,1240.971002031595,1394.6199522901154,1505.5813805104804,273.6089297173608,8.45966378564008,1.0,2834.689453125,64.90274047851562,706.107597940548,303.1459945858641
57799.6026678234,1572898.776328125,2991410.542578125,4307419.57421875,1250.155562077012,1401.7481043667235,1517.7636893008275,258.9632559275608,7.983906823267971,1.0,2735.296875,53.202735900878906,705.0381950060371,303.2339971239769
57799.6033969894,1579632.5784375002,2994856.0882031247,4295410.343203125,1261.510693398239,1411.328249687754,1525.0254649337135,261.82821228816016,7.930666376500061,1.0,2795.6015625,55.17625045776367,705.2759001844471,303.26121831608185
57799.6041493043,1546221.5065624998,2997866.661015625,4332290.960078125,1208.3209212712236,1371.9163275656824,1492.5876308165305,258.1063064042586,8.158666154422374,1.0,2782.23046875,57.90059280395508,704.8728506461844,303.1781649307714
57799.6048784703,1563271.09046875,2998946.128515625,4311179.885859375,1240.6603197290526,1396.926183000359,1513.5048034950655,262.4049182662806,7.873207983584043,1.0,2799.396484375,60.023494720458984,705.2224500061606,303.2281848629195
57799.6056192145,1593788.48734375,3010668.7750000004,4338530.904375,1288.966338575209,1435.9776210798645,1551.230692121795,260.3729312185922,7.712569200362444,1.0,2784.814453125,56.14992904663086,705.0932799643477,302.94167931200315
57799.6063599512,1594769.452109375,3019263.26515625,4350483.831250001,1285.10089934471,1434.121288494214,1550.2298872412114,261.9646940620753,7.572451069115515,1.0,2771.548828125,54.86124801635742,705.0444869185018,303.1997138738448
57799.6070891172,1607892.491015625,3021948.0044531245,4344373.774140625,1317.5022091604167,1460.9204580715582,1574.454195534265,265.0836350305569,7.357414705595614,1.0,2780.50390625,55.90762710571289,705.1875303746011,303.2684209197859
57799.6078182906,1587914.3793749998,3030533.7201562496,4388597.06625,1280.9085903447005,1433.6361583449825,1553.8769222211972,264.68384455815755,7.830121727037268,1.0,2817.43359375,55.39950942993164,705.077245780075,302.79178438385003
57799.6085706055,1624730.32484375,3036407.794921875,4382610.63078125,1375.5573604416627,1512.8125864531128,1626.497442370895,269.64502818706086,6.895803107672411,1.0,2823.009765625,57.4227294921875,705.2396764245258,303.15182476308246
57799.6092997715,1601151.93453125,3038795.29859375,4414974.482265625,1321.2642511750273,1468.6003886533376,1588.7799021084543,266.3833741341942,7.296340830932234,1.0,2818.056640625,55.21744918823242,704.9576913844055,302.8323087649539
57799.6100173593,1605571.5871093748,3040655.4302343754,4389463.479687501,1332.2524515984346,1478.1299400617766,1595.5490028247455,274.8810806359847,7.030766535634605,1.0,2861.20703125,53.63945770263672,705.3225873573376,303.40232386518414
57799.6107696742,1588360.471171875,3039828.086015625,4396008.349296875,1285.0679077995255,1439.2234276858492,1559.8673907001917,270.0998524417853,7.475563376383092,1.0,2901.927734375,56.10517883300781,705.1421762624701,303.29921751049557
57799.6115104184,1596748.063671875,3051915.01640625,4443633.0259374995,1299.3552476186642,1452.553604569535,1576.0751765659847,265.93722549943624,7.374805199254135,1.0,2854.55078125,57.12616729736328,704.8065095227771,302.95086410914024
57799.6122511551,1591614.8629687498,3051366.786015625,4410159.603515625,1293.92116215859,1448.6856193793,1570.4233002895382,279.1764993013994,7.70168715300737,1.0,2900.1953125,60.36104202270508,705.5804732982499,302.96598383186904
57799.6129918993,1562849.291875,3050418.839140625,4453840.209453125,1253.5098984735976,1418.6152931799184,1547.5266486837088,271.2204446775515,7.391254497019168,1.0,2893.732421875,59.35011672973633,704.7923863218929,303.26520228456
57799.613732636,1528051.382265625,3050392.8529687496,4473420.78671875,1182.5991680615223,1364.5025606883264,1500.1812386114023,267.5681713686444,8.274418345210723,1.0,2979.685546875,58.33906555175781,704.6318832073413,302.9853656976438
57799.6144733801,1504157.076796875,3045735.713984375,4450035.0759375,1153.4187609537644,1343.9608776383927,1480.2685596296133,273.81577061197777,8.622132179823346,1.0,2961.84375,64.38103485107422,705.0952337101148,302.912830198038
57799.6152256951,1552451.4173437501,3055743.233359375,4432690.57078125,1221.7965638607411,1394.2123234890553,1522.5927024170362,276.86570042875013,7.921675409261255,1.0,2915.107421875,63.52117156982422,705.1706741061985,303.4285944149654
57799.6159664318,1571305.157890625,3057109.2368750004,4453442.975859376,1244.332528233636,1410.3702037240912,1538.0623408078834,266.73399332647125,7.8476456261527465,1.0,2906.0859375,59.714752197265625,704.8095128371237,302.9362820882707
57799.6166956052,1515972.87328125,3049333.59453125,4447433.89328125,1159.697655978165,1347.6132436634298,1481.3097060595105,267.0398285055307,8.790018013231634,1.0,2964.75390625,66.01012420654297,704.8590020960416,302.91731689838423
57799.6174363419,1489682.6248437501,3049163.904765625,4426476.2163281245,1128.6878231616217,1327.3151580535905,1461.1889289108644,274.1684873029427,9.29936001511874,1.0,3018.83203125,78.72015380859375,705.3254827520681,302.7102522073505
57799.6181886569,1454265.33828125,3040436.029375,4401623.88125,1082.6530057499378,1295.7947187205098,1430.3192973905489,272.9534567177695,10.103906623575167,1.0,3200.3515625,96.04798889160156,705.4817398843121,302.6383861403784
57799.6189409718,1473276.4563281247,3046869.93796875,4427030.19703125,1104.1386775746994,1310.6084034410928,1444.906979880647,264.3817443511379,9.342390782551169,1.0,3053.193359375,78.82108306884766,704.7615997908007,303.4119162152617
57799.6196701378,1513772.056484375,3049361.7290624995,4414763.39171875,1146.0558652161285,1337.1062695890391,1465.6982400002212,259.28918915130174,9.179575142015358,1.0,2937.96484375,76.77294158935547,704.8486434901439,302.91933483842354
57799.6204108819,1508700.012421875,3047971.6614062497,4397846.528515626,1138.9843343229124,1332.0931819391062,1459.4855512078805,261.70238186513933,9.292005812490324,1.0,3009.05859375,81.05062866210938,705.130768340865,302.7453155579278
57799.6211516187,1581498.3482812499,3061156.200625,4420946.78921875,1226.6688632107293,1394.2407162138593,1516.2027136869592,254.76166287887844,8.14328559487034,1.0,2824.279296875,61.58756637573242,704.3483405542688,303.5311472356198
57799.6218807846,1567950.070859375,3061821.7384375,4393162.464453125,1213.475692218624,1385.8675627400614,1506.180054699734,262.67309937941366,8.891835862288469,1.0,2960.236328125,73.42406463623047,705.2857220526033,302.6793746364432
57799.6226330996,1589044.0289843748,3069809.4302343745,4397011.847890625,1235.8319463420619,1402.5547756561311,1520.6244747369237,261.3655867861114,8.414000354952968,1.0,2842.4296875,63.82820129394531,704.9721676203507,303.42319151935277
57799.6233738437,1507133.069765625,3049224.4400781244,4437937.327265625,1134.7710660820499,1329.1539289711384,1459.0984867883146,245.51009739011252,9.18740989307546,1.0,2851.45703125,65.88301849365234,704.0255292484595,302.7567131592965
57799.6241145805,1504784.4342968748,3045225.13921875,4357654.4875,1136.4352183163312,1330.1623386601882,1453.5119224060945,266.52625707459543,9.752274473530088,1.0,2977.666015625,87.38417053222656,705.6224476408247,302.66262912390994
57799.6248553246,1531625.072578125,3052531.618046875,4380765.883671875,1167.8818093122527,1352.3995305328774,1474.7887970331522,260.3395763741379,8.970039795298458,1.0,2965.078125,77.52654266357422,705.125133538879,303.13941554906035
57799.6255960613,1646283.242734375,3070940.39078125,4425311.399687501,1343.3703100956143,1486.5012147949674,1599.5796813300137,249.23788326330407,7.387104992003987,1.0,2728.689453125,51.8958854675293,704.4141278027514,302.8200940077861
57799.6263483763,1587078.507734375,3052768.765390625,4369420.179296875,1246.605440156481,1408.7272556584405,1524.0305947872753,255.87827866335593,8.418792829377809,1.0,2825.94921875,68.66986846923828,705.1054750621058,302.7844111314949
57799.627089113,1652862.8528906251,3064508.73078125,4370216.011640625,1350.3676923385417,1490.4936624832835,1597.8794027163,253.75351655907318,7.614468391310993,1.0,2735.87890625,57.97277069091797,704.9999289319728,302.9359584440013
57799.6278298646,1635681.61578125,3064273.210078125,4379030.086562499,1312.3627314416365,1459.6265634107438,1569.7578297588948,250.16036072475885,7.893574631500713,1.0,2732.294921875,60.33198547363281,704.8247606588109,302.8238317391685
57799.6285821795,1608373.52484375,3062566.2610156247,4332980.658203125,1261.149680178935,1419.4452386547184,1528.6471912774348,260.3586846570128,8.704873728365452,1.0,2903.474609375,72.88192749023438,705.6135367507994,302.9717236998137
57799.6293113381,1632043.4964843749,3063044.2715625,4355828.567578125,1289.996865813477,1440.5108566808276,1549.2519824009084,250.30673775671147,8.402980481196185,1.0,2738.892578125,59.470306396484375,705.0468541100055,302.75327463942614
57799.630063653,1574789.432109375,3055569.7907031253,4355466.487265625,1214.0343229456237,1384.0741311901913,1498.1591708350707,250.6390176236442,8.75183584122355,1.0,2810.12890625,70.34405517578125,704.9952884746292,302.99333756187036
57799.6308044046,1645333.549375,3064789.307421875,4355183.09765625,1310.527079252505,1456.7151416093488,1563.3305497567476,246.72667169845525,8.021249475517566,1.0,2777.197265625,63.433170318603516,704.843426974306,302.97306333001546
57799.6315451413,1696210.47390625,3074478.378046875,4369252.9171875,1394.820943432626,1524.9525596769024,1626.5122678527778,240.4643904575631,7.361058027715562,1.0,2686.1484375,56.504425048828125,704.4666959208363,302.98496989050216
57799.6322742999,1710437.7746875,3071751.4153124997,4347901.362109374,1425.9766208216329,1550.4203771253988,1648.5404551727897,242.14096113917154,7.337956126951871,1.0,2641.58984375,54.987457275390625,704.7552528891488,302.882458614416
57799.6330150515,1687423.806796875,3064792.9299999997,4319389.957421875,1373.5111485248565,1505.6049173653837,1603.7060264744864,240.81990926149444,7.83974061478134,1.0,2665.8671875,60.680912017822266,704.9270043619738,302.6810112935536
57799.6337557882,1588132.4813281249,3040755.74765625,4286340.2573437495,1225.4372535517998,1388.402721440828,1494.0857842966723,243.9463863159566,8.877807681884562,1.0,2769.6328125,82.89129638671875,705.184044537152,303.0767977146583
57799.6344965249,1678153.5684375,3054179.2817968754,4346269.0103124995,1345.2801160754618,1480.0139300071255,1581.8350955057797,226.21599430510443,7.839743656504796,1.0,2626.08984375,59.04895782470703,703.747701213219,302.5173083441167
57799.6352372617,1713929.19953125,3058600.6946093747,4269378.425390625,1404.2759883964811,1527.9264657921742,1619.6932000622467,241.72825952054174,8.043115015128166,1.0,2622.02734375,61.33217239379883,705.3415143438754,302.8611482099984
57799.6359664351,1686546.0739843748,3055598.383984375,4273518.288671875,1350.9701214562012,1483.9476658413714,1578.3956046351134,237.31479192362337,7.971215649096951,1.0,2647.921875,59.616451263427734,704.8925414972092,303.3430447215988
57799.63671875,1735553.231875,3058806.4378124997,4284689.395234375,1440.14862830843,1557.1980123903577,1647.5657918199333,232.09014897767904,7.700007610074038,1.0,2540.875,53.22260665893555,704.7428205565901,302.53453519282584
57799.6374594867,1730382.5564843751,3057581.228359375,4212306.453125,1419.548225902037,1539.0175277102485,1625.027656326028,249.77880946713347,8.289352535350321,1.0,2622.10546875,64.10498046875,706.0543315860605,303.1790267670696
57799.6382118016,1767677.46203125,3061074.2902343753,4275659.5725,1514.1811597932565,1620.6919359097974,1706.3239051720434,231.94928992653422,7.120775694114785,1.0,2526.98046875,53.174747467041016,704.810157410245,302.90833366391206
57799.6389641166,1773297.903828125,3063323.42125,4261233.542734375,1507.443984931141,1613.970390163936,1698.5996521617374,234.8504496350736,7.480395773252032,1.0,2532.12109375,53.51631164550781,705.1429216530561,302.79154764374255
57799.6397048682,1768806.8515625,3053373.70796875,4250219.746015625,1490.9024665928277,1597.772311295153,1682.6536564874039,231.75459980794446,7.633008432260183,1.0,2480.5,52.862186431884766,705.023274901702,302.79119644572813
57799.6404456049,1796889.8230468752,3058451.13890625,4256363.287578125,1564.8635985908882,1663.1181175053857,1744.4126641926232,228.1559265418058,6.908772869694892,1.0,2455.4375,49.12641143798828,704.7340220278178,303.0819587088084
57799.6411863416,1760265.9825781249,3056312.6917187497,4268338.3931249995,1470.208774081833,1580.5727742872568,1667.1605895416317,226.54055982652076,7.237284070244606,1.0,2486.029296875,51.16561508178711,704.480756842839,303.23939164649954
57799.6419270784,1784240.901875,3057414.0101562496,4250126.313828126,1521.0534369609834,1624.1069275686605,1707.0276806455818,230.488165016824,7.239336254039873,1.0,2505.931640625,51.18728256225586,704.9483634151035,302.9676985858322
57799.64266783,1796773.108359375,3052838.8885937496,4223372.86421875,1570.191998203769,1667.4824650348592,1746.4201004825227,234.0101635668086,7.1727588597326495,1.0,2464.177734375,51.81284713745117,705.2865182052973,303.0221913214261
57799.6434201449,1804023.20015625,3056323.1673437497,4240305.080234375,1587.3166923264812,1683.0721268127386,1761.8844548158038,228.02304497268617,6.98892032799287,1.0,2454.787109375,52.49506759643555,704.9316064542053,302.6648781415743
57799.6441608816,1788262.7184374998,3062305.531484375,4254844.733125,1536.791844378808,1638.8185771895712,1721.0583152627084,231.0947854260013,6.958496911545339,1.0,2471.50390625,50.752193450927734,704.7931925513828,303.3484211535541
57799.6449131966,1768241.6326562501,3055974.4018750004,4276529.769921875,1500.2713189743745,1607.1622471994676,1693.100457925832,225.213449171445,7.03046204571521,1.0,2486.298828125,51.37004852294922,704.4579590721556,302.83995755271104
57799.6456539333,1794410.8646875,3057868.740078125,4247175.7559375,1568.0517764787812,1666.5535922140145,1746.9876820834536,230.35872537230185,6.779993529482367,1.0,2451.080078125,54.69685745239258,704.8694908097889,303.1492033155144
57799.6463715285,1792382.3704687501,3054638.1342187505,4226496.591171875,1561.6003196536192,1660.3103933109105,1739.7973165685873,233.49443755082999,7.525220723095366,1.0,2519.5234375,54.70869445800781,705.2359874128632,302.40569349944883
57799.6471238434,1808536.438203125,3060902.559140625,4237015.21078125,1611.5467805461535,1705.7992621102774,1783.5524005308766,232.97668061878295,6.332834794367123,1.0,2463.4296875,50.49962615966797,704.9161188346731,303.58775497061197
57799.647853002,1807439.0032812501,3054226.9192187497,4265026.88171875,1613.5512503405605,1706.9143976466876,1786.7301270803605,223.25286874308244,6.356821087637221,1.0,2472.53125,51.52253723144531,704.381161627744,302.9026338927811
57799.6486053169,1819575.1687499997,3053873.371484375,4216314.837187501,1633.9382298416267,1724.4355859870516,1799.6414196971978,230.8089100357421,6.5996085338254264,1.0,2440.189453125,50.9824104309082,705.1578281731577,303.11425977936403
57799.6493344903,1811790.4343750002,3049316.317421875,4198274.11640625,1589.3067406618163,1682.8098948632778,1758.2748721082978,229.1353678282732,7.120725321344419,1.0,2458.154296875,54.259918212890625,705.3200083867835,302.797312982601
57799.650075227,1824886.9439843749,3048587.659765625,4234615.424453124,1625.215721397212,1714.613482707338,1790.9167775728426,218.10217246708066,6.502831502327319,1.0,2448.146484375,52.48867416381836,704.3565068968887,302.95275069473223
57799.6508044004,1848962.955546875,3049765.952890625,4197091.928437499,1688.6484220533364,1771.72039266366,1842.4643227245122,222.23069615845898,6.198482942385021,1.0,2374.7109375,52.769615173339844,704.8195195758418,303.2913473529099
57799.6515451372,1845277.2331249998,3043413.6955468752,4190992.868359375,1682.7342830164152,1765.7394456503307,1836.5525475549073,221.85282355101205,6.336783268264712,1.0,2390.451171875,48.777801513671875,704.8821672174672,303.05497532651646
57799.6522858739,1843155.02203125,3043642.7649218747,4199691.908593751,1693.026444116723,1775.8685690630884,1846.9172047498967,219.56520133488036,5.991301752834964,1.0,2367.873046875,50.515838623046875,704.5720692980539,303.28184080925433
57799.6530381888,1843504.0547656252,3038472.9789062496,4186060.2670312496,1689.7243467863502,1772.0182201146276,1842.308552726966,219.2216595380663,6.391948523932235,1.0,2365.65234375,49.952274322509766,704.7972170421075,302.8895539013474
57799.6537673622,1832001.9653125,3035258.175703125,4161615.0147656254,1641.89689658074,1727.8931517924452,1798.38170739947,223.06438420073835,6.425062138918551,1.0,2399.41015625,53.49909973144531,705.0819193332057,303.26444216524226
57799.654508099,1827697.683984375,3043764.78109375,4194497.8078125,1607.6051694621249,1696.944158316741,1770.415225946841,217.7992430725862,6.4482180936853455,1.0,2394.185546875,52.72368621826172,704.5944825941239,303.1475345542234
57799.6552488357,1820534.66234375,3034704.6553125,4175511.408359375,1599.2358785515607,1688.7723066403998,1762.0921991435268,221.83724737206043,7.234999429632254,1.0,2369.228515625,51.783355712890625,705.0146803345871,302.81500488842295
57799.6560011506,1848093.842578125,3038925.340390625,4188963.47015625,1673.699476868422,1756.1138023948417,1826.9413544217389,216.99418821507004,6.333873840926459,1.0,2344.8984375,51.34227752685547,704.4890112445585,303.28764618531045
57799.6567419022,1839612.30171875,3036318.171875,4164038.239375,1651.7760055970107,1736.3409931539472,1806.0375542282377,218.23234130940494,6.633623879455651,1.0,2356.13671875,49.169193267822266,704.9418405882911,302.93274162608003
57799.657482639,1848349.1276562498,3033588.415859375,4177323.739765625,1691.6837256464896,1772.5219214064618,1841.9711608073817,215.02816097536265,6.349414800024168,1.0,2373.294921875,52.2245979309082,704.5708736439688,303.09937297599924
57799.6582118124,1839256.8978125,3032685.3330468754,4175154.4547656253,1648.7326975990754,1732.7064901057224,1803.730656033933,217.12868050844273,6.687181361224332,1.0,2352.0703125,50.15459442138672,704.7437883453825,302.81367782031106
57799.6589641273,1838067.625546875,3034479.43546875,4168845.8296875,1661.9543901492975,1745.7506022133214,1815.7601021368334,217.91023940522305,6.134582470820564,1.0,2400.154296875,52.39136505126953,704.6262237177931,303.52826097190757
57799.659704864,1833898.483984375,3033486.6903124996,4190783.7462500003,1624.7562021036922,1710.8059166956461,1783.7442313391496,213.2264976711864,6.76565178185387,1.0,2361.33984375,49.550724029541016,704.3801677315828,302.63404647606194
57799.6604456007,1839836.0701562501,3035394.5842968747,4164673.19640625,1645.15825348172,1729.775196679078,1799.920529192523,218.3036373806857,6.3839413240335,1.0,2390.443359375,50.47075653076172,704.8573401734568,303.1883667132549
57799.6611747742,1850066.414296875,3034254.22671875,4166093.7721875003,1679.3701051505122,1760.8252115360726,1829.5352361241164,214.83196528985098,6.346455431401085,1.0,2324.365234375,49.380001068115234,704.6644472666079,303.1108359713713
57799.6619155109,1844694.9278125,3031627.79875,4156744.4232812496,1675.8146235152906,1757.6540063352422,1825.8232743719425,214.43185482290608,6.485758909622451,1.0,2323.52734375,48.97870635986328,704.6964622491679,303.1421388917512
57799.6626678258,1865422.70390625,3024121.263828125,4143065.7196875,1713.5215676332002,1789.9539508247126,1855.669036407922,209.5042742291268,6.453290541026706,1.0,2297.470703125,48.772308349609375,704.588752329216,302.6771538070758
57799.6633969843,1865016.44453125,3027711.39609375,4138663.1264843745,1677.9811167556318,1756.6217321581037,1823.0867945670889,211.5135688347878,6.4029932199624495,1.0,2323.484375,50.25274658203125,704.6030276991808,303.3132353344576
57799.6641261578,1835927.0779687501,3024778.25359375,4143920.8834375,1586.3728867184195,1673.2988729615502,1743.637680811527,209.80294578501324,7.093918419413395,1.0,2287.712890625,51.62253952026367,704.5729315072208,303.04714161210353
57799.6648900509,1842636.72578125,3027007.7262500003,4146027.266328125,1600.5954528400812,1686.1771755251473,1755.6991999741285,208.62935807219682,6.715593392747234,1.0,2305.421875,52.618568420410156,704.4366918327191,303.172373675506
57799.6656423658,1838971.938671875,3027520.99296875,4146806.1580468747,1606.9350906269617,1692.5998402505859,1762.1303258612356,210.1231405396127,6.9897206613574605,1.0,2289.755859375,51.86767578125,704.5786959381571,302.99241539942716
57799.6663715243,1830420.6222656248,3019981.310625,4105874.179765625,1570.6483834785956,1658.5457268799844,1726.754829602389,213.8259654496698,7.111421664823465,1.0,2325.3125,52.64043426513672,705.049240280549,303.26283822775787
57799.6671238393,1860137.796171875,3021830.945390625,4111901.0955468747,1661.6057477804802,1741.163329229965,1805.6784643141862,206.83116229659697,6.478681932852235,1.0,2258.40625,50.13881301879883,704.636776845423,303.1913117988386
57799.6678414345,1859976.6477343752,3017163.5319531253,4121148.249609375,1641.0271055849896,1720.876467011963,1786.4274773018174,199.2862245646291,6.708940415906517,1.0,2235.7265625,48.801231384277344,704.1279172565589,302.868374883347
57799.6685937494,1876237.631484375,3018311.2878125,4090253.52140625,1675.4978976863465,1751.7422221547436,1814.0160286471344,204.87740748694782,6.648511012781949,1.0,2234.3046875,49.26953125,704.7154070722044,303.26078516472074
57799.6693344861,1887940.248046875,3014259.5188281247,4085859.2274999996,1761.4939470456648,1831.9341074924982,1891.498178004356,204.40435644328625,6.416189251476182,1.0,2229.45703125,49.46733093261719,704.8271328232056,302.64403977914554
57799.6700636595,1870456.4465625002,3013489.992265625,4084792.5496875,1670.4710457495216,1747.0162242036035,1809.4430099797964,205.27101168921607,6.549996932910781,1.0,2268.3359375,48.96980285644531,704.4940871323089,303.67920452220136
57799.6708043963,1873820.3176562502,3010006.6862500003,4078128.6901562503,1687.0072867230133,1761.8124718383885,1823.3385073245395,204.45203319142553,6.95997768775636,1.0,2278.16796875,49.9970588684082,704.8474650362317,302.5415906243595
57799.671545133,1898535.1589843752,3004834.4775,4070843.0464062495,1788.718541364786,1855.6017758768198,1913.5427873887431,202.2500717946149,6.029288382925603,1.0,2198.458984375,46.332855224609375,704.4891214858934,303.4107412127208
57799.6722858846,1899167.778828125,3010167.9965625,4079267.965546875,1767.1496315412421,1835.476632530546,1894.2093402192838,200.36166400322435,6.4510689873037705,1.0,2198.826171875,49.57374572753906,704.6234193420595,302.64575683285534
57799.6730381995,1894886.04078125,3008499.79984375,4053832.3478125003,1710.0755010730134,1781.0475172578829,1839.8847936926047,203.82555920196654,6.433211152546803,1.0,2186.77734375,49.006473541259766,704.6436959262908,303.76335101790045
57799.6737789363,1888672.221875,3005646.054375,4061931.9379687496,1704.1231941148546,1775.8220191539913,1835.1428667844937,198.73480449174932,6.96377956272226,1.0,2172.845703125,50.872188568115234,704.579528802565,302.38728053689016
57799.674519673,1895048.231328125,3007163.613828125,4044751.076015625,1728.326108104194,1798.3766039867305,1855.9793410223504,203.40827336911576,6.656244020281503,1.0,2218.697265625,49.074405670166016,705.0665036373726,303.142615198625
57799.6752604097,1875795.0265625,3005273.1218749997,4060982.8440624997,1640.158016069861,1716.3925023238978,1777.5778737192445,198.37928520473713,7.152074638924406,1.0,2174.064453125,49.48995590209961,704.6257833002703,302.8852705438362
57799.6760127246,1891769.9715625,3008188.7959375,4055799.371015625,1721.346003665718,1792.4384133003994,1850.4133310351522,197.8531223312369,6.187115711353758,1.0,2173.96875,51.063236236572266,704.3782341956695,303.5910452690799
57799.6767418981,1889531.776484375,3004020.228125,4058799.0651562503,1670.0019592295591,1742.9336965484274,1802.6514871068412,193.32338175336227,6.938506562388417,1.0,2155.96484375,49.869693756103516,704.3797751566151,302.8560077814351
57799.6774826348,1892302.922734375,2998076.41890625,4044113.46265625,1718.4969371902657,1788.2485287645736,1845.9941891599642,196.38306096572202,6.542862378523132,1.0,2155.974609375,48.727943420410156,704.611376647145,302.9498557963411
57799.6782118082,1883088.1539843748,3000246.1247656248,4042630.180625,1665.2339223316296,1738.714670045251,1797.6858811820055,195.42511447843603,6.694326375523382,1.0,2160.228515625,48.445343017578125,704.5248324091585,303.17361681236497
57799.6789294034,1880082.2078906246,2997209.32796875,4036126.37484375,1658.4956230805506,1732.2662955232827,1791.133802428139,195.62537766271632,7.164891867692703,1.0,2144.04296875,49.45613479614258,704.6680605388607,302.552451097859
57799.6796585619,1904512.245234375,2996927.319140625,4017831.329140625,1730.0155811439897,1797.8158120695227,1853.275132877493,197.7052150518418,6.369993639699063,1.0,2138.078125,48.100982666015625,704.6135361207906,303.6480015736414
57799.6803992987,1921274.125390625,2990965.96375,4008982.7895312505,1746.159741208933,1810.7143752407815,1864.2633057098874,186.58700004377704,6.287927539702361,1.0,2083.498046875,46.681602478027344,704.2165877805322,303.20450092928235
57799.6811400503,1889174.648984375,2987485.59203125,3989430.776640625,1677.1358401144164,1747.9881564729428,1803.0776812763218,194.58121667877452,7.005886984362507,1.0,2166.78515625,51.2367057800293,705.0051612359362,303.0238832040301
57799.681880787,1908464.3277343751,2986458.480625,4002092.675625,1741.7617974447844,1807.3423485577205,1861.1185354198428,189.17166724529892,6.3265934476311205,1.0,2127.427734375,48.4776611328125,704.3768477404687,303.27174423534296
57799.6826331019,1902642.58234375,2985241.8441406246,4003835.4603125,1704.2842804700238,1771.925660100642,1826.7039402155388,186.72554948930744,6.841841128516343,1.0,2075.9296875,47.381614685058594,704.3852321850852,302.6865277234173
57799.6833738387,1925212.4202343752,2990828.033046875,4007391.928125,1778.7450869779634,1841.4023498619601,1894.3574216677887,189.73774155792165,6.268543851281164,1.0,2114.283203125,47.88804626464844,704.4240657978481,303.2538740395906
57799.6841145903,1897448.473125,2981990.278359375,3984743.7944531254,1713.5243365974748,1781.2426606372917,1835.274147393601,193.9283736672265,6.823812147728514,1.0,2094.2421875,50.33744430541992,704.9644591517559,302.9928539609484
57799.684855327,1923867.653203125,2984579.547578125,4004953.84109375,1809.1602815149977,1870.505141149745,1922.6952286600215,187.9915143417352,5.849605025327408,1.0,2095.0,43.66518783569336,704.1944451401761,303.3006874479404
57799.6856076419,1918380.6617968748,2988182.273203125,4002442.026953125,1761.9989683863969,1826.223346347157,1879.049877362874,186.48803152709175,6.398463602573104,1.0,2062.123046875,45.11867141723633,704.3937032257077,302.8747296611245
57799.6863483787,1911097.0328906248,2984762.9584375,3989438.241640625,1737.1052139988392,1802.6590172311528,1855.5013262696232,188.36925291766406,6.19193077059399,1.0,2068.046875,45.702423095703125,704.4707644242887,303.17069635464395
57799.6870891154,1906285.303125,2980822.743046875,3977322.95671875,1703.2199753936889,1769.9519393058085,1823.2801333253367,190.16981359822302,6.906465796456969,1.0,2081.1875,48.5833854675293,704.6457816255606,303.26484684412407
57799.687829867,1908173.12296875,2981470.856015625,3974944.3528906247,1695.1344053430496,1762.2631218367867,1815.5754874215843,189.22711308949533,6.65585372205027,1.0,2095.775390625,45.53767013549805,704.5357185721988,303.5198990806287
57799.6885590255,1907274.9274218753,2976698.10375,3973932.1052343748,1685.788653286587,1752.7205977440053,1806.2011149766572,185.78004940925285,7.069951818834852,1.0,2071.9921875,49.23323440551758,704.568579000223,302.81949996377887
57799.6892997622,1929994.248515625,2979176.0784374997,3965673.0365625,1796.7191146359503,1856.974043732949,1906.8605754310672,188.32616620300414,6.144762511277777,1.0,2051.26953125,47.88693618774414,704.5017843092808,303.52173569481386
57799.6900405139,1894718.636953125,2977015.609296875,3977511.0094531253,1668.0810699140688,1737.3711966031833,1791.4315342558502,185.0491285242514,7.035884592519622,1.0,2079.955078125,48.87409210205078,704.4849370246585,302.68357540104984
57799.6907812506,1931863.701875,2978345.2239843756,3965609.600078125,1813.6887377662133,1873.0401192125948,1922.481424131737,186.92839114247872,6.24635324074939,1.0,2051.21484375,47.723079681396484,704.5110234135656,303.35220623283334
57799.6915219873,1935189.9475781252,2978876.32796875,3969246.4567187503,1827.872970940346,1886.5664320616404,1935.7792122657318,186.05743071418317,6.109362584276011,1.0,2044.412109375,46.249061584472656,704.5422843141638,303.1170418572294
57799.692262724,1932366.297890625,2975526.6976562506,3961571.47265625,1821.5986342731994,1880.5515523007061,1929.6260300805325,186.45591313246587,5.874292863271039,1.0,2028.1953125,46.23480224609375,704.4102978176958,303.5129644718337
57799.693015039,1936921.345625,2976850.2559375,3979432.253671875,1795.4608914430346,1854.8590745677548,1905.1692076519494,179.7028036294377,6.442902653743074,1.0,2024.365234375,46.021507263183594,704.0632107081364,302.7236990739169
57799.6937557906,1946173.71578125,2973289.3746875003,3941965.17890625,1895.0448553002257,1949.8113851801975,1995.9197964056777,186.6405705958607,5.780318933840408,1.0,2036.498046875,48.74516296386719,704.7138456928079,303.39111106259725
57799.6944965273,1933260.6875,2972082.0054687504,3954343.65578125,1815.6627079332472,1874.3723261973207,1922.8661913133853,182.41401413641117,6.244712092676885,1.0,2040.095703125,48.3390998840332,704.4600083521663,302.9796697076682
57799.6952257007,1951049.424375,2973660.300078125,3965501.3028125,1836.1159600901315,1892.1055485359525,1940.7926081149483,181.30680183130264,6.281562230530987,1.0,2028.4453125,45.84171676635742,704.070370376657,303.38771173132534
57799.6959664375,1940199.37609375,2968223.833046875,3949027.877734375,1807.240328859475,1864.765617151169,1913.4732945411386,182.94018980096016,6.3795835913330246,1.0,1992.634765625,47.97682571411133,704.5392034228067,302.95185145615216
57799.6967071742,1942575.514453125,2966154.11953125,3931259.50375,1841.5079706087154,1897.405180473248,1944.4777825545202,186.91157141630705,6.225317922423201,1.0,2026.275390625,45.60113525390625,704.8099255727411,303.2417725770302
57799.6974594891,1933784.71484375,2971142.571640625,3957762.9644531254,1784.9957279969287,1844.4830855300345,1893.8847767434445,180.59255548283633,6.441693236067442,1.0,2009.220703125,47.220123291015625,704.2801416653839,302.916454664534
57799.6982002258,1952046.8625,2968891.4405468754,3941631.19734375,1866.9699624324437,1921.5744382090352,1968.087315661236,181.53694827337225,5.976457040963021,1.0,2015.296875,46.08795166015625,704.392105174648,303.2844076205888
57799.6989293993,1939671.1771875,2963214.260234375,3938899.901171875,1808.7216707697212,1865.7962051717755,1913.7093350018679,180.04443223825928,6.183401151121482,1.0,1985.765625,46.326263427734375,704.3950537708255,302.9245628106942
57799.699670136,1939336.6101562502,2967783.3189062504,3929842.1384375,1770.322802584761,1829.2769398687547,1877.3073674422703,181.87977214440974,6.518247050969212,1.0,1965.798828125,46.44009017944336,704.3533619268132,303.60905231291997
57799.7004224509,1948300.7015625,2963238.8807812496,3929957.6800781246,1825.4526081598096,1881.0914966832536,1927.6749491815647,177.278759421036,6.298558262183833,1.0,1956.427734375,46.58959197998047,704.3595555746115,302.75551313417964
57799.7011631876,1920347.787109375,2958806.0190625,3915500.803828125,1726.386871089987,1788.2405838699558,1836.857465225577,180.93898237025286,6.597656466219182,1.0,1978.78125,46.47152328491211,704.5506424498603,303.35828915396814
57799.701892361,1927830.365703125,2956966.730703125,3903970.0386718754,1762.1340906740397,1821.6736840689246,1868.7017946545059,181.52688330846007,6.383217067516062,1.0,2029.6796875,48.872840881347656,704.5328131862301,303.63108901766964
57799.7026330978,1955674.13609375,2957157.05796875,3928420.2795312502,1864.8807974034614,1918.1330841264405,1963.8311649993752,174.2419816995749,5.952148869386228,1.0,1947.69921875,46.27470016479492,704.0632243711017,302.84750210063515
57799.7033738494,1940661.8385937498,2962007.585078125,3877707.840625,1746.4144592581279,1805.4677075616987,1851.147165985654,187.75271453273186,7.500254153244787,1.0,2009.017578125,47.38713073730469,705.5919710108656,302.837087677812
57799.7041030079,1945207.2278125002,2953224.2625,3908039.6207812503,1799.1007734028926,1854.7708756918462,1901.242941564897,178.36355400726904,6.424622011474417,1.0,1978.11328125,45.5101203918457,704.3719528106103,303.3716464641969
57799.7048553228,1945432.1830468748,2952901.043125,3898907.775625,1759.8463076343176,1816.835658217591,1863.3296105467448,176.60772652549332,6.980093306154853,1.0,1931.685546875,46.56508255004883,704.5668253006929,302.7082303261835
57799.7055960596,1938277.0139843752,2951782.483359375,3889450.81171875,1741.6876984744808,1800.1776858364553,1846.4951655181062,176.99972126937254,6.634035282883035,1.0,1939.25390625,46.81087875366211,704.1700152897339,303.8078289099889
57799.7063483745,1926503.6107031251,2951233.52875,3896684.181484375,1714.457550566742,1775.221964315074,1822.4179302030145,173.29689571161109,6.693055835971452,1.0,1925.212890625,44.869510650634766,704.3118007216476,302.92405269658394
57799.7070891261,1961089.084140625,2952070.7013281253,3893768.3168749996,1842.3024894846205,1894.9975666868345,1939.3396699135233,177.0995466908618,6.156331834679459,1.0,1935.11328125,47.113868713378906,704.2682860746658,303.59277477769183
57799.707841441,1957751.87953125,2951148.057734375,3888981.06515625,1838.2990671728721,1891.5748725459603,1935.2901571059472,172.55405936294625,6.093887791753515,1.0,1919.2578125,47.96961212158203,704.3628726996016,302.9375304212777
57799.7085821778,1956882.6596875,2947460.191484375,3887456.9314843747,1833.032247721721,1886.1387290810173,1929.9465828454215,170.25938690696157,5.998966109222989,1.0,1923.865234375,45.07258987426758,704.1004429399603,303.13814312942134
57799.7093229145,1955955.7140625,2944884.3683593753,3874319.9084375,1829.1163474072105,1882.24715664482,1925.5889214473152,172.21236361054824,6.15631116375773,1.0,1900.158203125,44.04648971557617,704.3062255109008,303.3254597228462
57799.7100636512,1955638.50703125,2941331.6875,3869956.30671875,1832.5396335020187,1885.0678649792405,1928.148236918073,171.10549299490867,6.173732257279126,1.0,1896.650390625,45.759254455566406,704.0810394896195,303.5848973987769
57799.7107928246,1944152.9513281249,2949167.1134375,3867606.0578125003,1755.9583533038583,1812.8648722364867,1857.3317664259532,175.4148234931898,6.735201424932377,1.0,1929.18359375,46.03631591796875,704.788589801668,303.1637293237762
57799.7115451396,1939423.472890625,2942478.419765625,3888278.7553906254,1747.6268195502657,1804.6061211122933,1850.7748794905401,170.37816876049115,6.668233674098922,1.0,1901.02734375,43.39306640625,704.100024489701,302.9251806724952
57799.7122974545,1886548.453359375,2937950.1029687496,3866640.359140625,1615.531768707482,1683.7556126661657,1732.260011300055,174.100141760823,7.201922775940144,1.0,1966.564453125,51.056373596191406,704.3318000318096,303.56747442971414
57799.7130381912,1943221.71828125,2935065.1489843754,3869959.9400000004,1820.7773525988334,1874.264403854328,1917.9896246814637,170.44688159322038,6.344043291810152,1.0,1972.42578125,45.733829498291016,704.3086107069541,302.8793942731373
57799.7137557864,1945363.6359375,2933022.271328125,3865446.8103125,1818.8901694080212,1871.9034185147134,1915.7444924978613,172.9270829620075,6.223195695645887,1.0,1898.927734375,45.64607620239258,704.3044174761925,303.32255801533637
57799.7145081013,1941850.8631250001,2941832.59359375,3882608.45171875,1791.843896378604,1847.1215459440461,1892.010467724544,171.56029210070648,6.548250265056587,1.0,1945.2109375,44.8958625793457,704.3066419983745,302.77686628551686
57799.7152488381,1932833.72390625,2937010.169765625,3848885.159765625,1786.2422683199536,1842.4209900684414,1885.9554831458665,178.60991249702727,6.086623458683692,1.0,1926.234375,46.003719329833984,704.3621765402494,304.1818163914188
57799.7159895897,1957452.7921874998,2932899.799765625,3859068.1274218755,1866.8766272345629,1917.2411295817647,1959.553505105834,173.0672765202176,6.385175978507358,1.0,1896.455078125,46.921669006347656,704.5440913006623,302.85342587903375
57799.7167303264,1950013.16734375,2937513.4151562504,3873541.3839843753,1826.4837052685612,1879.6624073459573,1923.4103036628903,171.65173231750063,6.026049460884515,1.0,1903.30078125,43.64017868041992,703.9507934630656,303.6004037461098
57799.7174710631,1974234.9445312498,2935117.3082812503,3868871.787109375,1924.5840746389865,1971.9042218172647,2013.448035053813,171.2115391825736,5.950712880828789,1.0,1887.431640625,44.200801849365234,704.2447719110252,303.1564501352926
57799.7182117999,1973412.7638281249,2938498.040234375,3845511.7458593748,1872.7163236463014,1921.7911372870947,1962.9120447758537,175.6644525420304,6.286322154060422,1.0,1911.474609375,46.89304733276367,704.7836516144291,303.34736000951204
57799.7189409733,1967163.563515625,2934489.12875,3873420.243125,1872.4283234408038,1921.9458331347817,1964.5214582798822,167.06854382810886,5.956974463335195,1.0,1883.6484375,44.28084945678711,703.5546717377752,303.5717039331732
57799.7196932882,1951416.13390625,2936605.62421875,3873815.59859375,1834.5223935693248,1887.0192443920796,1930.462412689732,169.01767871055245,5.949419754143134,1.0,1914.03125,43.72704315185547,704.1510911986002,302.867917638466
57799.7204340249,1979381.2628125001,2934525.740546875,3854541.7318749996,1957.1313547513812,2003.1040778996464,2043.2828747708397,173.3074004382553,5.790615891352627,1.0,1894.90234375,43.95055389404297,704.0702202269234,303.9266422969098
57799.7211631984,1966665.966796875,2934110.742109375,3869535.0112500004,1930.0578891784137,1978.0461472099037,2019.4509244116773,169.7523890409409,5.637118719196525,1.0,1927.22265625,45.4042854309082,704.2441189065545,302.7038848701371
57799.7218923569,1971693.920859375,2933773.266015625,3859308.862109375,1928.1874186867913,1975.6293875486365,2016.689384587694,172.40289363072267,5.664717588604531,1.0,1891.376953125,45.604427337646484,703.9683564884324,303.8682913107488
57799.7226446718,1973592.180390625,2930078.2296875,3860856.2583593754,1973.3468225155893,2019.0529183396022,2059.3809313549705,171.09295706211446,5.632816900966949,1.0,1888.416015625,44.07260513305664,704.299234612846,303.0082769405281
57799.7233854234,1973307.6179687502,2927659.156875,3841450.60375,1938.0451947392266,1984.3494338162975,2024.3893566362087,172.51455027971076,5.908915520737761,1.0,1882.357421875,46.30353546142578,704.5102138029623,303.29873916458854
57799.7241261601,1957638.494140625,2925010.7222656254,3857525.901484375,1896.6756151334228,1945.6906257732558,1987.2418377831968,167.10272210244938,5.73822824216805,1.0,1890.73828125,47.75879669189453,703.8801004002032,303.12974372611654
57799.7248668969,1963266.3411718751,2925323.91296875,3820380.106953125,1876.6822200010752,1925.6499204893182,1965.9275126359478,176.6401451358725,5.8366629792898745,1.0,1889.0546875,42.7081413269043,704.7033080972546,303.8455051642769
57799.7256192118,1955202.8370312501,2923556.3740625,3843711.6372656254,1883.7318994103703,1933.1301720543636,1974.200640598209,168.25425109128142,5.7535058394935295,1.0,1916.37109375,44.89749526977539,703.7975478316298,303.7276236297784
57799.7263599485,1955982.934453125,2927771.8510937504,3831361.8649218753,1845.2346006687405,1896.1535728874592,1937.3112761733914,171.9708660480595,6.007052981254269,1.0,1897.13671875,46.99932861328125,704.7130277001426,303.1599931026372
57799.7271122634,1949220.3849218749,2929094.669921875,3845125.07515625,1758.5094029600957,1812.8596478753939,1856.129650935886,166.8041117264974,6.603756507277098,1.0,1858.916015625,43.930171966552734,703.9904915781931,303.4031554186456
57799.7278530151,1928870.160703125,2920710.7701562503,3849865.8363281246,1753.4785822948893,1809.3948909727449,1853.6444778723562,165.8442161498401,6.504568593372531,1.0,1896.3359375,43.51470184326172,703.7174928331013,303.40264199470715
57799.7285821736,1953263.74921875,2921797.9313281253,3840834.028359375,1827.5256773930048,1878.6289643713967,1920.596567091952,166.06483751231164,5.899402331935992,1.0,1877.18359375,44.657379150390625,704.1184358903354,303.0150693276851
57799.7293229103,1959575.8975,2925093.84578125,3832674.832734375,1754.1963182853674,1806.8689692780417,1849.9063997997357,168.52284794085801,6.987803178198059,1.0,1846.43359375,43.22563934326172,704.2017275643335,303.53556463342335
57799.7300520837,1968517.8603125,2921141.1059375,3843646.38546875,1905.9244593009892,1953.064989861526,1993.619685645904,165.31926312075214,5.821555398169949,1.0,1869.236328125,44.38422393798828,703.991781340811,302.98504174752816
57799.7307928205,1978971.9303906248,2919101.98125,3831664.42484375,1989.1806530105,2033.0668700345855,2071.6069670291,167.40933194848768,5.649682271043396,1.0,1865.162109375,43.54330825805664,703.9407517485729,303.6022181814133
57799.7315335721,1973468.3518750002,2919728.881953125,3827263.7105468754,1865.5566108725732,1912.976548275093,1953.5142098807924,167.6873094259887,6.40442108150308,1.0,1872.263671875,46.03192138671875,704.3474136919696,303.04865229350617
57799.7322743088,1976634.5340625,2917731.54890625,3825229.44515625,1897.7516356797319,1943.9896646088314,1983.7250520846042,165.8021241514321,5.943239773452882,1.0,1851.724609375,43.79331588745117,704.1381121502345,303.1862473226132
57799.7330266237,1970454.8592968748,2921582.4443750004,3824912.663046875,1857.1966414142503,1905.698033745838,1945.9746759715824,166.10087921497424,6.025887384624896,1.0,1852.8515625,41.80522537231445,703.8631097795612,303.76370097140034
57799.7337557822,1968988.1504687502,2915653.3515625,3830108.1732812505,1913.2642774168073,1960.2591495111526,1999.7366846193777,161.9857728679653,5.596898132488623,1.0,1839.615234375,44.31552505493164,703.7419102475292,303.05724809339506
57799.7344965339,1971299.14546875,2917904.6275000004,3812002.00859375,1860.58092401102,1908.4306373022307,1948.2280168958334,168.3469209062301,6.279411326838664,1.0,1906.58203125,43.51271057128906,704.4284539525389,303.42325063292276
57799.7352256924,1967437.541171875,2914953.9264062503,3820527.917578125,1866.9136185362,1914.7377785796714,1954.7635724925592,164.16778632977898,5.830979629898718,1.0,1831.041015625,44.728633880615234,703.7731146584127,303.5971072324604
57799.7359548658,1977495.963828125,2915797.83515625,3817531.084140625,1875.935689617208,1922.6963624401287,1962.1231430842229,162.3319322483639,6.096614976829944,1.0,1848.828125,44.840003967285156,703.9888930966761,303.12654028707277
57799.7366840243,1987796.7307031248,2915462.815,3807575.4203124996,1976.271745423137,2019.442019133344,2056.73329798655,166.0694674160376,5.575390445609502,1.0,1840.248046875,43.759029388427734,703.9606620433665,303.833224364623
57799.7374363393,1981421.295234375,2912815.866796875,3810904.98671875,1924.354083178002,1969.1505427193645,2007.498338738349,163.45056301422468,5.589825638380671,1.0,1806.056640625,44.62742614746094,704.0635499338379,303.18405834419366
57799.7381886542,1962489.455859375,2912771.46875,3826450.2182812495,1790.9403023017521,1841.3096370369624,1883.0989639550828,160.15356831644647,6.385885312545065,1.0,1838.591796875,43.783138275146484,703.6318147197313,303.0603736237037
57799.7389293909,1968491.813046875,2907753.67671875,3794014.107578125,1917.5969853291151,1963.3046283430128,2001.38364623551,167.3874747774379,5.8805088349174035,1.0,1819.099609375,41.39468002319336,704.2953842056278,303.6804280608032
57799.7396701425,1970946.2415625,2907301.67828125,3802160.599453125,1900.9707474527056,1946.9009503139218,1985.7214886003794,165.89963351206057,5.763782427358188,1.0,1837.193359375,44.627952575683594,704.2240648264341,303.40436642715895
57799.7404340208,1983570.53125,2908246.30109375,3796525.620859375,1968.7022310638922,2011.7421394517123,2048.9198371230386,165.82469088983083,5.396463981420878,1.0,1867.435546875,44.09516525268555,704.0718844012013,303.7572715801518
57799.7411747724,1980661.4921875,2906468.76171875,3807601.415546875,1915.0347746876398,1959.436255437654,1998.028190858541,162.21159513333998,5.753935421108984,1.0,1815.56640625,45.749935150146484,703.9904735129752,302.99775574262685
57799.7419270873,1977930.7824218753,2906471.54171875,3779462.5543750003,1870.4110776555253,1916.6025620406863,1954.5104417478167,165.77262999784094,6.146783437984478,1.0,1820.65234375,42.038360595703125,704.1489381487252,303.92340388840483
57799.742667824,1983761.355234375,2908319.17375,3802438.195234375,1926.2744086783941,1970.5109987181843,2008.3429802869568,161.10320972595616,5.847747643768078,1.0,1818.642578125,42.3896598815918,703.6550655570085,303.5890492230195
57799.7433969975,1973640.2571093747,2905007.488125,3795641.021875,1894.2147415559002,1939.8611986215928,1978.1795267386462,162.24545868627874,5.751166908881342,1.0,1803.974609375,43.920799255371094,704.1050171181267,303.2000227795923
57799.7441377342,1978906.1690625001,2902471.8884375,3788624.11875,1857.2479307856208,1902.9011206827918,1941.708028749408,162.74868870515672,5.908701757395607,1.0,1804.56640625,45.48374938964844,704.104766006251,303.3586551917567
57799.7448668927,1977495.248046875,2903106.2232031254,3796126.54578125,1882.5215465493766,1927.651504019935,1966.1874266798948,159.39194226976937,5.947720914052582,1.0,1817.822265625,44.36170959472656,703.7505900034623,303.41763914040445
57799.7456076443,1978372.6223437502,2901228.1840625,3782106.2546093753,1889.4116530985252,1934.3186988133837,1971.9888296570018,161.25850740825666,5.793885089427059,1.0,1810.173828125,44.895694732666016,703.9919114487699,303.4888268721675
57799.746348381,1985068.798515625,2900832.2525000004,3770289.3567187497,1898.29385410253,1942.1855842268244,1979.24358236564,164.2575571022837,5.818710884937297,1.0,1785.232421875,44.61423873901367,704.4106074495086,303.47016965329226
57799.7470891178,1974884.005859375,2899047.7028125,3781041.16078125,1899.1821560378942,1944.1290003936233,1981.8291081378093,162.30389652802953,5.596909886758882,1.0,1812.994140625,44.86430740356445,703.9582006137817,303.65740681060777
57799.7478182912,1976285.2934375,2896730.0678906245,3778122.5357812503,1920.8266182726122,1964.6658160107215,2002.0784189185167,164.79383400702199,5.606762429698966,1.0,1843.345703125,44.988285064697266,704.4603507795496,303.06207348499885
57799.7485474497,1969310.3342968752,2898758.041171875,3786119.5403124997,1831.978422829108,1878.854066276216,1918.1843031817616,162.25122243514153,6.253595780774691,1.0,1811.001953125,43.94049072265625,703.9678305491276,303.5083212821515
57799.7492882013,1963275.6508593753,2897321.3333593747,3785187.7859374997,1803.6323205955057,1851.8971339079328,1891.6105216743824,160.3377520446388,6.357714118399707,1.0,1808.765625,44.39860534667969,703.8594947933293,303.43479987096293
57799.7500405014,1969696.8488281248,2889726.4499218753,3782314.6539062494,1849.8099803654084,1895.325839752526,1934.2511471016599,158.21755790873988,5.835487508363449,1.0,1813.94140625,43.86604690551758,703.8988389079619,302.67130176311457
57799.7507812381,1964952.2816406249,2887988.55390625,3765867.4997656248,1828.2497911634396,1874.7838543567204,1913.561210817296,162.54984407980334,6.7380778704091915,1.0,1811.67578125,43.6406364440918,703.7267890330218,304.03945821778603
57799.7515220046,1969595.4240625,2884357.3713281252,3760790.686875,1861.3796827998417,1906.2489696529617,1943.922018917823,158.60381415327538,5.847297523599674,1.0,1764.673828125,42.4622917175293,703.9104874884612,303.3883703018379
57799.7522627413,1981318.0482031251,2883518.2971093752,3760495.1789843757,1922.906740805557,1964.9764179295914,2001.6087380591289,158.9857013396418,5.48338371263062,1.0,1809.66015625,42.5580940246582,703.9681938459026,303.3356357919501
57799.7530034781,1983009.7971875002,2883591.1947656255,3752982.1918750005,1913.924381259023,1956.246678926051,1992.6208091703736,160.23863415189476,5.669733665639306,1.0,1769.44140625,45.06524658203125,703.9931092989041,303.59126556704757
57799.7537557781,1981247.245703125,2885240.1070312504,3761490.5128125004,1899.2454481598625,1941.8134065821196,1978.7330467901916,157.87656472811923,6.064822308755993,1.0,1792.947265625,44.69169616699219,703.9865791722093,303.1470371911921
57799.7544965148,1990195.444453125,2882896.8953125,3750410.4352343753,1909.5589360118056,1950.8855516019435,1986.9329340534546,156.68687030713113,5.878309178385025,1.0,1757.216796875,43.27645492553711,703.7675965301863,303.51959566038306
57799.7552256882,1984366.897421875,2881379.963125,3745890.82109375,1902.8838800276649,1944.8734593199974,1980.7406251537634,155.75805625493012,6.112898049616111,1.0,1740.6953125,42.3568000793457,703.7126947342795,303.51679489716656
57799.7559664249,1980591.886328125,2876821.4009374995,3741876.0575,1900.1119721092057,1942.2190486733944,1978.2043975796626,155.42593202548017,5.964380157414487,1.0,1745.234375,40.684974670410156,703.7084253303339,303.5558332173939
57799.7567187548,1987002.8259375,2878329.9507812494,3739549.221171875,1957.4712223832921,1997.8661736457352,2032.7216696457876,156.69463702199812,5.589759426344609,1.0,1770.41796875,43.83384704589844,703.8725601365118,303.6150434121422
57799.7574594915,1995547.7771093752,2877001.8268750003,3730981.245390625,1997.6975155419038,2036.3305961394583,2070.0618778535827,157.12882883509465,5.497915830878218,1.0,1745.28125,41.82532501220703,703.9901791182504,303.5506323561999
57799.7581886649,1990247.6692968751,2873234.007109375,3725882.5739062503,1968.8877839195725,2008.40975317396,2042.526981668719,156.4436420688116,5.602314047561554,1.0,1718.28125,40.01121520996094,703.870995769569,303.7527827988621
57799.7589409649,1984376.4089062498,2872592.7096093753,3718402.8775,1905.9819321580387,1947.3378852454275,1982.232846259069,158.41338780508227,6.406812133269669,1.0,1752.44921875,44.570701599121094,703.8365210157518,304.0953091945278
57799.7596817017,1986381.0660937498,2874887.1980468747,3733623.723984375,1954.737524676502,1995.0768664389548,2029.579221972759,154.40317289623053,5.698423952961761,1.0,1744.70703125,43.488407135009766,703.6725033083402,303.5914473180057
57799.7604224682,1984888.7418749998,2874359.5920312502,3716449.7271875,1896.2546656468123,1937.8754104773075,1972.696424664854,158.42919422247607,6.297717313610177,1.0,1745.6796875,42.59931945800781,704.0495420077249,303.95785356716766
57799.7611632049,1990607.6461718748,2873150.931015625,3731194.282109375,1944.059674139086,1984.0538553783942,2018.621461833074,153.38863726494034,5.808914897632527,1.0,1743.734375,41.8372688293457,703.7293400759355,303.37554168834515
57799.7619039416,1996725.6549218749,2874373.00953125,3719871.90203125,1959.4687123413773,1998.5698634130536,2032.414695033595,157.26749033503037,6.140326186632733,1.0,1790.654296875,43.78201675415039,703.8420625311925,303.95487262802345
57799.7626446784,1993623.3771874998,2869408.5678906245,3710508.509609375,1949.6438886399194,1988.7910345456999,2022.5639376306995,157.60427505818618,6.160407961854583,1.0,1759.296875,42.78700256347656,704.0031832056289,303.86948508009397
57799.7633969784,1994839.263984375,2867837.4860156253,3723083.146484375,1969.6460459724217,2008.2291932008948,2042.1411505315832,152.9002795514679,5.852085145282562,1.0,1723.330078125,43.72734451293945,703.5317728453981,303.63620419901235
57799.7641377449,2001184.751953125,2867358.28015625,3711068.71375,2023.6173867661994,2060.4255266966657,2092.943691011566,154.3383967251302,5.848376582682178,1.0,1732.75390625,42.52428436279297,703.5903679766391,303.9865009455907
57799.7648668885,1991641.65015625,2866758.4547656253,3703327.6792187495,1902.4175485242733,1942.6535663772195,1976.7372096162271,155.23809851756434,6.022040834548116,1.0,1703.1640625,38.929264068603516,703.9174936238127,303.86933706695453
57799.7656076252,1999851.2330468749,2863945.57171875,3715596.3932031253,1982.2231419870232,2019.6656457834938,2052.9931078340737,150.64553090652223,5.531510386001613,1.0,1723.728515625,42.85533142089844,703.6833930973519,303.2785263196091
57799.7663483918,2007526.3445312497,2863644.731484375,3707384.2682031253,1992.0142268467155,2028.4575984455298,2061.1997368929174,151.1676526042023,5.848472239360203,1.0,1715.546875,43.35477066040039,703.744875560286,303.44198247969894
57799.7671006918,1971610.781796875,2860999.9234375004,3696056.408125,1846.9610865455782,1889.9707493598066,1924.7934998718817,154.40631424303675,6.343846222502629,1.0,1728.96875,43.01926803588867,703.8036889701474,303.91829812751337
57799.7678298652,1992168.31390625,2857243.56703125,3697368.8512499994,1951.5030882838857,1989.8300443927963,2023.0120580521848,152.18887601654686,6.155853867871139,1.0,1733.875,42.38466262817383,703.6020758631107,303.7527799085898
57799.7685706019,1993016.3610156253,2858215.373203125,3711464.153203125,1948.1025963964078,1986.3055289479569,2020.3388925178165,151.17359165401467,5.866619461599729,1.0,1777.3828125,42.031044006347656,703.650514126634,303.3560430759698
57799.7693113387,1986375.101171875,2855153.4348437497,3691162.9048437504,1933.0918217431586,1972.0065328936278,2005.393736654643,153.6766181534684,6.064898277956286,1.0,1695.19921875,40.5487060546875,703.7731435811093,303.8392742019739
57799.7700636685,1990877.8209374999,2854818.275625,3695245.7610937497,1933.2206980346477,1971.5596185301995,2005.0586120341372,151.7371939859279,5.819573085792106,1.0,1712.306640625,42.798221588134766,703.870917990823,303.3455983074873
57799.7708044052,1973771.5290624998,2850301.61515625,3673401.8102343753,1844.6421229781224,1886.2716724761215,1920.4463917284459,155.21464716300923,6.220587807115398,1.0,1702.859375,43.74843978881836,704.0443452177691,303.9506800677182
57799.7715451419,1981167.502109375,2848956.064375,3690280.56109375,1923.567666374537,1962.5971708707477,1996.2452445821189,150.8731107615074,5.923308450778696,1.0,1723.123046875,40.92736053466797,703.6851003342282,303.5120190700581
57799.7722858787,1980964.957421875,2844716.144296875,3678532.7895312496,1908.7438050960197,1947.6209350549784,1981.1794673831523,152.60380449636324,6.186019262986612,1.0,1707.703125,41.62505340576172,703.7859367987123,303.77138556645843
57799.7730266154,1985870.8480468749,2843654.003203125,3681683.345625,1947.6910944154201,1985.300707764966,2018.331642368775,150.5051422341349,6.191670107532995,1.0,1704.83203125,42.14939880371094,703.5636471265906,303.68121773732565
57799.7737557888,1979153.2917187498,2841684.8598437496,3680096.5667187497,1927.633057521442,1966.0647840983283,1999.3174447818824,149.12645877688493,5.626524134577562,1.0,1724.060546875,43.91261291503906,703.7809984466229,303.21287071948376
57799.7744849622,1980691.447890625,2839724.00984375,3659540.146328125,1930.269535996955,1968.3276617842105,2000.7336883757814,153.1925268475244,6.0540468102009095,1.0,1700.7109375,43.97992706298828,703.7802080191802,304.13341796162194
57799.7752372622,1983393.0193750001,2846503.837109375,3692007.8314062497,1969.3995068867644,2007.2721122463513,2040.1631523105339,147.89325638146028,5.792449882211842,1.0,1718.41796875,40.011234283447266,703.3063854472057,303.47919246168846
57799.775977999,1974242.70125,2839956.9309375,3677217.51953125,1895.7741404281558,1935.163067758668,1968.897537776894,149.35681028045786,6.028741258976195,1.0,1716.0390625,41.61781311035156,703.775035732454,303.34740747910286
57799.7767187357,1981956.3403125,2839022.42875,3669357.8303906247,1928.245591853813,1966.110756289201,1999.0283248734222,151.43596457039055,6.358365463056538,1.0,1734.6953125,43.775611877441406,703.5594108831319,303.9171434419884
57799.7774710655,1974584.3673437499,2838222.0578125,3676983.8947656257,1927.4885458653544,1965.9787621750554,1999.4300159066086,151.29111853910487,6.000369710690761,1.0,1737.509765625,43.043731689453125,703.7099677426864,303.6355881776982
57799.7782118022,1965255.949453125,2838804.6460156254,3686598.1589062503,1868.8104025152784,1909.4041549678964,1944.2203460928438,149.16379251599557,6.424592706384973,1.0,1769.18359375,43.70616149902344,703.4764557388066,303.3941994621991
57799.7789641321,1966585.6590625,2843756.18609375,3678260.551875,1876.045252574098,1916.9488257904704,1951.2081589796048,153.64932493721975,6.6614396196571475,1.0,1703.22265625,40.57112121582031,703.270869315765,304.34373382004725
57799.7797048688,1972551.2193749999,2837845.3239062503,3691492.0243749996,1922.164389794495,1960.906650758182,1995.1257007750942,148.07869117307263,6.128317930414669,1.0,1725.66015625,41.23431396484375,703.4112351623315,303.2007261835029
57799.7804571688,1960153.885625,2836301.90640625,3672981.353359375,1873.371532353805,1914.1421041259184,1948.681645497452,155.24847868862258,6.58383870668482,1.0,1735.1015625,41.89932632446289,703.5068920941397,304.24881728306525
57799.7811863422,1957585.8430468747,2844188.067421875,3707854.195,1844.1085320923999,1886.7493418882118,1923.013723370745,148.52645594838037,6.296795191420902,1.0,1705.9375,41.622684478759766,703.2508112402709,303.25010776332806
57799.781927079,1962668.236328125,2837153.8962499998,3685941.263046875,1891.7171961310548,1931.9495152270379,1966.6877622060983,152.57785115626035,6.5610432790586115,1.0,1713.701171875,41.75010681152344,703.1945749884577,304.00907705594034
57799.7826794088,1968513.2065625,2838418.278671875,3690519.69765625,1904.4587010230987,1943.9109922030664,1978.545091600353,150.994690279775,6.5554607081921175,1.0,1726.87109375,44.216304779052734,703.2448836506953,303.74678902503723
57799.7834201455,1960842.4671093752,2832489.851953125,3686817.0005468745,1908.96189918923,1948.4502296139656,1983.1133066103055,150.22846571705136,6.337934107560284,1.0,1718.646484375,43.0980339050293,703.2210077196862,303.65864497981056
57799.7841724455,1963297.7286718749,2832148.658984375,3681349.503828125,1924.2658789704635,1963.1413326003596,1997.28683185785,151.03541612318134,6.2122688018818275,1.0,1712.619140625,42.05155944824219,703.3396351553994,303.75417260876696
57799.7849131823,1960977.50640625,2831627.66609375,3675784.414921875,1913.6675403566442,1952.9935706320007,1987.0879731880207,151.74289261416388,6.426586170808048,1.0,1701.736328125,40.30012512207031,703.3125699417047,304.006337654419
57799.7856539488,1957668.1012499998,2827674.214375,3680341.04,1910.3700230941438,1949.8373022087865,1984.0894757163335,146.79932125127453,6.050464390607466,1.0,1716.375,42.579959869384766,703.0373677590701,303.495448816917
57799.7863946855,1954279.09453125,2820098.078359375,3661210.20296875,1912.428417000267,1951.3624151071408,1985.0622431003376,149.4552635649087,6.223413038401653,1.0,1706.0703125,44.399993896484375,703.3770958176683,303.729064065944
57799.7871238291,1951207.4240625002,2822796.533046875,3667196.5353125,1867.7042186101394,1908.1023725087157,1942.7162459684773,149.03413771612207,6.4267274845122495,1.0,1705.25390625,40.74440383911133,703.2448915953606,303.68332187997214
57799.7878645957,1910049.217578125,2813984.149375,3662450.008125,1756.897429278908,1803.4143017495683,1840.167022939783,147.3177813485894,6.521930834995298,1.0,1704.12109375,41.126792907714844,703.1244671664894,303.59883172677235
57799.7886168957,1927002.616953125,2806174.53359375,3652617.1526562497,1821.1976699264571,1863.359188024569,1898.7751510905139,146.78709917032617,6.410236505987541,1.0,1698.0703125,42.140357971191406,702.9856519730084,303.6944826938939
57799.7893576324,1920410.330390625,2803222.023515625,3636169.254921875,1820.32660929886,1863.0669778740646,1897.7764767609146,148.81229298278058,6.1987321574642,1.0,1671.673828125,41.44212341308594,703.4396481962233,303.79763454430594
57799.7900983691,1947694.2417187502,2805322.44125,3657033.2721093753,1907.804368004526,1946.0486385906124,1980.0347800131303,144.33346014831378,6.29063350115269,1.0,1695.05078125,43.7461051940918,702.821497990729,303.26442914865794
57799.7908391058,1950906.8146875002,2800367.8853125004,3646371.711640625,1953.9094949009066,1990.5930813448658,2023.5955669109455,144.86250349046654,6.0738758029776845,1.0,1721.833984375,43.82114791870117,702.9627944438537,303.486361305984
57799.7915914357,1956388.8796875,2796995.2499218746,3627776.179453125,2025.1833750829585,2059.695368669688,2090.8961620962777,147.80710000410517,5.9384253195999355,1.0,1685.337890625,41.795597076416016,703.2324016203809,303.87099900107495
57799.7923321724,1949932.58953125,2797036.0170312496,3633696.5279687503,1953.160410131195,1989.4967842728367,2021.9657265793774,146.33553010969214,6.3199256613757,1.0,1674.931640625,44.22006607055664,702.8415316530256,303.83139288233286
57799.7930729091,1943788.7442968749,2796759.379921875,3642862.072265625,1960.4998047204906,1997.3483247012196,2030.4033499009956,146.66715949959024,5.83765163168401,1.0,1683.6015625,43.958251953125,702.9830527046875,303.703522420805
57799.7938252389,1943236.49484375,2797458.02140625,3639137.574609375,1940.8146889633106,1978.09175923579,2011.1797872729403,147.52903201224893,5.946329430421033,1.0,1700.4765625,41.898250579833984,703.2980604439157,303.5008980539249
57799.7945544124,1923812.2059374999,2792240.565703125,3645323.2515625,1892.8286192393446,1932.2601439217372,1966.8492549700202,147.3009766945449,6.204974487367543,1.0,1715.201171875,42.45494079589844,703.1581538425855,303.3851098498214
57799.7952951491,1900725.46078125,2793392.29484375,3641298.3326562503,1792.5527768623479,1836.742226197633,1873.1037929950053,150.75549702159552,6.515493448943745,1.0,1719.478515625,41.634971618652344,703.0203842425352,304.04038282201327
57799.7960474491,1860225.41875,2791848.8121875,3653379.8269531247,1669.1787887084824,1721.1505121266057,1760.8438469810226,149.74975151557462,6.969720125406743,1.0,1743.3828125,43.658756256103516,703.005388386702,303.73926272035084
57799.7967881858,1791105.387578125,2783466.6478124997,3654274.804765625,1501.4361927496077,1567.4118114106716,1611.452320562204,147.81723885189527,7.610064379829653,1.0,1738.330078125,45.53944396972656,703.1714724157085,303.14884734322857
57799.7975405157,1785356.4342968748,2781458.6537500005,3636529.84296875,1489.2739639976617,1556.29445892781,1599.761011871004,150.5501269679823,7.850213995506547,1.0,1755.3515625,44.529659271240234,703.1570967241579,303.92666502245214
57799.7982928157,1790071.2057031249,2780830.312890625,3643666.028203125,1498.203805238543,1564.0736658733317,1607.883648685237,149.92723396243701,7.674735862017168,1.0,1742.66015625,44.30741882324219,703.1902843392244,303.6531865217192
57799.7990219891,1801858.122265625,2792046.94125,3658376.9328906247,1512.250147900214,1577.6284693710352,1620.8960572973247,146.72602407599203,7.649382277756287,1.0,1731.2578125,42.19782257080078,702.9673885420498,303.3005913316629
57799.7997743189,1853834.37125,2797719.858359375,3653191.0769531243,1618.492662871249,1673.6291316343436,1713.9392104882672,149.15097343971846,7.4543306888654435,1.0,1743.615234375,45.19098663330078,702.8084474932671,303.973225480163
57799.8005150557,1853853.7077343748,2792857.70875,3646689.118046875,1635.8088007167712,1689.6800742842497,1729.6835380491125,151.00289445364197,7.081347775076469,1.0,1734.12109375,45.52748107910156,703.0486412336977,304.0053132035107
57799.8012557924,1835550.559765625,2789059.333984375,3651705.5790625,1590.2092800682817,1647.5597839224258,1688.9738126436841,148.7589459459017,7.244512153203449,1.0,1732.080078125,44.29701232910156,703.1011020367941,303.5098235776219
57799.8019965291,1827009.428671875,2791140.0932031246,3651885.027265625,1581.852432781478,1640.7559488200116,1682.3555852513582,149.9395011125222,7.340744918002044,1.0,1760.474609375,46.19171142578125,702.970652034841,303.83002370495376
57799.8027488291,1805810.087421875,2790416.369140625,3671490.2923437497,1549.9543379417958,1612.5883562937718,1656.4714040380022,149.47267821798948,7.3021456301788925,1.0,1759.0234375,47.05577850341797,702.769844040307,303.5691717464523
57799.8034895957,1866588.837734375,2795910.56265625,3670446.3398437505,1690.8519180474227,1741.6291716288245,1781.8762901709845,150.39798735129907,6.968735273415148,1.0,1745.80859375,44.331295013427734,702.7264398531872,303.7290749666487
57799.8042303324,1912645.455,2800738.20671875,3663455.92296875,1890.5821188480309,1931.8175947105872,1967.6259720844096,153.3341037167222,5.95943041292235,1.0,1722.9296875,43.48292541503906,703.2279105406249,303.86393102715346
57799.804959476,1919964.42140625,2796553.363671875,3663002.608515625,1969.6890385326371,2008.2489509758145,2042.932326089169,153.39900166624992,5.758733431039316,1.0,1754.57421875,43.07111358642578,703.061657613719,303.91328932846
57799.8057002425,1913299.47453125,2797327.680703125,3682944.2321874998,1932.1749309006868,1972.1754191216971,2008.364353064158,149.57480031566652,5.91002229751568,1.0,1753.083984375,40.016666412353516,702.6100100761938,303.3857452788994
57799.8064525425,1917758.0075781252,2797980.574296875,3661225.0075000003,1919.9551755682753,1959.8334594705932,1995.245335778149,154.4639017636076,6.083387889498023,1.0,1758.91796875,42.224517822265625,703.0293858126641,304.0959421388813
57799.8071932793,1920406.3419531249,2797595.17765625,3670247.33078125,1962.4122908122185,2001.1480153290438,2036.219540802501,151.2376894531491,5.627177130322002,1.0,1764.453125,44.13685989379883,703.1102093873762,303.5387817242439
57799.8079456091,1913174.8438281252,2793863.865390625,3668956.33484375,1971.3359529695122,2010.2389113238721,2045.3987199853361,153.03796948481707,5.904833089996428,1.0,1746.3984375,43.62392044067383,702.74588045328,303.9098963482943
57799.8086863458,1917257.2429687497,2800709.1625,3681234.4515624996,1989.34311837402,2028.1005421185732,2063.3270045431486,153.13945757614195,5.651821960470362,1.0,1751.064453125,42.73426055908203,702.876887687233,303.8041238185082
57799.8094386458,1909970.9621093748,2795449.988125,3678520.25125,1991.9544174546368,2030.8776809354806,2066.216091592937,153.54371306558167,5.668319543285926,1.0,1750.16015625,41.88147735595703,702.6867971505891,303.8731211866496
57799.8101794124,1915184.824296875,2798644.850703125,3683624.841484375,1992.1099410576571,2030.7768057112696,2066.1119613889828,151.86523357383004,5.8002207306056235,1.0,1812.001953125,43.85591125488281,702.7238764479106,303.64411341549317
57799.8109201491,1914636.158359375,2791614.842890625,3662781.55640625,1944.4717071083533,1983.5865721120192,2018.8598274827505,152.7409378588021,6.001628898485359,1.0,1747.521484375,43.814754486083984,702.633189274634,303.94535368185825
57799.8116492927,1912745.680625,2794083.7078124997,3670166.1991406246,1927.6893020826176,1967.5808176157561,2003.4470917548733,151.55262324684278,5.935799231985679,1.0,1732.0546875,42.822792053222656,702.8480427388639,303.704240452146
57799.8123900592,1911495.085546875,2788021.7815624997,3652241.937734375,1928.0506290904764,1967.4773239275382,2002.3642885602915,149.68481675381392,6.053647589877132,1.0,1709.623046875,41.68629837036133,702.6840512124882,303.7503368975201
57799.8131192029,1902557.2108593748,2790085.20015625,3652979.4115624996,1866.256570476558,1908.1072436800819,1944.0944132737402,150.79708016147944,6.3006315803863675,1.0,1720.314453125,42.014244079589844,702.751763891163,303.884953892509
57799.8138599396,1898763.967578125,2789246.7009375,3647503.1999218753,1883.1850322708713,1924.8912090696294,1960.7084898585433,155.42040381269047,6.283963162679423,1.0,1767.59765625,44.239723205566406,702.9154306471522,304.325191556776
57799.8146122694,1893307.171015625,2790927.469609375,3682360.449453125,1878.7839134484352,1921.164599584559,1958.8210762589795,150.3069810453025,5.920040511651199,1.0,1767.48828125,41.29531478881836,702.6176998789465,303.4134472819919
57799.8153414428,1894841.845703125,2795189.2785937497,3672887.5300000003,1832.835793344229,1876.6157243705904,1914.6366329785358,155.24937806431203,6.520588786861271,1.0,1757.947265625,41.25785446166992,702.6941153009451,304.11866095111077
57799.8160937428,1895994.075390625,2790819.034296875,3675499.307734375,1875.9955265208187,1918.2580596138037,1955.6589316276134,152.23462292278512,6.279031981196748,1.0,1774.919921875,42.31346893310547,702.5015966281117,303.8409328695602
57799.8168229163,1901617.6174218748,2788926.509921875,3665025.827109375,1907.089256996859,1947.9750324500953,1984.1678886836664,151.6015945496819,6.0098556275026525,1.0,1747.96484375,40.5986213684082,702.6965123258436,303.80186112603855
57799.817563653,1897184.512265625,2789340.853359375,3664783.384765625,1849.9082717985245,1892.4929300219608,1929.685360577951,151.9147105403211,6.244202943875598,1.0,1736.29296875,43.24960708618164,702.6663106980228,303.8219798129469
57799.8183043897,1891975.5544531252,2790008.7128125,3659684.655078125,1851.1122292274213,1894.2550320087005,1931.2628856404165,154.5557677170144,6.380346415047511,1.0,1732.51171875,39.924781799316406,702.6723801170676,304.1482097626837
57799.8190567195,1888977.198671875,2786942.5006250003,3656547.38390625,1857.7439952124853,1900.697841108036,1937.8109687104961,156.02754445227583,6.3022004793213755,1.0,1745.6953125,43.18492889404297,702.8303955458557,304.30049178109795
57799.8197974563,1883060.08046875,2773043.945546875,3650095.62890625,1878.3183717898364,1920.02575069691,1956.8581260603858,151.81414663268126,6.046711052795316,1.0,1749.66015625,42.97367858886719,702.8569201174099,303.69542483562026
57799.8205266297,1834658.4571874999,2772470.095859375,3655492.6694531254,1644.4055861437355,1697.5824177616191,1739.491524641591,150.64628584770807,6.965441296094523,1.0,1777.48046875,42.35240936279297,702.589580072662,303.6832039628701
57799.8212789297,1883931.364609375,2773965.02953125,3634438.83828125,1829.0594723620936,1871.9654381345917,1908.7578773974917,153.99215507128173,6.375137968993624,1.0,1731.962890625,43.60137939453125,702.9202788757128,304.13890215812586
57799.8220196664,1886475.457578125,2772322.6106249997,3639861.461484375,1870.867559278409,1912.393979938497,1948.664132383832,151.46928705829103,6.093170399576811,1.0,1757.615234375,41.738834381103516,702.8316576428119,303.8400141211216
57799.8227604032,1883381.917109375,2777682.1025781254,3645241.08296875,1789.4752774912656,1833.8207789792039,1871.3958295964228,148.93143569956942,6.434364239628594,1.0,1734.375,43.00157165527344,702.6622640482639,303.6826956627203
57799.823512733,1871627.4686718748,2771243.8366406253,3631197.32875,1767.7308944323554,1813.289830146351,1851.1549787341842,152.13828263071395,6.6353920431164015,1.0,1730.87109375,41.89059829711914,702.7954462510239,304.196804770447
57799.8242534697,1882152.694375,2774567.045859375,3632782.416953125,1798.682779773754,1842.693366711161,1879.7666038846303,152.24448866683042,6.639098466907435,1.0,1776.8203125,42.618492126464844,702.8446092703034,304.1066818021029
57799.8249826431,1884485.4755468748,2774479.015546875,3638933.3550781254,1861.2724902775424,1903.4530875638611,1939.7318755158437,151.94743395372527,5.931751446032383,1.0,1745.841796875,43.653541564941406,703.0543246609735,303.8213847171774
57799.8257233799,1884028.73484375,2768609.3717968753,3628635.1802343754,1855.876980035157,1897.6342480035944,1933.6026782203912,150.42979892610964,6.206546373178875,1.0,1725.6171875,42.67050552368164,702.8030600882897,303.91359567627006
57799.8264641166,1864343.790546875,2769399.0769531247,3636239.644921875,1773.1229703887198,1818.9610999796382,1857.007907876313,150.55895775981708,6.380248466190118,1.0,1758.328125,42.585975646972656,702.6499897012935,303.9598837171533
57799.8272048533,1865807.4732812503,2767794.62984375,3626684.124140625,1776.6585521661464,1822.1419068658495,1859.6836224177734,152.79968881890588,6.491597970387241,1.0,1734.0234375,42.12266159057617,702.7048062524278,304.2352372561623
57799.8279571831,1877545.583984375,2767229.49078125,3627262.8117968747,1823.6847498280429,1866.7059779074268,1903.4593376427047,152.13476048690956,6.287533438827073,1.0,1742.36328125,42.209068298339844,702.9462020226199,304.0330214369945
57799.8286979198,1880001.7278906251,2766212.061328125,3621217.8249218753,1832.8333179077988,1875.3790622290521,1911.4860675131788,151.10743743526828,6.378956077298255,1.0,1730.669921875,43.72700119018555,702.5658497100123,304.1706373850232
57799.8294386566,1883079.81015625,2762358.439921875,3610812.600625,1850.8943942911383,1892.343276218358,1927.6360473612299,150.6896307934954,6.246854860185134,1.0,1739.970703125,42.607181549072266,702.7828983373086,304.1220117676284
57799.8301909864,1892291.551328125,2756819.4396875,3593476.7071875,1899.7658547222484,1938.7968245895636,1972.5399349849608,150.7729243227444,6.454346938977084,1.0,1692.755859375,42.83960723876953,702.6155781207885,304.42065000444165
57799.8309317231,1891391.7208593749,2755639.7665625,3604987.482265625,1901.7799100518587,1940.686395437081,1975.0336306642068,148.68103569483017,6.452494086246827,1.0,1698.71484375,42.17729568481445,702.3749032822876,304.086216150837
57799.8316724598,1897309.115,2754092.6503125,3609266.9284375003,1963.16055957906,2000.1217046739157,2033.8414060974003,148.86259174293318,5.788242575625147,1.0,1739.828125,42.351261138916016,702.8234591368134,303.81223220987704
57799.8324131966,1890790.951640625,2756106.6025,3600475.342734375,1955.9820678057447,1993.812201419996,2027.3667150577912,153.64793677280935,6.298762764010482,1.0,1725.798828125,43.88562774658203,702.6041002814048,304.55467000799814
57799.8331654966,1871014.4986718749,2755670.2475781245,3619817.2665625,1894.945730687229,1935.7565254824472,1971.5596649772758,153.4674169114534,6.193666843777667,1.0,1741.2734375,41.98788833618164,702.5645359357484,304.22491289905565
57799.8339062631,1862715.7336718747,2756228.9573437497,3642619.091796875,1884.9665738152057,1926.8577688325688,1964.2396391717036,152.66516554920358,5.938458558047424,1.0,1779.091796875,43.3504638671875,702.4573309571329,303.7952973593766
57799.8346585631,1858893.9681250001,2759175.5999999996,3625494.0535156247,1813.6980231820382,1858.0108612042027,1895.6964599231817,155.50684363496933,6.505526122049296,1.0,1789.119140625,43.38190841674805,702.7033184844236,304.3698908071356
57799.8353992999,1861666.3159375,2756479.9975781254,3621890.641796875,1811.5633922190855,1855.3081321721077,1892.901139370349,155.5113751311104,6.7393694505681285,1.0,1763.953125,43.19054412841797,702.5141655135905,304.3612519867522
57799.8361400366,1882930.6011718751,2756292.08625,3608297.305859375,1939.332388651279,1978.220416356812,2012.6267372312157,154.78359879055319,6.596721490042624,1.0,1744.109375,43.093502044677734,702.3124511463808,304.56330477774173
57799.8368807733,1878851.98046875,2753848.6903125,3603587.9685937497,1863.6504202456629,1904.422509957734,1939.8061124031005,152.63176928756891,6.543446487070398,1.0,1715.353515625,41.765235900878906,702.5617317546553,304.4168203581102
57799.8376215398,1883980.5040625,2748437.4228125,3601315.84703125,1890.7134083310002,1929.921020478251,1964.6108164675452,147.5711833342557,6.299645738037043,1.0,1715.646484375,42.55533981323242,702.222034111048,303.8839669191367
57799.8383738399,1886520.259921875,2745705.023984375,3589887.087421875,1921.6634096001678,1959.7131871852657,1993.4622602248264,149.7409173261785,6.2840989752460175,1.0,1705.7265625,41.897987365722656,702.6188458031073,304.1910145096748
57799.8391145766,1868910.80953125,2747044.297265625,3596309.0707031246,1802.9381137965263,1845.3802649342663,1881.6044614291336,150.30992719387658,6.935159502779827,1.0,1716.087890625,40.89802932739258,702.1938586964122,304.2054786210695
57799.83984375,1869859.80390625,2743086.479296875,3587888.9735156246,1781.4847573228715,1823.9422294897704,1860.160289794083,148.8662596945484,6.894590042632751,1.0,1713.21875,42.68644714355469,702.5232597120951,304.1530020985204
57799.8405844867,1881733.70109375,2743069.953125,3580567.8430468757,1882.7226683069484,1921.7748598296234,1955.7842058153544,149.4849228077242,6.567939979527287,1.0,1717.0234375,41.33327102661133,702.5257140850763,304.35600887002084
57799.8413252234,1875794.83609375,2742422.655625,3589658.20890625,1847.6743869561062,1888.0041206951755,1923.0805842526888,148.2516612589378,6.6281088117712565,1.0,1723.724609375,42.879085540771484,702.4969461364834,304.0541382407687
57799.8420659602,1882093.8755468752,2746508.0325781247,3583984.39953125,1897.5962321859975,1936.6706479914194,1970.5248996465264,150.43519869339755,6.518698970834671,1.0,1694.26953125,41.33127975463867,702.3726822692054,304.47331959501844
57799.84281829,1868212.711484375,2746587.3971875003,3598260.5692187496,1815.8473574068971,1858.1078100904338,1893.8550984102278,147.063159670921,6.338743321462606,1.0,1678.5703125,41.74985122680664,702.4762034975959,303.82621993672393
57799.8435590267,1856785.8138281251,2738876.8226562496,3568359.860859375,1772.587541499791,1816.3268529147674,1852.024071281988,152.84874946304487,7.055692727801768,1.0,1693.16015625,42.70560836791992,702.4433974125824,304.779622951735
57799.8442997634,1865065.030703125,2740422.36234375,3583097.051015625,1827.3083842442004,1868.975291140914,1904.1805411557066,149.0054885359438,6.408671652427455,1.0,1705.51953125,44.42945098876953,702.5049290679642,304.18759162958963
57799.8450405002,1866014.39984375,2743322.373515625,3592306.117109375,1827.200538767787,1868.9545946150718,1904.6044494669866,149.11151344231305,6.409536022772608,1.0,1710.537109375,42.13552474975586,702.5910172036001,304.07232772640265
57799.84579283,1867463.46015625,2740983.9036718747,3582433.4574218746,1828.8131674628758,1870.173130676795,1905.644399099447,152.68744157462385,6.794371707799046,1.0,1734.91796875,43.22472381591797,702.6110762873523,304.56016361253444
57799.8465220034,1870010.353203125,2737984.88125,3571094.5365624996,1863.616867998811,1903.7665263898732,1938.0401204946327,152.20464856281617,6.578627210472777,1.0,1718.68359375,40.000362396240234,702.6448262574269,304.64321782735465
57799.8472743034,1857437.782734375,2740267.6853125,3587148.6437500003,1779.605800435205,1823.209073463014,1859.624121757516,149.53825607064508,7.061461957152274,1.0,1706.498046875,43.10468673706055,702.1334750920565,304.13318536602645
57799.8480150402,1871225.657734375,2738639.05765625,3576737.985859375,1878.4088776448514,1918.093591708693,1952.2664713198535,150.60203783956447,6.629778361144488,1.0,1738.17578125,43.33366012573242,702.2201896615063,304.4013988672602
57799.8487557769,1850704.9474218749,2733492.5540625,3562819.51421875,1791.9686500477364,1835.3361376910823,1870.6764600105814,153.02011706580913,7.327486823527991,1.0,1715.650390625,42.608116149902344,702.2500198996506,304.7654496640332
57799.8495081067,1861894.406484375,2732314.20453125,3558238.16609375,1801.6468793132738,1843.3938256146153,1878.4116936184826,153.7733626661891,7.0911217784860465,1.0,1726.462890625,43.646484375,702.5366704859506,304.8676183011513
57799.8502488434,1870191.712109375,2732251.07328125,3566093.132578125,1861.4464012037638,1901.098922258043,1935.3986758890735,151.4166565825275,6.784473893384446,1.0,1714.56640625,43.79340744018555,702.2843205770001,304.6192797497014
57799.8509895802,1880984.214140625,2733746.57734375,3568790.338359375,1889.3809559328806,1927.4967344995289,1961.0189830691077,147.77271312606413,6.486946063898271,1.0,1669.650390625,40.646610260009766,702.3163283240966,304.1898119053357
57799.8517303169,1877667.9577343753,2731815.5715624997,3545321.671171875,1839.027485858734,1878.3781772128953,1911.625628967002,150.30077993090774,7.0188547896796045,1.0,1684.13671875,41.63765335083008,702.3205435092149,304.77163656901604
57799.8524826467,1864215.534765625,2728853.6999218753,3539217.8014843753,1778.8167629501202,1820.6769394139158,1854.696772319453,149.5989755240208,7.264605424034744,1.0,1654.599609375,42.70856475830078,702.1238000520822,304.7074453465117
57799.8532349467,1876699.863828125,2727614.958984375,3550192.7896875,1808.8648859026648,1848.702097772376,1882.7158355860633,145.5513535843144,6.793565391476572,1.0,1667.853515625,43.084510803222656,702.602977646309,304.24392837675794
57799.8539756835,1872689.3653906253,2723945.46703125,3530505.591171875,1828.7214249412245,1868.1653305459954,1901.119289003967,150.08219825994772,7.1613872978160265,1.0,1665.650390625,41.313011169433594,702.2048467363209,304.820548541565
57799.85471645,1890615.25796875,2728299.3293749997,3548796.86609375,1969.0234679465398,2004.3156148327303,2035.797540680314,148.23530441847993,6.569843526170607,1.0,1670.130859375,42.44650650024414,702.1919565546004,304.4656383573041
57799.85546875,1888543.5525781251,2718601.5726562496,3533795.649921875,1999.8734082339265,2034.0166078363222,2064.764573742413,149.20030560938875,6.320442769230861,1.0,1693.765625,42.982566833496094,702.4304866874862,304.66150167583805
57799.8562094867,1886471.8178125,2721350.8880468747,3546984.610546875,1993.506839351207,2028.102460444199,2059.5890613672163,149.450003705187,6.3391793788202095,1.0,1687.4609375,43.577640533447266,702.3696801286377,304.5414967415595
57799.8569618165,1868531.163828125,2724396.6771874996,3561685.1422656253,1869.6051263744637,1908.3701599244419,1942.5622214818793,149.79667429006454,6.811599439586123,1.0,1714.857421875,41.87580871582031,702.3581206914915,304.3661717393482
57799.8577025533,1864030.5792187501,2726048.66515625,3559877.705,1872.3275357614796,1911.509115737385,1945.8154260516958,153.7872862527853,6.771289608104068,1.0,1693.36328125,43.68465805053711,702.3183117193685,304.7481126272757
57799.8584548533,1866634.3092968748,2734905.546796875,3597478.96609375,1830.4707932483661,1871.1011275900025,1907.6934390520778,150.57593294407982,6.571123423832645,1.0,1727.126953125,41.11809539794922,702.3791541165917,303.98172711238306
57799.85919559,1859547.741171875,2730033.1953125,3574543.8091406254,1868.291730889859,1908.3765674234266,1943.5928459626195,156.5248890693796,6.666312361527498,1.0,1752.013671875,44.994590759277344,702.4020288226568,304.76997383676235
57799.8599247634,1850235.04578125,2736292.43765625,3595938.2404687507,1811.572307530162,1854.4146624478337,1891.7672601783602,156.42774550872645,6.891750250417076,1.0,1744.029296875,44.081382751464844,702.2051023502609,304.58245657734653
57799.8606770933,1864179.4352343748,2746631.791015625,3608654.08,1898.3118257753172,1938.8916315747197,1974.7920070657199,156.91041066928898,6.490872992521725,1.0,1745.26953125,42.91033172607422,702.3389592309773,304.57604176022977
57799.86141783,1865723.874296875,2751671.165859375,3610523.3246093746,1917.2240948346266,1957.6446786261536,1993.4148658018248,160.75608909803967,6.712494688971765,1.0,1795.03515625,40.84669494628906,702.2767020404355,304.92590519983526
57799.8621585667,1863380.9578125,2758375.603359375,3648306.055859375,1891.3935960314138,1933.0811255729193,1971.1822004728374,159.0759084891039,6.467467311354138,1.0,1774.486328125,42.03582000732422,702.3655925860069,304.35965175678274
57799.8629108667,1863504.651328125,2773888.7905468745,3686617.7056250004,1886.6929973297447,1930.0026703017345,1969.7607503182367,159.52298090239486,6.22767864384481,1.0,1817.54296875,41.9866943359375,702.467892035782,304.053421760888
57799.8636400402,1867119.8832031249,2788731.07734375,3683243.3342968747,1876.7746409690799,1921.2984981908435,1960.961205263371,169.47854868187449,6.838725523779435,1.0,1884.8359375,45.07014083862305,702.4212668971202,305.0753620735817
57799.86439237,1859802.47953125,2809990.18015625,3743303.769609375,1833.6507477859452,1882.0289280960017,1925.3687477156618,170.9843806348128,6.771599585142216,1.0,1887.666015625,45.58260726928711,702.2155020114433,304.5968885408637
57799.8651331067,1865969.8180468748,2836170.42171875,3816886.590859375,1890.794784898952,1939.671355863179,1985.1314405984901,169.9443202786782,5.954955680733546,1.0,1942.873046875,45.12540054321289,702.3982273345607,303.8683547790792
57799.8658854067,1866022.2340624998,2871236.135703125,3847993.75,1867.3891389087873,1920.44234371497,1967.7623816364353,186.22378157631195,6.777097684451418,1.0,2059.453125,46.72658157348633,702.4376937599334,305.15501050368397
57799.8666261435,1855773.98765625,2912074.55328125,3963947.9398437496,1796.9069672900316,1857.690026077952,1912.447404440121,184.7990060014696,6.365062711846449,1.0,2090.20703125,46.67030334472656,702.5311132217013,304.07689983350207
57799.86736691,1880684.4821875002,2965937.43109375,4025965.4038281245,1852.4890160046089,1914.6684015440098,1970.2256034270945,200.3809001454878,6.856781256569694,1.0,2162.0703125,45.9295654296875,702.410258491904,305.0260482808691
57799.8681076467,1881324.5028125,3028854.13859375,4161388.064765625,1775.4457141404982,1847.9041317207227,1912.263074955147,204.71123976182818,6.906084543195056,1.0,2268.48046875,45.56818771362305,702.3486163369763,304.50281902201215
57799.8688599467,1910869.040859375,3111688.5415625,4294427.544296876,1860.8798028137173,1936.411202223505,2004.048152576544,219.6271477526457,6.752857758813561,1.0,2419.091796875,48.8511848449707,702.3531450870048,304.81140014136116
57799.8695775568,1925006.69484375,3195985.266796875,4460064.665546875,1817.3060183392317,1903.57282702728,1981.4294654824655,230.39514745149543,6.7580025747856025,1.0,2554.10546875,51.77375793457031,702.4017528472289,304.6206139093165
57799.8703067005,1959647.40796875,3310071.0755468747,4652451.457812499,1809.3828783507238,1906.8292739250312,1994.4574385835585,246.51638331806535,7.0606278298202145,1.0,2671.931640625,48.97164535522461,702.3199031806207,304.6912353402821
57799.8710358739,1997194.376875,3451599.401328125,4882613.963593749,1836.4504712846042,1947.5334207489436,2045.8363645917616,270.30848204585857,7.109482842149009,1.0,2913.15625,56.652610778808594,702.2997170871784,305.01677409908467
57799.8717650473,2025553.725859375,3613047.8826562497,5201817.558203125,1849.4418410226353,1980.0294159802204,2097.016160867729,288.7160912461351,6.509492059382433,1.0,3205.298828125,54.65662384033203,702.4751626458008,304.5274992990863
57799.8724942207,2071270.30765625,3813617.5571875,5553703.048203126,1832.6108529125572,1990.0452857089367,2130.163893803792,323.0922299558854,7.105522325187363,1.0,3544.240234375,59.7530632019043,702.253050267702,304.8041598536409
57799.8732349575,2128379.20234375,4060848.2375781247,6007309.143515624,1836.9071285893851,2028.388630393151,2197.567228227188,352.89854748817964,6.843353980963173,1.0,3855.400390625,59.851200103759766,702.4722955139565,304.5117641132318
57799.8739641309,2221900.05484375,4358369.565625,6509281.578203125,1918.1240699329776,2141.101608046999,2337.7013300433246,398.52046413741806,7.184162459720715,1.0,4316.3671875,70.15547180175781,702.430046533456,304.79716797081977
